Dispatch_ID,Kernel_Name,GPU_ID,queue-id,queue-index,pid,tid,Grid_Size,Workgroup_Size,LDS_Per_Workgroup,Scratch_Per_Workitem,Arch_VGPR,Accum_VGPR,SGPR,wave_size,sig,obj,GRBM_COUNT,GRBM_GUI_ACTIVE,SQ_WAVES,SQ_IFETCH,SQ_IFETCH_LEVEL,SQ_ACCUM_PREV_HIRES,DispatchNs,Start_Timestamp,End_Timestamp,CompleteNs
0,"void init_kernel<double>(double*, double*, double*, double, double, double) [clone .kd]",2,0,0,1093612,1093612,33554432,1024,0,0,12,4,32,64,0x0,0x7f69d86f5380,348218726,348218726,524288,2621440,383649,42920500,380971064869001,381960359710622,381960570254218,380971291962464
1,"void copy_kernel<double>(double const*, double*) [clone .kd]",2,0,2,1093612,1093612,33554432,1024,0,0,8,0,16,64,0x0,0x7f69d86f5200,116501971,116501971,524288,1572864,232520,25966580,380971291928984,381960570336288,381960634059429,380971361692616
2,"void mul_kernel<double>(double*, double const*) [clone .kd]",2,0,4,1093612,1093612,33554432,1024,0,0,8,0,16,64,0x0,0x7f69d86f5280,119290111,119290111,524288,2097152,301450,34029948,380971361651197,381960634093901,381960698142649,380971432999493
3,"void add_kernel<double>(double const*, double const*, double*) [clone .kd]",2,0,6,1093612,1093612,33554432,1024,0,0,8,0,16,64,0x0,0x7f69d86f5240,80707010,80707010,524288,2621440,386297,43101608,380971432950283,381960698174809,381960749863856,380971481281305
4,"void triad_kernel<double>(double*, double const*, double const*) [clone .kd]",2,0,8,1093612,1093612,33554432,1024,0,0,8,0,16,64,0x0,0x7f69d86f52c0,81068779,81068779,524288,2621440,384381,42923992,380971481275566,381960749903225,381960801063174,380971529794526
5,"void dot_kernel<double>(double const*, double const*, double*, int) [clone .kd]",2,0,10,1093612,1093612,16777216,1024,8192,0,20,4,32,64,0x0,0x7f69d86f5340,32056216,32056216,262144,10125312,1493605,167133856,380971529767947,381960801096614,381960820245454,380971549220337
6,"void copy_kernel<double>(double const*, double*) [clone .kd]",2,0,12,1093612,1093612,33554432,1024,0,0,8,0,16,64,0x0,0x7f69d86f5200,115665271,115665271,524288,1572864,225897,25165824,380971549196217,381960820294633,381960884162099,380971618414185
7,"void mul_kernel<double>(double*, double const*) [clone .kd]",2,0,14,1093612,1093612,33554432,1024,0,0,8,0,16,64,0x0,0x7f69d86f5280,114846464,114846464,524288,2097152,298523,33554608,380971618348835,381960884192942,381960947742641,380971687157467
8,"void add_kernel<double>(double const*, double const*, double*) [clone .kd]",2,0,16,1093612,1093612,33554432,1024,0,0,8,0,16,64,0x0,0x7f69d86f5240,81886314,81886314,524288,2621440,375181,41943052,380971687100488,381960947770161,381960998740320,380971736152103
9,"void triad_kernel<double>(double*, double const*, double const*) [clone .kd]",2,0,18,1093612,1093612,33554432,1024,0,0,8,0,16,64,0x0,0x7f69d86f52c0,80770534,80770534,524288,2621440,374226,41943080,380971736140413,381960998772992,381961049523304,380971784468166
10,"void dot_kernel<double>(double const*, double const*, double*, int) [clone .kd]",2,0,20,1093612,1093612,16777216,1024,8192,0,20,4,32,64,0x0,0x7f69d86f5340,32069925,32069925,262144,10125312,1445082,162077376,380971784448316,381961049551944,381961068679011,380971803864146
11,"void copy_kernel<double>(double const*, double*) [clone .kd]",2,0,22,1093612,1093612,33554432,1024,0,0,8,0,16,64,0x0,0x7f69d86f5200,124003385,124003385,524288,1572864,224540,25165824,380971803853166,381961068725171,381961134609946,380971877915734
12,"void mul_kernel<double>(double*, double const*) [clone .kd]",2,0,24,1093612,1093612,33554432,1024,0,0,8,0,16,64,0x0,0x7f69d86f5280,142941266,119644324,524605,2138515,784403,88021276,380971877870324,381961134639764,381961199812028,380971963246776
13,"void add_kernel<double>(double const*, double const*, double*) [clone .kd]",2,0,26,1093612,1093612,33554432,1024,0,0,8,0,16,64,0x0,0x7f69d86f5240,82246350,82246350,524288,2621440,384635,43117484,380971963266196,381961199844175,381961262841313,380972012615878
14,"void triad_kernel<double>(double*, double const*, double const*) [clone .kd]",2,0,28,1093612,1093612,33554432,1024,0,0,8,0,16,64,0x0,0x7f69d86f52c0,80447685,80447685,524288,2621440,384559,43164644,380972012613698,381961263631234,381961315123379,380972060834872
15,"void dot_kernel<double>(double const*, double const*, double*, int) [clone .kd]",2,0,30,1093612,1093612,16777216,1024,8192,0,20,4,32,64,0x0,0x7f69d86f5340,32643455,32643455,262144,10125312,1498646,167900652,380972060821432,381961315333449,381961334482114,380972080587629
16,"void copy_kernel<double>(double const*, double*) [clone .kd]",2,0,32,1093612,1093612,33554432,1024,0,0,8,0,16,64,0x0,0x7f69d86f5200,119818931,119818931,524288,1572864,232855,26032820,380972080592189,381961334623823,381961398845192,380972152267591
17,"void mul_kernel<double>(double*, double const*) [clone .kd]",2,0,34,1093612,1093612,33554432,1024,0,0,8,0,16,64,0x0,0x7f69d86f5280,147846724,115631905,524709,2342175,586787,65613920,380972152210991,381961398908742,381961462513304,380972240534412
18,"void add_kernel<double>(double const*, double const*, double*) [clone .kd]",2,0,36,1093612,1093612,33554432,1024,0,0,8,0,16,64,0x0,0x7f69d86f5240,81494229,81494229,524288,2621440,384454,43109964,380972240524863,381961462583100,381961642037137,380972289418069
19,"void triad_kernel<double>(double*, double const*, double const*) [clone .kd]",2,0,38,1093612,1093612,33554432,1024,0,0,8,0,16,64,0x0,0x7f69d86f52c0,80331659,80331659,524288,2621440,384841,43100604,380972289378930,381961642179377,381961692810335,380972337557384
20,"void dot_kernel<double>(double const*, double const*, double*, int) [clone .kd]",2,0,40,1093612,1093612,16777216,1024,8192,0,20,4,32,64,0x0,0x7f69d86f5340,32001465,32001465,262144,10125312,1510021,168921452,380972337530254,381961692846496,381961711972758,380972356897075
21,"void copy_kernel<double>(double const*, double*) [clone .kd]",2,0,42,1093612,1093612,33554432,1024,0,0,8,0,16,64,0x0,0x7f69d86f5200,118251226,118251226,524288,1572864,231414,26048968,380972356900155,381961712034895,381961942855193,380972427535188
22,"void mul_kernel<double>(double*, double const*) [clone .kd]",2,0,44,1093612,1093612,33554432,1024,0,0,8,0,16,64,0x0,0x7f69d86f5280,155388763,113981043,524288,2097152,329629,36965688,380972427534828,381961942954015,381962282497003,380972520349843
23,"void add_kernel<double>(double const*, double const*, double*) [clone .kd]",2,0,46,1093612,1093612,33554432,1024,0,0,8,0,16,64,0x0,0x7f69d86f5240,81470118,81470118,524288,2621440,384559,43115140,380972520334163,381962282831677,381962400322542,380972569375959
24,"void triad_kernel<double>(double*, double const*, double const*) [clone .kd]",2,0,48,1093612,1093612,33554432,1024,0,0,8,0,16,64,0x0,0x7f69d86f52c0,82306058,82306058,524288,2621440,383465,42952828,380972569347119,381962400379733,381962591636616,380972618672511
25,"void dot_kernel<double>(double const*, double const*, double*, int) [clone .kd]",2,0,50,1093612,1093612,16777216,1024,8192,0,20,4,32,64,0x0,0x7f69d86f5340,32035619,32035619,262144,10125312,1489584,166855120,380972618629032,381962591682536,381962611183040,380972638094472
26,"void copy_kernel<double>(double const*, double*) [clone .kd]",2,0,52,1093612,1093612,33554432,1024,0,0,8,0,16,64,0x0,0x7f69d86f5200,121605133,121605133,524288,1572864,231002,26017420,380972638074832,381962611236691,381962791818703,380972710803693
27,"void mul_kernel<double>(double*, double const*) [clone .kd]",2,0,54,1093612,1093612,33554432,1024,0,0,8,0,16,64,0x0,0x7f69d86f5280,147324164,116001140,524412,2206992,597815,67025648,380972710724034,381962791863039,381963117779924,380972798924686
28,"void add_kernel<double>(double const*, double const*, double*) [clone .kd]",2,0,56,1093612,1093612,33554432,1024,0,0,8,0,16,64,0x0,0x7f69d86f5240,82385182,82385182,524288,2621440,384006,43086468,380972798907767,381963117812496,381963234591998,380972848428077
29,"void triad_kernel<double>(double*, double const*, double const*) [clone .kd]",2,0,58,1093612,1093612,33554432,1024,0,0,8,0,16,64,0x0,0x7f69d86f52c0,81048525,81048525,524288,2621440,385460,43092912,380972848402417,381963234636270,381963424866579,380972897051707
30,"void dot_kernel<double>(double const*, double const*, double*, int) [clone .kd]",2,0,60,1093612,1093612,16777216,1024,8192,0,20,4,32,64,0x0,0x7f69d86f5340,32003098,32003098,262144,10125312,1515382,169646800,380972896987147,381963424897459,381963445365003,380972916417457
31,"void copy_kernel<double>(double const*, double*) [clone .kd]",2,0,62,1093612,1093612,33554432,1024,0,0,8,0,16,64,0x0,0x7f69d86f5200,116312935,116312935,524288,1572864,232830,26040124,380972916396868,381963445424435,381963625222415,380972985883853
32,"void mul_kernel<double>(double*, double const*) [clone .kd]",2,0,64,1093612,1093612,33554432,1024,0,0,8,0,16,64,0x0,0x7f69d86f5280,116064423,116064423,524288,2097152,299901,33554560,380972985861713,381963625268613,381963982465031,380973055192689
33,"void add_kernel<double>(double const*, double const*, double*) [clone .kd]",2,0,66,1093612,1093612,33554432,1024,0,0,8,0,16,64,0x0,0x7f69d86f5240,115207453,81656398,524805,2700992,794400,88847768,380973055174400,381963982546375,381964103338208,380973123952792
34,"void triad_kernel<double>(double*, double const*, double const*) [clone .kd]",2,0,68,1093612,1093612,33554432,1024,0,0,8,0,16,64,0x0,0x7f69d86f52c0,80912478,80912478,524288,2621440,385214,43139120,380973123966681,381964103387547,381964285464413,380973172488452
35,"void dot_kernel<double>(double const*, double const*, double*, int) [clone .kd]",2,0,70,1093612,1093612,16777216,1024,8192,0,20,4,32,64,0x0,0x7f69d86f5340,32062757,32062757,262144,10125312,1492738,167158756,380973172475902,381964285501853,381964305448277,380973191829383
36,"void copy_kernel<double>(double const*, double*) [clone .kd]",2,0,72,1093612,1093612,33554432,1024,0,0,8,0,16,64,0x0,0x7f69d86f5200,115634524,115634524,524288,1572864,232336,26048716,380973191824613,381964305492514,381964536319996,380973260893052
37,"void mul_kernel<double>(double*, double const*) [clone .kd]",2,0,74,1093612,1093612,33554432,1024,0,0,8,0,16,64,0x0,0x7f69d86f5280,116022081,116022081,524288,2097152,303459,34006060,380973260874693,381964536595809,381964908129208,380973330239929
38,"void add_kernel<double>(double const*, double const*, double*) [clone .kd]",2,0,76,1093612,1093612,33554432,1024,0,0,8,0,16,64,0x0,0x7f69d86f5240,80456378,80456378,524288,2621440,375072,41943056,380973330206489,381964908274651,381965128970439,380973378335024
39,"void triad_kernel<double>(double*, double const*, double const*) [clone .kd]",2,0,78,1093612,1093612,33554432,1024,0,0,8,0,16,64,0x0,0x7f69d86f52c0,122471135,81200914,524438,2660026,624249,70180596,380973378314184,381965129125974,381965366225302,380973451415682
40,"void dot_kernel<double>(double const*, double const*, double*, int) [clone .kd]",2,0,80,1093612,1093612,16777216,1024,8192,0,20,4,32,64,0x0,0x7f69d86f5340,32000640,32000640,262144,10125312,1524363,170584788,380973451401932,381965366277302,381965385789805,380973470789703
41,"void copy_kernel<double>(double const*, double*) [clone .kd]",2,0,82,1093612,1093612,33554432,1024,0,0,8,0,16,64,0x0,0x7f69d86f5200,116809129,116809129,524288,1572864,233106,26034224,380973470781003,381965385832361,381965803369214,380973540554595
42,"void mul_kernel<double>(double*, double const*) [clone .kd]",2,0,84,1093612,1093612,33554432,1024,0,0,8,0,16,64,0x0,0x7f69d86f5280,119584215,119584215,524288,2097152,302865,34009992,380973540514465,381965803507375,381966231146487,380973612041989
43,"void add_kernel<double>(double const*, double const*, double*) [clone .kd]",2,0,86,1093612,1093612,33554432,1024,0,0,8,0,16,64,0x0,0x7f69d86f5240,81366032,81366032,524288,2621440,386316,43067044,380973611991700,381966231417852,381966620303114,380973660727118
44,"void triad_kernel<double>(double*, double const*, double const*) [clone .kd]",2,0,88,1093612,1093612,33554432,1024,0,0,8,0,16,64,0x0,0x7f69d86f52c0,80543302,80543302,524288,2621440,375226,41943072,380973660692498,381966620451694,381966803274474,380973708927292
45,"void dot_kernel<double>(double const*, double const*, double*, int) [clone .kd]",2,0,90,1093612,1093612,16777216,1024,8192,0,20,4,32,64,0x0,0x7f69d86f5340,31990046,31990046,262144,10125312,1447386,162101584,380973708887853,381966803343594,381966846562366,380973728261163
46,"void copy_kernel<double>(double const*, double*) [clone .kd]",2,0,92,1093612,1093612,33554432,1024,0,0,8,0,16,64,0x0,0x7f69d86f5200,154290180,113844593,524288,1572864,256884,28861684,380973728246683,381966846681168,381967285311461,380973820274006
47,"void mul_kernel<double>(double*, double const*) [clone .kd]",2,0,94,1093612,1093612,33554432,1024,0,0,8,0,16,64,0x0,0x7f69d86f5280,115989229,115989229,524288,2097152,303426,34038460,380973820245647,381967285455092,381967816508385,380973889678282
48,"void add_kernel<double>(double const*, double const*, double*) [clone .kd]",2,0,96,1093612,1093612,33554432,1024,0,0,8,0,16,64,0x0,0x7f69d86f5240,81337793,81337793,524288,2621440,385200,43115584,380973889634062,381967816794380,381968188716273,380973938389401
49,"void triad_kernel<double>(double*, double const*, double const*) [clone .kd]",2,0,98,1093612,1093612,33554432,1024,0,0,8,0,16,64,0x0,0x7f69d86f52c0,80707534,80707534,524288,2621440,386622,43118140,380973938340791,381968188785183,381968583609182,380973986702064
50,"void dot_kernel<double>(double const*, double const*, double*, int) [clone .kd]",2,0,100,1093612,1093612,16777216,1024,8192,0,20,4,32,64,0x0,0x7f69d86f5340,31986544,31986544,262144,10125312,1477774,165779892,380973986650634,381968583822942,381968606267129,380974006069194
51,"void copy_kernel<double>(double const*, double*) [clone .kd]",2,0,102,1093612,1093612,33554432,1024,0,0,8,0,16,64,0x0,0x7f69d86f5200,111905309,111905309,524288,1572864,225578,25165824,380974006037705,381968606310214,381969071380052,380974072995926
52,"void mul_kernel<double>(double*, double const*) [clone .kd]",2,0,104,1093612,1093612,33554432,1024,0,0,8,0,16,64,0x0,0x7f69d86f5280,127809056,112589665,524288,2097152,330790,37108932,380974072929366,381969071586432,381969594628028,380974149258801
53,"void add_kernel<double>(double const*, double const*, double*) [clone .kd]",2,0,106,1093612,1093612,33554432,1024,0,0,8,0,16,64,0x0,0x7f69d86f5240,81185106,81185106,524288,2621440,383779,43114908,380974149246961,381969594813106,381969805727914,380974197919260
54,"void triad_kernel<double>(double*, double const*, double const*) [clone .kd]",2,0,108,1093612,1093612,33554432,1024,0,0,8,0,16,64,0x0,0x7f69d86f52c0,80617100,80617100,524288,2621440,385733,43149008,380974197907470,381969805916173,381970140841856,380974246162564
55,"void dot_kernel<double>(double const*, double const*, double*, int) [clone .kd]",2,0,110,1093612,1093612,16777216,1024,8192,0,20,4,32,64,0x0,0x7f69d86f5340,32026573,32026573,262144,10125312,1500469,168014144,380974246149244,381970140919296,381970163461083,380974265481955
56,"void copy_kernel<double>(double const*, double*) [clone .kd]",2,0,112,1093612,1093612,33554432,1024,0,0,8,0,16,64,0x0,0x7f69d86f5200,114711130,114711130,524288,1572864,230295,25976572,380974265494965,381970163505248,381970552729403,380974334050519
57,"void mul_kernel<double>(double*, double const*) [clone .kd]",2,0,114,1093612,1093612,33554432,1024,0,0,8,0,16,64,0x0,0x7f69d86f5280,117054722,117054722,524288,2097152,301408,33554584,380974334013220,381970552873579,381971077333091,380974404041009
58,"void add_kernel<double>(double const*, double const*, double*) [clone .kd]",2,0,116,1093612,1093612,33554432,1024,0,0,8,0,16,64,0x0,0x7f69d86f5240,81274748,81274748,524288,2621440,374822,41943064,380974403999960,381971077465207,381971284853610,380974452660399
59,"void triad_kernel<double>(double*, double const*, double const*) [clone .kd]",2,0,118,1093612,1093612,33554432,1024,0,0,8,0,16,64,0x0,0x7f69d86f52c0,81791589,81791589,524288,2621440,374356,41943060,380974452645069,381971284885933,381971506385556,380974501584175
60,"void dot_kernel<double>(double const*, double const*, double*, int) [clone .kd]",2,0,120,1093612,1093612,16777216,1024,8192,0,20,4,32,64,0x0,0x7f69d86f5340,65776363,32139281,263777,10708323,1996220,223669668,380974501562496,381971506579156,381971527228460,380974540966490
61,"void copy_kernel<double>(double const*, double*) [clone .kd]",2,0,122,1093612,1093612,33554432,1024,0,0,8,0,16,64,0x0,0x7f69d86f5200,115159629,115159629,524288,1572864,236721,26680608,380974541021090,381971527274443,381971894287531,380974609927970
62,"void mul_kernel<double>(double*, double const*) [clone .kd]",2,0,124,1093612,1093612,33554432,1024,0,0,8,0,16,64,0x0,0x7f69d86f5280,116366235,116366235,524288,2097152,305220,34012836,380974609894511,381971894355710,381972272180332,380974679498545
63,"void add_kernel<double>(double const*, double const*, double*) [clone .kd]",2,0,126,1093612,1093612,33554432,1024,0,0,8,0,16,64,0x0,0x7f69d86f5240,81100015,81100015,524288,2621440,382819,42913424,380974679480735,381972272355219,381972592130473,380974728026525
64,"void triad_kernel<double>(double*, double const*, double const*) [clone .kd]",2,0,128,1093612,1093612,33554432,1024,0,0,8,0,16,64,0x0,0x7f69d86f52c0,81126778,81126778,524288,2621440,385000,43090480,380974728014775,381972592181293,381972964197261,380974776599405
65,"void dot_kernel<double>(double const*, double const*, double*, int) [clone .kd]",2,0,130,1093612,1093612,16777216,1024,8192,0,20,4,32,64,0x0,0x7f69d86f5340,32034295,32034295,262144,10125312,1447324,162092056,380974776567526,381972964327341,381972987141608,380974795948436
66,"void copy_kernel<double>(double const*, double*) [clone .kd]",2,0,132,1093612,1093612,33554432,1024,0,0,8,0,16,64,0x0,0x7f69d86f5200,119934884,119934884,524288,1572864,225023,25165824,380974795943996,381972987226639,381973441342691,380974867585129
67,"void mul_kernel<double>(double*, double const*) [clone .kd]",2,0,134,1093612,1093612,33554432,1024,0,0,8,0,16,64,0x0,0x7f69d86f5280,115426757,115426757,524288,2097152,300599,33554556,380974867576379,381973441472947,381973848473900,380974936581499
68,"void add_kernel<double>(double const*, double const*, double*) [clone .kd]",2,0,136,1093612,1093612,33554432,1024,0,0,8,0,16,64,0x0,0x7f69d86f5240,123139849,80290183,524426,2641894,519441,58242296,380974936559859,381973848517087,381974080686156,380975010041653
69,"void triad_kernel<double>(double*, double const*, double const*) [clone .kd]",2,0,138,1093612,1093612,33554432,1024,0,0,8,0,16,64,0x0,0x7f69d86f52c0,80663258,80663258,524288,2621440,384163,43120800,380975010036783,381974080884689,381974274551155,380975058513384
70,"void dot_kernel<double>(double const*, double const*, double*, int) [clone .kd]",2,0,140,1093612,1093612,16777216,1024,8192,0,20,4,32,64,0x0,0x7f69d86f5340,32683952,32683952,262144,10125312,1503813,168134972,380975058497045,381974274587635,381974294842858,380975078310590
71,"void copy_kernel<double>(double const*, double*) [clone .kd]",2,0,142,1093612,1093612,33554432,1024,0,0,8,0,16,64,0x0,0x7f69d86f5200,115824315,115824315,524288,1572864,232271,25970484,380975078313010,381974294882308,381974739147146,380975147617557
72,"void mul_kernel<double>(double*, double const*) [clone .kd]",2,0,144,1093612,1093612,33554432,1024,0,0,8,0,16,64,0x0,0x7f69d86f5280,113143762,113143762,524288,2097152,303999,34012772,380975147584778,381974739426904,381975243857894,380975215314051
73,"void add_kernel<double>(double const*, double const*, double*) [clone .kd]",2,0,146,1093612,1093612,33554432,1024,0,0,8,0,16,64,0x0,0x7f69d86f5240,81793358,81793358,524288,2621440,375575,41943060,380975215283191,381975243988662,381975530776352,380975264300447
74,"void triad_kernel<double>(double*, double const*, double const*) [clone .kd]",2,0,148,1093612,1093612,33554432,1024,0,0,8,0,16,64,0x0,0x7f69d86f52c0,81082295,81082295,524288,2621440,373373,41943072,380975264305476,381975530947417,381975748303665,380975313053035
75,"void dot_kernel<double>(double const*, double const*, double*, int) [clone .kd]",2,0,150,1093612,1093612,16777216,1024,8192,0,20,4,32,64,0x0,0x7f69d86f5340,31980812,31980812,262144,10125312,1446542,162101340,380975312986526,381975748460305,381975769210408,380975332367556
76,"void copy_kernel<double>(double const*, double*) [clone .kd]",2,0,152,1093612,1093612,33554432,1024,0,0,8,0,16,64,0x0,0x7f69d86f5200,155945061,115003541,524288,1572864,267073,29794632,380975332346616,381975769324613,381976240601325,380975425312890
77,"void mul_kernel<double>(double*, double const*) [clone .kd]",2,0,154,1093612,1093612,33554432,1024,0,0,8,0,16,64,0x0,0x7f69d86f5280,115136962,115136962,524288,2097152,304889,34014052,380975425322610,381976240732358,381976771142574,380975494528838
78,"void add_kernel<double>(double const*, double const*, double*) [clone .kd]",2,0,156,1093612,1093612,33554432,1024,0,0,8,0,16,64,0x0,0x7f69d86f5240,80434669,80434669,524288,2621440,385410,43136876,380975494491068,381976771306557,381977145953715,380975542826041
79,"void triad_kernel<double>(double*, double const*, double const*) [clone .kd]",2,0,158,1093612,1093612,33554432,1024,0,0,8,0,16,64,0x0,0x7f69d86f52c0,81979715,81979715,524288,2621440,384754,43140800,380975542826301,381977146016636,381977531246197,380975592238362
80,"void dot_kernel<double>(double const*, double const*, double*, int) [clone .kd]",2,0,160,1093612,1093612,16777216,1024,8192,0,20,4,32,64,0x0,0x7f69d86f5340,32079542,32079542,262144,10125312,1476934,165637736,380975592208982,381977531473237,381977553891502,380975611881340
81,"void copy_kernel<double>(double const*, double*) [clone .kd]",2,0,162,1093612,1093612,33554432,1024,0,0,8,0,16,64,0x0,0x7f69d86f5200,116619181,116619181,524288,1572864,223656,25165824,380975611911130,381977553989682,381977992607470,380975681717471
82,"void mul_kernel<double>(double*, double const*) [clone .kd]",2,0,164,1093612,1093612,33554432,1024,0,0,8,0,16,64,0x0,0x7f69d86f5280,115791640,115791640,524288,2097152,298407,33554544,380975681701501,381977992708344,381978529970884,380975751170157
83,"void add_kernel<double>(double const*, double const*, double*) [clone .kd]",2,0,166,1093612,1093612,33554432,1024,0,0,8,0,16,64,0x0,0x7f69d86f5240,82129765,82129765,524288,2621440,374598,41943056,380975751150687,381978530098853,381978834234878,380975800491199
84,"void triad_kernel<double>(double*, double const*, double const*) [clone .kd]",2,0,168,1093612,1093612,33554432,1024,0,0,8,0,16,64,0x0,0x7f69d86f52c0,96653826,81967412,525292,3355680,1041734,116886188,380975800483189,381978834286654,381979024621109,380975858522982
85,"void dot_kernel<double>(double const*, double const*, double*, int) [clone .kd]",2,0,170,1093612,1093612,16777216,1024,8192,0,20,4,32,64,0x0,0x7f69d86f5340,32199331,32199331,262144,10125312,1475740,165306436,380975858508312,381979024650549,381979067288677,380975878368258
86,"void copy_kernel<double>(double const*, double*) [clone .kd]",2,0,172,1093612,1093612,33554432,1024,0,0,8,0,16,64,0x0,0x7f69d86f5200,117252332,117252332,524288,1572864,232824,26024420,380975878381917,381979067374684,381979536305941,380975948574395
87,"void mul_kernel<double>(double*, double const*) [clone .kd]",2,0,174,1093612,1093612,33554432,1024,0,0,8,0,16,64,0x0,0x7f69d86f5280,111099372,111099372,524288,2097152,302338,33846920,380975948545275,381979536375549,381980062043662,380976014900243
88,"void add_kernel<double>(double const*, double const*, double*) [clone .kd]",2,0,176,1093612,1093612,33554432,1024,0,0,8,0,16,64,0x0,0x7f69d86f5240,81081994,81081994,524288,2621440,385439,43091604,380976014862253,381980062209469,381980432146684,380976063308994
89,"void triad_kernel<double>(double*, double const*, double const*) [clone .kd]",2,0,178,1093612,1093612,33554432,1024,0,0,8,0,16,64,0x0,0x7f69d86f52c0,79939887,79939887,524288,2621440,374995,41943088,380976063311834,381980432203352,381980824475790,380976111199242
90,"void dot_kernel<double>(double const*, double const*, double*, int) [clone .kd]",2,0,180,1093612,1093612,16777216,1024,8192,0,20,4,32,64,0x0,0x7f69d86f5340,32001121,32001121,262144,10125312,1447349,162109048,380976111181452,381980824760590,381980846990375,380976130572732
91,"void copy_kernel<double>(double const*, double*) [clone .kd]",2,0,182,1093612,1093612,33554432,1024,0,0,8,0,16,64,0x0,0x7f69d86f5200,114368257,114368257,524288,1572864,224004,25165824,380976130576592,381980847093246,381981288901913,380976199055558
92,"void mul_kernel<double>(double*, double const*) [clone .kd]",2,0,184,1093612,1093612,33554432,1024,0,0,8,0,16,64,0x0,0x7f69d86f5280,113425565,113425565,524288,2097152,299092,33554568,380976199058237,381981288973398,381981840110817,380976267036258
93,"void add_kernel<double>(double const*, double const*, double*) [clone .kd]",2,0,186,1093612,1093612,33554432,1024,0,0,8,0,16,64,0x0,0x7f69d86f5240,81342686,81342686,524288,2621440,374987,41943068,380976267020518,381981840258842,381982208366770,380976315780126
94,"void triad_kernel<double>(double*, double const*, double const*) [clone .kd]",2,0,188,1093612,1093612,33554432,1024,0,0,8,0,16,64,0x0,0x7f69d86f52c0,79575725,79575725,524288,2621440,373711,41943068,380976315766636,381982208435365,381982596443474,380976363474176
95,"void dot_kernel<double>(double const*, double const*, double*, int) [clone .kd]",2,0,190,1093612,1093612,16777216,1024,8192,0,20,4,32,64,0x0,0x7f69d86f5340,32011394,32011394,262144,10125312,1447747,162101408,380976363448636,381982596553234,381982619202699,380976382716738
96,"void copy_kernel<double>(double const*, double*) [clone .kd]",2,0,192,1093612,1093612,33554432,1024,0,0,8,0,16,64,0x0,0x7f69d86f5200,148333266,115831247,524438,1607582,449610,50493748,380976382725458,381982619249227,381983059736754,380976471276846
97,"void mul_kernel<double>(double*, double const*) [clone .kd]",2,0,194,1093612,1093612,33554432,1024,0,0,8,0,16,64,0x0,0x7f69d86f5280,121822413,121822413,524288,2097152,303017,34015724,380976471306706,381983059828681,381983569554519,380976544292835
98,"void add_kernel<double>(double const*, double const*, double*) [clone .kd]",2,0,196,1093612,1093612,33554432,1024,0,0,8,0,16,64,0x0,0x7f69d86f5240,79841335,79841335,524288,2621440,386095,43102940,380976544260615,381983569729778,381983932091141,380976592128563
99,"void triad_kernel<double>(double*, double const*, double const*) [clone .kd]",2,0,198,1093612,1093612,33554432,1024,0,0,8,0,16,64,0x0,0x7f69d86f52c0,79244246,79244246,524288,2621440,381331,43093644,380976592100393,381983932132336,381984319075322,380976639632154
100,"void dot_kernel<double>(double const*, double const*, double*, int) [clone .kd]",2,0,200,1093612,1093612,16777216,1024,8192,0,20,4,32,64,0x0,0x7f69d86f5340,32003848,32003848,262144,10125312,1482770,165963076,380976639628374,381984319347482,381984342200787,380976659044484
101,"void copy_kernel<double>(double const*, double*) [clone .kd]",2,0,202,1093612,1093612,33554432,1024,0,0,8,0,16,64,0x0,0x7f69d86f5200,120709077,120709077,524288,1572864,224795,25165824,380976659052844,381984342246107,381984774936661,380976731263651
102,"void mul_kernel<double>(double*, double const*) [clone .kd]",2,0,204,1093612,1093612,33554432,1024,0,0,8,0,16,64,0x0,0x7f69d86f5280,117767190,117767190,524288,2097152,299457,33554556,380976731215121,381984775007939,381985319630767,380976801730846
103,"void add_kernel<double>(double const*, double const*, double*) [clone .kd]",2,0,206,1093612,1093612,33554432,1024,0,0,8,0,16,64,0x0,0x7f69d86f5240,80894037,80894037,524288,2621440,374646,41943076,380976801676476,381985319774207,381985692821489,380976850040099
104,"void triad_kernel<double>(double*, double const*, double const*) [clone .kd]",2,0,208,1093612,1093612,33554432,1024,0,0,8,0,16,64,0x0,0x7f69d86f52c0,80642225,80642225,524288,2621440,373289,41943068,380976850007489,381985692885072,381986085449173,380976898222383
105,"void dot_kernel<double>(double const*, double const*, double*, int) [clone .kd]",2,0,210,1093612,1093612,16777216,1024,8192,0,20,4,32,64,0x0,0x7f69d86f5340,32027885,32027885,262144,10125312,1448505,162106880,380976898187873,381986085662933,381986108383757,380976917502274
106,"void copy_kernel<double>(double const*, double*) [clone .kd]",2,0,212,1093612,1093612,33554432,1024,0,0,8,0,16,64,0x0,0x7f69d86f5200,156720771,116070935,524288,1572864,255220,28570640,380976917503884,381986108432521,381986542300655,380977011053462
107,"void mul_kernel<double>(double*, double const*) [clone .kd]",2,0,214,1093612,1093612,33554432,1024,0,0,8,0,16,64,0x0,0x7f69d86f5280,116256869,116256869,524288,2097152,303462,34017668,380977011057372,381986542382002,381987054030517,380977080781484
108,"void add_kernel<double>(double const*, double const*, double*) [clone .kd]",2,0,216,1093612,1093612,33554432,1024,0,0,8,0,16,64,0x0,0x7f69d86f5240,81482532,81482532,524288,2621440,382868,42906544,380977080734465,381987054299543,381987418859898,380977129445383
109,"void triad_kernel<double>(double*, double const*, double const*) [clone .kd]",2,0,218,1093612,1093612,33554432,1024,0,0,8,0,16,64,0x0,0x7f69d86f52c0,80630822,80630822,524288,2621440,382786,42986620,380977129413574,381987418932442,381987805665448,380977177619698
110,"void dot_kernel<double>(double const*, double const*, double*, int) [clone .kd]",2,0,220,1093612,1093612,16777216,1024,8192,0,20,4,32,64,0x0,0x7f69d86f5340,31992471,31992471,262144,10125312,1498110,168208032,380977177601158,381987805916968,381987828338589,380977196934189
111,"void copy_kernel<double>(double const*, double*) [clone .kd]",2,0,222,1093612,1093612,33554432,1024,0,0,8,0,16,64,0x0,0x7f69d86f5200,116187187,116187187,524288,1572864,223061,25165824,380977196908089,381987828459185,381988260573661,380977266323525
112,"void mul_kernel<double>(double*, double const*) [clone .kd]",2,0,224,1093612,1093612,33554432,1024,0,0,8,0,16,64,0x0,0x7f69d86f5280,117935815,117935815,524288,2097152,299342,33554480,380977266264286,381988260805004,381988797525625,380977336708090
113,"void add_kernel<double>(double const*, double const*, double*) [clone .kd]",2,0,226,1093612,1093612,33554432,1024,0,0,8,0,16,64,0x0,0x7f69d86f5240,80710273,80710273,524288,2621440,372510,41943080,380977336689031,381988797681323,381989024823913,380977385035073
114,"void triad_kernel<double>(double*, double const*, double const*) [clone .kd]",2,0,228,1093612,1093612,33554432,1024,0,0,8,0,16,64,0x0,0x7f69d86f52c0,81191526,81191526,524288,2621440,372947,41943064,380977385027983,381989024866636,381989235018968,380977433675223
115,"void dot_kernel<double>(double const*, double const*, double*, int) [clone .kd]",2,0,230,1093612,1093612,16777216,1024,8192,0,20,4,32,64,0x0,0x7f69d86f5340,32023246,32023246,262144,10125312,1449554,162090060,380977433664463,381989235054808,381989255861705,380977453054413
116,"void copy_kernel<double>(double const*, double*) [clone .kd]",2,0,232,1093612,1093612,33554432,1024,0,0,8,0,16,64,0x0,0x7f69d86f5200,114824172,114824172,524288,1572864,223540,25165824,380977453070083,381989255901581,381989575923115,380977521737346
117,"void mul_kernel<double>(double*, double const*) [clone .kd]",2,0,234,1093612,1093612,33554432,1024,0,0,8,0,16,64,0x0,0x7f69d86f5280,159744325,118596684,524396,2127795,441448,49517224,380977521692237,381989575963904,381989994055594,380977616951057
118,"void add_kernel<double>(double const*, double const*, double*) [clone .kd]",2,0,236,1093612,1093612,33554432,1024,0,0,8,0,16,64,0x0,0x7f69d86f5240,82117930,82117930,524288,2621440,385557,43154260,380977616926957,381989994286087,381990369625252,380977666217120
119,"void triad_kernel<double>(double*, double const*, double const*) [clone .kd]",2,0,238,1093612,1093612,33554432,1024,0,0,8,0,16,64,0x0,0x7f69d86f52c0,79997922,79997922,524288,2621440,385392,43063324,380977666213900,381990369681937,381990645685020,380977714259076
120,"void dot_kernel<double>(double const*, double const*, double*, int) [clone .kd]",2,0,240,1093612,1093612,16777216,1024,8192,0,20,4,32,64,0x0,0x7f69d86f5340,31992559,31992559,262144,10125312,1495466,167649396,380977714241726,381990645721180,381990675642001,380977733648736
121,"void copy_kernel<double>(double const*, double*) [clone .kd]",2,0,242,1093612,1093612,33554432,1024,0,0,8,0,16,64,0x0,0x7f69d86f5200,112823666,112823666,524288,1572864,232252,26030560,380977733649326,381990675806067,381991111367179,380977801234881
122,"void mul_kernel<double>(double*, double const*) [clone .kd]",2,0,244,1093612,1093612,33554432,1024,0,0,8,0,16,64,0x0,0x7f69d86f5280,120470976,120470976,524288,2097152,299001,33554568,380977801193861,381991111430981,381991463844175,380977873157750
123,"void add_kernel<double>(double const*, double const*, double*) [clone .kd]",2,0,246,1093612,1093612,33554432,1024,0,0,8,0,16,64,0x0,0x7f69d86f5240,81521172,81521172,524288,2621440,373881,41943072,380977873098651,381991463876718,381991655628359,380977921846239
124,"void triad_kernel<double>(double*, double const*, double const*) [clone .kd]",2,0,248,1093612,1093612,33554432,1024,0,0,8,0,16,64,0x0,0x7f69d86f52c0,81666546,81666546,524288,2621440,374533,41943108,380977921803910,381991655655252,381992020500595,380977970665387
125,"void dot_kernel<double>(double const*, double const*, double*, int) [clone .kd]",2,0,250,1093612,1093612,16777216,1024,8192,0,20,4,32,64,0x0,0x7f69d86f5340,31979293,31979293,262144,10125312,1446614,162092184,380977970603038,381992020751475,381992043696289,380977989893219
126,"void copy_kernel<double>(double const*, double*) [clone .kd]",2,0,252,1093612,1093612,33554432,1024,0,0,8,0,16,64,0x0,0x7f69d86f5200,118247761,118247761,524288,1572864,224364,25165824,380977989878879,381992043749618,381992477159293,380978060452993
127,"void mul_kernel<double>(double*, double const*) [clone .kd]",2,0,254,1093612,1093612,33554432,1024,0,0,8,0,16,64,0x0,0x7f69d86f5280,128948482,113655228,524364,2104204,431689,48393088,380978060423983,381992477234589,381993014998045,380978137593299
128,"void add_kernel<double>(double const*, double const*, double*) [clone .kd]",2,0,256,1093612,1093612,33554432,1024,0,0,8,0,16,64,0x0,0x7f69d86f5240,81453561,81453561,524288,2621440,386113,43101092,380978137575449,381993015194629,381993393222150,380978186526816
129,"void triad_kernel<double>(double*, double const*, double const*) [clone .kd]",2,0,258,1093612,1093612,33554432,1024,0,0,8,0,16,64,0x0,0x7f69d86f52c0,81282279,81282279,524288,2621440,382068,42953120,380978186484176,381993393294390,381993703412751,380978235120516
130,"void dot_kernel<double>(double const*, double const*, double*, int) [clone .kd]",2,0,260,1093612,1093612,16777216,1024,8192,0,20,4,32,64,0x0,0x7f69d86f5340,31997815,31997815,262144,10125312,1487619,166822640,380978235054046,381993703447631,381993724329559,380978254372347
131,"void copy_kernel<double>(double const*, double*) [clone .kd]",2,0,262,1093612,1093612,33554432,1024,0,0,8,0,16,64,0x0,0x7f69d86f5200,119431502,119431502,524288,1572864,232195,26031604,380978254345048,381993724366964,381994187666324,380978325637614
132,"void mul_kernel<double>(double*, double const*) [clone .kd]",2,0,264,1093612,1093612,33554432,1024,0,0,8,0,16,64,0x0,0x7f69d86f5280,112978361,112978361,524288,2097152,300687,33554660,380978325601574,381994187802654,381994703895286,380978393105140
133,"void add_kernel<double>(double const*, double const*, double*) [clone .kd]",2,0,266,1093612,1093612,33554432,1024,0,0,8,0,16,64,0x0,0x7f69d86f5240,80575568,80575568,524288,2621440,373757,41943076,380978393051190,381994703968407,381995081886263,380978441235524
134,"void triad_kernel<double>(double*, double const*, double const*) [clone .kd]",2,0,268,1093612,1093612,33554432,1024,0,0,8,0,16,64,0x0,0x7f69d86f52c0,80998711,80998711,524288,2621440,374741,41943064,380978441187775,381995082175232,381995454101872,380978489628337
135,"void dot_kernel<double>(double const*, double const*, double*, int) [clone .kd]",2,0,270,1093612,1093612,16777216,1024,8192,0,20,4,32,64,0x0,0x7f69d86f5340,31985338,31985338,262144,10125312,1447895,162090812,380978489580587,381995454157872,381995476331796,380978508878599
136,"void copy_kernel<double>(double const*, double*) [clone .kd]",2,0,272,1093612,1093612,33554432,1024,0,0,8,0,16,64,0x0,0x7f69d86f5200,122009426,122009426,524288,1572864,223660,25165824,380978508857039,381995476370368,381995911741319,380978581710779
137,"void mul_kernel<double>(double*, double const*) [clone .kd]",2,0,274,1093612,1093612,33554432,1024,0,0,8,0,16,64,0x0,0x7f69d86f5280,113285705,113285705,524288,2097152,298134,33554620,380978581661190,381995911803535,381996448457353,380978649535671
138,"void add_kernel<double>(double const*, double const*, double*) [clone .kd]",2,0,276,1093612,1093612,33554432,1024,0,0,8,0,16,64,0x0,0x7f69d86f5240,81535868,81535868,524288,2621440,375375,41943112,380978649484532,381996448645279,381996823573631,380978698218890
139,"void triad_kernel<double>(double*, double const*, double const*) [clone .kd]",2,0,278,1093612,1093612,33554432,1024,0,0,8,0,16,64,0x0,0x7f69d86f52c0,80604790,80604790,524288,2621440,375723,41943052,380978698199620,381996823671179,381997186241912,380978746555203
140,"void dot_kernel<double>(double const*, double const*, double*, int) [clone .kd]",2,0,280,1093612,1093612,16777216,1024,8192,0,20,4,32,64,0x0,0x7f69d86f5340,32058115,32058115,262144,10125312,1447773,162079584,380978746522483,381997186306392,381997209039032,380978766029852
141,"void copy_kernel<double>(double const*, double*) [clone .kd]",2,0,282,1093612,1093612,33554432,1024,0,0,8,0,16,64,0x0,0x7f69d86f5200,149451586,116071768,524384,1581985,342974,38161908,380978766012682,381997209080645,381997670625925,380978855140895
142,"void mul_kernel<double>(double*, double const*) [clone .kd]",2,0,284,1093612,1093612,33554432,1024,0,0,8,0,16,64,0x0,0x7f69d86f5280,118111815,118111815,524288,2097152,302973,34006108,380978855139615,381997670754644,381998189808856,380978925997236
143,"void add_kernel<double>(double const*, double const*, double*) [clone .kd]",2,0,286,1093612,1093612,33554432,1024,0,0,8,0,16,64,0x0,0x7f69d86f5240,81911903,81911903,524288,2621440,383121,42930848,380978925952116,381998189864902,381998375940250,380978974950302
144,"void triad_kernel<double>(double*, double const*, double const*) [clone .kd]",2,0,288,1093612,1093612,33554432,1024,0,0,8,0,16,64,0x0,0x7f69d86f52c0,80434250,80434250,524288,2621440,388207,43366476,380978974913303,381998375978170,381998577270312,380979023049207
145,"void dot_kernel<double>(double const*, double const*, double*, int) [clone .kd]",2,0,290,1093612,1093612,16777216,1024,8192,0,20,4,32,64,0x0,0x7f69d86f5340,32002336,32002336,262144,10125312,1483668,166243648,380979023022688,381998577310312,381998598264229,380979042504887
146,"void copy_kernel<double>(double const*, double*) [clone .kd]",2,0,292,1093612,1093612,33554432,1024,0,0,8,0,16,64,0x0,0x7f69d86f5200,112947871,112947871,524288,1572864,225786,25165824,380979042475808,381998598300899,381999051659881,380979109905314
147,"void mul_kernel<double>(double*, double const*) [clone .kd]",2,0,294,1093612,1093612,33554432,1024,0,0,8,0,16,64,0x0,0x7f69d86f5280,115332788,115332788,524288,2097152,299909,33554568,380979109885274,381999051766412,381999581297840,380979178988233
148,"void add_kernel<double>(double const*, double const*, double*) [clone .kd]",2,0,296,1093612,1093612,33554432,1024,0,0,8,0,16,64,0x0,0x7f69d86f5240,81790542,81790542,524288,2621440,375320,41943084,380979178981103,381999581356133,381999957558936,380979228056198
149,"void triad_kernel<double>(double*, double const*, double const*) [clone .kd]",2,0,298,1093612,1093612,33554432,1024,0,0,8,0,16,64,0x0,0x7f69d86f52c0,81253852,81253852,524288,2621440,376533,41943064,380979228038268,381999957609453,382000232950507,380979276739307
150,"void dot_kernel<double>(double const*, double const*, double*, int) [clone .kd]",2,0,300,1093612,1093612,16777216,1024,8192,0,20,4,32,64,0x0,0x7f69d86f5340,32012544,32012544,262144,10125312,1448592,162089148,380979276722117,382000233086665,382000253972900,380979296133377
151,"void copy_kernel<double>(double const*, double*) [clone .kd]",2,0,302,1093612,1093612,33554432,1024,0,0,8,0,16,64,0x0,0x7f69d86f5200,116138865,116138865,524288,1572864,225085,25165824,380979296156567,382000254026829,382000537335590,380979365578923
152,"void mul_kernel<double>(double*, double const*) [clone .kd]",2,0,304,1093612,1093612,33554432,1024,0,0,8,0,16,64,0x0,0x7f69d86f5280,115464215,115464215,524288,2097152,299889,33554556,380979365563323,382000537369633,382000865430980,380979434663162
153,"void add_kernel<double>(double const*, double const*, double*) [clone .kd]",2,0,306,1093612,1093612,33554432,1024,0,0,8,0,16,64,0x0,0x7f69d86f5240,80941681,80941681,524288,2621440,373923,41943056,380979434642852,382000865465404,382001077744064,380979483119443
154,"void triad_kernel<double>(double*, double const*, double const*) [clone .kd]",2,0,308,1093612,1093612,33554432,1024,0,0,8,0,16,64,0x0,0x7f69d86f52c0,80162214,80162214,524288,2621440,373793,41943096,380979483120993,382001077784952,382001268147133,380979531189668
155,"void dot_kernel<double>(double const*, double const*, double*, int) [clone .kd]",2,0,310,1093612,1093612,16777216,1024,8192,0,20,4,32,64,0x0,0x7f69d86f5340,31986631,31986631,262144,10125312,1449079,162087484,380979531173628,382001268179133,382001287676405,380979550559409
156,"void copy_kernel<double>(double const*, double*) [clone .kd]",2,0,312,1093612,1093612,33554432,1024,0,0,8,0,16,64,0x0,0x7f69d86f5200,157213603,116449959,524896,1830222,790453,88580292,380979550570059,382001287713846,382001600204940,380979644449263
157,"void mul_kernel<double>(double*, double const*) [clone .kd]",2,0,314,1093612,1093612,33554432,1024,0,0,8,0,16,64,0x0,0x7f69d86f5280,120740392,120740392,524288,2097152,303072,34024948,380979644456483,382001600379333,382002116380263,380979716795008
158,"void add_kernel<double>(double const*, double const*, double*) [clone .kd]",2,0,316,1093612,1093612,33554432,1024,0,0,8,0,16,64,0x0,0x7f69d86f5240,80649853,80649853,524288,2621440,384878,43078228,380979716775238,382002116436429,382002335895861,380979765112651
159,"void triad_kernel<double>(double*, double const*, double const*) [clone .kd]",2,0,318,1093612,1093612,33554432,1024,0,0,8,0,16,64,0x0,0x7f69d86f52c0,79821276,79821276,524288,2621440,382689,43090672,380979765120971,382002335932903,382002519967707,380979812971469
160,"void dot_kernel<double>(double const*, double const*, double*, int) [clone .kd]",2,0,320,1093612,1093612,16777216,1024,8192,0,20,4,32,64,0x0,0x7f69d86f5340,31993263,31993263,262144,10125312,1525425,170615428,380979812960099,382002520005627,382002539582417,380979832356339
161,"void copy_kernel<double>(double const*, double*) [clone .kd]",2,0,322,1093612,1093612,33554432,1024,0,0,8,0,16,64,0x0,0x7f69d86f5200,117350126,117350126,524288,1572864,224119,25165824,380979832388249,382002539622015,382003024238277,380979902537097
162,"void mul_kernel<double>(double*, double const*) [clone .kd]",2,0,324,1093612,1093612,33554432,1024,0,0,8,0,16,64,0x0,0x7f69d86f5280,113873568,113873568,524288,2097152,297688,33554564,380979902522987,382003024384753,382003540952024,380979970676086
163,"void add_kernel<double>(double const*, double const*, double*) [clone .kd]",2,0,326,1093612,1093612,33554432,1024,0,0,8,0,16,64,0x0,0x7f69d86f5240,81867996,81867996,524288,2621440,373678,41943080,380979970632426,382003541034749,382003922223356,380980019741651
164,"void triad_kernel<double>(double*, double const*, double const*) [clone .kd]",2,0,328,1093612,1093612,33554432,1024,0,0,8,0,16,64,0x0,0x7f69d86f52c0,80285423,80285423,524288,2621440,375348,41943052,380980019711111,382003922294676,382004292174479,380980067894595
165,"void dot_kernel<double>(double const*, double const*, double*, int) [clone .kd]",2,0,330,1093612,1093612,16777216,1024,8192,0,20,4,32,64,0x0,0x7f69d86f5340,31990672,31990672,262144,10125312,1446523,162086756,380980067882885,382004292251919,382004314519266,380980087318036
166,"void copy_kernel<double>(double const*, double*) [clone .kd]",2,0,332,1093612,1093612,33554432,1024,0,0,8,0,16,64,0x0,0x7f69d86f5200,118918336,118918336,524288,1572864,224487,25165824,380980087340885,382004314561870,382004798897593,380980158440264
167,"void mul_kernel<double>(double*, double const*) [clone .kd]",2,0,334,1093612,1093612,33554432,1024,0,0,8,0,16,64,0x0,0x7f69d86f5280,117236456,117236456,524288,2097152,298784,33554576,380980158420974,382004799054172,382005306005392,380980228505863
168,"void add_kernel<double>(double const*, double const*, double*) [clone .kd]",2,0,336,1093612,1093612,33554432,1024,0,0,8,0,16,64,0x0,0x7f69d86f5240,81833470,81833470,524288,2621440,373852,41943048,380980228492183,382005306061814,382005490106019,380980277491108
169,"void triad_kernel<double>(double*, double const*, double const*) [clone .kd]",2,0,338,1093612,1093612,33554432,1024,0,0,8,0,16,64,0x0,0x7f69d86f52c0,123704675,82202845,524536,2659415,563568,62999128,380980277484479,382005490133326,382005685728562,380980351327839
170,"void dot_kernel<double>(double const*, double const*, double*, int) [clone .kd]",2,0,340,1093612,1093612,16777216,1024,8192,0,20,4,32,64,0x0,0x7f69d86f5340,32044580,32044580,262144,10125312,1475818,165280464,380980351333429,382005685756242,382005706379587,380980370881228
171,"void copy_kernel<double>(double const*, double*) [clone .kd]",2,0,342,1093612,1093612,33554432,1024,0,0,8,0,16,64,0x0,0x7f69d86f5200,115564493,115564493,524288,1572864,233261,26052712,380980370891047,382005706417347,382006168253363,380980440037546
172,"void mul_kernel<double>(double*, double const*) [clone .kd]",2,0,344,1093612,1093612,33554432,1024,0,0,8,0,16,64,0x0,0x7f69d86f5280,119518810,119518810,524288,2097152,304221,34024660,380980440018266,382006168429811,382006695081122,380980511509280
173,"void add_kernel<double>(double const*, double const*, double*) [clone .kd]",2,0,346,1093612,1093612,33554432,1024,0,0,8,0,16,64,0x0,0x7f69d86f5240,81114717,81114717,524288,2621440,382416,42908032,380980511489461,382006695162152,382007070032122,380980560068851
174,"void triad_kernel<double>(double*, double const*, double const*) [clone .kd]",2,0,348,1093612,1093612,33554432,1024,0,0,8,0,16,64,0x0,0x7f69d86f52c0,80924592,80924592,524288,2621440,376068,41943056,380980560071471,382007070079931,382007479197067,380980608680151
175,"void dot_kernel<double>(double const*, double const*, double*, int) [clone .kd]",2,0,350,1093612,1093612,16777216,1024,8192,0,20,4,32,64,0x0,0x7f69d86f5340,31990712,31990712,262144,10125312,1445753,162100604,380980608648351,382007479441225,382007501986329,380980627900983
176,"void copy_kernel<double>(double const*, double*) [clone .kd]",2,0,352,1093612,1093612,33554432,1024,0,0,8,0,16,64,0x0,0x7f69d86f5200,118896296,118896296,524288,1572864,223358,25165824,380980627907243,382007502079847,382007784489230,380980699030651
177,"void mul_kernel<double>(double*, double const*) [clone .kd]",2,0,354,1093612,1093612,33554432,1024,0,0,8,0,16,64,0x0,0x7f69d86f5280,113755949,113755949,524288,2097152,299019,33554600,380980699013241,382007784534533,382008065474312,380980767067750
178,"void add_kernel<double>(double const*, double const*, double*) [clone .kd]",2,0,356,1093612,1093612,33554432,1024,0,0,8,0,16,64,0x0,0x7f69d86f5240,82165588,82165588,524288,2621440,375219,41943068,380980767055271,382008065506575,382008260733939,380980816252435
179,"void triad_kernel<double>(double*, double const*, double const*) [clone .kd]",2,0,358,1093612,1093612,33554432,1024,0,0,8,0,16,64,0x0,0x7f69d86f52c0,80655771,80655771,524288,2621440,375960,41943076,380980816251035,382008260776476,382008453638081,380980864624677
180,"void dot_kernel<double>(double const*, double const*, double*, int) [clone .kd]",2,0,360,1093612,1093612,16777216,1024,8192,0,20,4,32,64,0x0,0x7f69d86f5340,31989836,31989836,262144,10125312,1447527,162097836,380980864591147,382008453680161,382008474341903,380980883809959
181,"void copy_kernel<double>(double const*, double*) [clone .kd]",2,0,362,1093612,1093612,33554432,1024,0,0,8,0,16,64,0x0,0x7f69d86f5200,116228099,116228099,524288,1572864,225364,25165824,380980883826919,382008474378355,382008755319882,380980953327484
182,"void mul_kernel<double>(double*, double const*) [clone .kd]",2,0,364,1093612,1093612,33554432,1024,0,0,8,0,16,64,0x0,0x7f69d86f5280,116974999,116974999,524288,2097152,300273,33554516,380980953298854,382008755357348,382009087665226,380981023133315
183,"void add_kernel<double>(double const*, double const*, double*) [clone .kd]",2,0,366,1093612,1093612,33554432,1024,0,0,8,0,16,64,0x0,0x7f69d86f5240,95012236,81316759,524905,2719777,865753,96924040,380981023115206,382009087769775,382009289657601,380981079963371
184,"void triad_kernel<double>(double*, double const*, double const*) [clone .kd]",2,0,368,1093612,1093612,33554432,1024,0,0,8,0,16,64,0x0,0x7f69d86f52c0,82078902,82078902,524288,2621440,383578,43090140,380981079989301,382009289691733,382009483521963,380981129309923
185,"void dot_kernel<double>(double const*, double const*, double*, int) [clone .kd]",2,0,370,1093612,1093612,16777216,1024,8192,0,20,4,32,64,0x0,0x7f69d86f5340,31993741,31993741,262144,10125312,1489558,166673056,380981129291183,382009483554603,382009504162423,380981148656464
186,"void copy_kernel<double>(double const*, double*) [clone .kd]",2,0,372,1093612,1093612,33554432,1024,0,0,8,0,16,64,0x0,0x7f69d86f5200,116184392,116184392,524288,1572864,231563,26016356,380981148683774,382009504204960,382009774519288,380981218159119
187,"void mul_kernel<double>(double*, double const*) [clone .kd]",2,0,374,1093612,1093612,33554432,1024,0,0,8,0,16,64,0x0,0x7f69d86f5280,116711004,116711004,524288,2097152,303316,33852988,380981218118129,382009774553032,382010074283000,380981287819732
188,"void add_kernel<double>(double const*, double const*, double*) [clone .kd]",2,0,376,1093612,1093612,33554432,1024,0,0,8,0,16,64,0x0,0x7f69d86f5240,80768747,80768747,524288,2621440,374326,41943088,380981287787052,382010074329715,382010274864570,380981336093955
189,"void triad_kernel<double>(double*, double const*, double const*) [clone .kd]",2,0,378,1093612,1093612,33554432,1024,0,0,8,0,16,64,0x0,0x7f69d86f52c0,80361119,80361119,524288,2621440,372648,41943084,380981336051786,382010274896900,382010543791210,380981384105081
190,"void dot_kernel<double>(double const*, double const*, double*, int) [clone .kd]",2,0,380,1093612,1093612,16777216,1024,8192,0,20,4,32,64,0x0,0x7f69d86f5340,31988953,31988953,262144,10125312,1446428,162098620,380981384080001,382010543879210,382010563398550,380981403486781
191,"void copy_kernel<double>(double const*, double*) [clone .kd]",2,0,382,1093612,1093612,33554432,1024,0,0,8,0,16,64,0x0,0x7f69d86f5200,115582290,115582290,524288,1572864,223552,25165824,380981403491481,382010563442205,382010942816242,380981472634790
192,"void mul_kernel<double>(double*, double const*) [clone .kd]",2,0,384,1093612,1093612,33554432,1024,0,0,8,0,16,64,0x0,0x7f69d86f5280,115063406,115063406,524288,2097152,298461,33554540,380981472588790,382010942923829,382011307566512,380981541315983
193,"void add_kernel<double>(double const*, double const*, double*) [clone .kd]",2,0,386,1093612,1093612,33554432,1024,0,0,8,0,16,64,0x0,0x7f69d86f5240,82292715,82292715,524288,2621440,375313,41943060,380981541283214,382011307600731,382011493547748,380981590610546
194,"void triad_kernel<double>(double*, double const*, double const*) [clone .kd]",2,0,388,1093612,1093612,33554432,1024,0,0,8,0,16,64,0x0,0x7f69d86f52c0,79123037,79123037,524288,2621440,373510,41943060,380981590576786,382011493574142,382011721485756,380981638047868
195,"void dot_kernel<double>(double const*, double const*, double*, int) [clone .kd]",2,0,390,1093612,1093612,16777216,1024,8192,0,20,4,32,64,0x0,0x7f69d86f5340,32046832,32046832,262144,10125312,1448597,162086572,380981638031628,382011721522396,382011742738533,380981657457618
196,"void copy_kernel<double>(double const*, double*) [clone .kd]",2,0,392,1093612,1093612,33554432,1024,0,0,8,0,16,64,0x0,0x7f69d86f5200,115075031,115075031,524288,1572864,225157,25165824,380981657468998,382011742777252,382012058364771,380981726273240
197,"void mul_kernel<double>(double*, double const*) [clone .kd]",2,0,394,1093612,1093612,33554432,1024,0,0,8,0,16,64,0x0,0x7f69d86f5280,122939534,122939534,524288,2097152,300057,33554544,380981726255720,382012058501958,382012457387305,380981799753044
198,"void add_kernel<double>(double const*, double const*, double*) [clone .kd]",2,0,396,1093612,1093612,33554432,1024,0,0,8,0,16,64,0x0,0x7f69d86f5240,80746419,80746419,524288,2621440,373383,41943068,380981799740774,382012457441714,382012681852040,380981848117066
199,"void triad_kernel<double>(double*, double const*, double const*) [clone .kd]",2,0,398,1093612,1093612,33554432,1024,0,0,8,0,16,64,0x0,0x7f69d86f52c0,80814186,80814186,524288,2621440,375309,41943072,380981848116316,382012681889588,382012877405223,380981896545188
200,"void dot_kernel<double>(double const*, double const*, double*, int) [clone .kd]",2,0,400,1093612,1093612,16777216,1024,8192,0,20,4,32,64,0x0,0x7f69d86f5340,31996151,31996151,262144,10125312,1446053,162093476,380981896533148,382012877458823,382012899437838,380981915911839
201,"void copy_kernel<double>(double const*, double*) [clone .kd]",2,0,402,1093612,1093612,33554432,1024,0,0,8,0,16,64,0x0,0x7f69d86f5200,114748050,114748050,524288,1572864,224511,25165824,380981915929078,382012899477203,382013175031948,380981984563502
202,"void mul_kernel<double>(double*, double const*) [clone .kd]",2,0,404,1093612,1093612,33554432,1024,0,0,8,0,16,64,0x0,0x7f69d86f5280,149948726,116923616,524336,2101400,428355,48184088,380981984551802,382013175065325,382013459018458,380982074094641
203,"void add_kernel<double>(double const*, double const*, double*) [clone .kd]",2,0,406,1093612,1093612,33554432,1024,0,0,8,0,16,64,0x0,0x7f69d86f5240,80510362,80510362,524288,2621440,383639,43091048,380982074113211,382013459061184,382013688015334,380982122491103
204,"void triad_kernel<double>(double*, double const*, double const*) [clone .kd]",2,0,408,1093612,1093612,33554432,1024,0,0,8,0,16,64,0x0,0x7f69d86f52c0,79930988,79930988,524288,2621440,385115,43122940,380982122497802,382013688246728,382013891510824,380982170541198
205,"void dot_kernel<double>(double const*, double const*, double*, int) [clone .kd]",2,0,410,1093612,1093612,16777216,1024,8192,0,20,4,32,64,0x0,0x7f69d86f5340,32064532,32064532,262144,10125312,1487173,166899204,380982170524068,382013891574024,382013913318799,380982189844440
206,"void copy_kernel<double>(double const*, double*) [clone .kd]",2,0,412,1093612,1093612,33554432,1024,0,0,8,0,16,64,0x0,0x7f69d86f5200,110814223,110814223,524288,1572864,231620,26044088,380982189853220,382013913363558,382014206288995,380982256223386
207,"void mul_kernel<double>(double*, double const*) [clone .kd]",2,0,414,1093612,1093612,33554432,1024,0,0,8,0,16,64,0x0,0x7f69d86f5280,115245989,115245989,524288,2097152,299958,33554520,380982256213777,382014206426481,382014533904030,380982325213507
208,"void add_kernel<double>(double const*, double const*, double*) [clone .kd]",2,0,416,1093612,1093612,33554432,1024,0,0,8,0,16,64,0x0,0x7f69d86f5240,82102695,82102695,524288,2621440,374475,41943060,380982325200377,382014533956716,382014749580949,380982374380301
209,"void triad_kernel<double>(double*, double const*, double const*) [clone .kd]",2,0,418,1093612,1093612,33554432,1024,0,0,8,0,16,64,0x0,0x7f69d86f52c0,79897810,79897810,524288,2621440,376013,41943064,380982374361721,382014749609423,382014970856368,380982422245498
210,"void dot_kernel<double>(double const*, double const*, double*, int) [clone .kd]",2,0,420,1093612,1093612,16777216,1024,8192,0,20,4,32,64,0x0,0x7f69d86f5340,31984670,31984670,262144,10125312,1446661,162097832,380982422217029,382014970907088,382014991578103,380982441500040
211,"void copy_kernel<double>(double const*, double*) [clone .kd]",2,0,422,1093612,1093612,33554432,1024,0,0,8,0,16,64,0x0,0x7f69d86f5200,120509354,120509354,524288,1572864,224910,25165824,380982441512200,382014991661486,382015304370720,380982513607418
212,"void mul_kernel<double>(double*, double const*) [clone .kd]",2,0,424,1093612,1093612,33554432,1024,0,0,8,0,16,64,0x0,0x7f69d86f5280,114502233,114502233,524288,2097152,301595,33554620,380982513581078,382015304520716,382015605349639,380982582093573
213,"void add_kernel<double>(double const*, double const*, double*) [clone .kd]",2,0,426,1093612,1093612,33554432,1024,0,0,8,0,16,64,0x0,0x7f69d86f5240,79902641,79902641,524288,2621440,374178,41943076,380982582062664,382015605393684,382015849451154,380982629806842
214,"void triad_kernel<double>(double*, double const*, double const*) [clone .kd]",2,0,428,1093612,1093612,33554432,1024,0,0,8,0,16,64,0x0,0x7f69d86f52c0,79789122,79789122,524288,2621440,376072,41943064,380982629797252,382015849490728,382016054081841,380982677639160
215,"void dot_kernel<double>(double const*, double const*, double*, int) [clone .kd]",2,0,430,1093612,1093612,16777216,1024,8192,0,20,4,32,64,0x0,0x7f69d86f5340,31998758,31998758,262144,10125312,1446652,162095200,380982677624300,382016054131441,382016074762615,380982697043580
216,"void copy_kernel<double>(double const*, double*) [clone .kd]",2,0,432,1093612,1093612,33554432,1024,0,0,8,0,16,64,0x0,0x7f69d86f5200,116084224,116084224,524288,1572864,224675,25165824,380982697041840,382016074837730,382016391296863,380982766474736
217,"void mul_kernel<double>(double*, double const*) [clone .kd]",2,0,434,1093612,1093612,33554432,1024,0,0,8,0,16,64,0x0,0x7f69d86f5280,118001726,118001726,524288,2097152,299307,33554508,380982766447366,382016391327799,382016736254093,380982837019950
218,"void add_kernel<double>(double const*, double const*, double*) [clone .kd]",2,0,436,1093612,1093612,33554432,1024,0,0,8,0,16,64,0x0,0x7f69d86f5240,81360515,81360515,524288,2621440,375669,41943052,380982836990840,382016736304775,382016986340305,380982885736919
219,"void triad_kernel<double>(double*, double const*, double const*) [clone .kd]",2,0,438,1093612,1093612,33554432,1024,0,0,8,0,16,64,0x0,0x7f69d86f52c0,78605101,78605101,524288,2621440,374649,41943076,380982885719979,382016986534519,382017352296460,380982932820964
220,"void dot_kernel<double>(double const*, double const*, double*, int) [clone .kd]",2,0,440,1093612,1093612,16777216,1024,8192,0,20,4,32,64,0x0,0x7f69d86f5340,73592619,32189749,263552,10576199,1846949,207070020,380982932803374,382017352357580,382017375122830,380982976871941
221,"void copy_kernel<double>(double const*, double*) [clone .kd]",2,0,442,1093612,1093612,33554432,1024,0,0,8,0,16,64,0x0,0x7f69d86f5200,116512785,116512785,524288,1572864,233171,26023864,380982976888421,382017375185033,382017806976009,380983046692682
222,"void mul_kernel<double>(double*, double const*) [clone .kd]",2,0,444,1093612,1093612,33554432,1024,0,0,8,0,16,64,0x0,0x7f69d86f5280,115310031,115310031,524288,2097152,300981,33850420,380983046659812,382017807048075,382018119951670,380983115552804
223,"void add_kernel<double>(double const*, double const*, double*) [clone .kd]",2,0,446,1093612,1093612,33554432,1024,0,0,8,0,16,64,0x0,0x7f69d86f5240,81625357,81625357,524288,2621440,383921,43097204,380983115508634,382018119998417,382018318867598,380983164313752
224,"void triad_kernel<double>(double*, double const*, double const*) [clone .kd]",2,0,448,1093612,1093612,33554432,1024,0,0,8,0,16,64,0x0,0x7f69d86f52c0,80183352,80183352,524288,2621440,387504,43399484,380983164281802,382018318899231,382018511921379,380983212430207
225,"void dot_kernel<double>(double const*, double const*, double*, int) [clone .kd]",2,0,450,1093612,1093612,16777216,1024,8192,0,20,4,32,64,0x0,0x7f69d86f5340,32045373,32045373,262144,10125312,1453928,162462964,380983212391337,382018511952259,382018532472231,380983231719938
226,"void copy_kernel<double>(double const*, double*) [clone .kd]",2,0,452,1093612,1093612,33554432,1024,0,0,8,0,16,64,0x0,0x7f69d86f5200,115276695,115276695,524288,1572864,224184,25165824,380983231699748,382018532520623,382018987815860,380983300524300
227,"void mul_kernel<double>(double*, double const*) [clone .kd]",2,0,454,1093612,1093612,33554432,1024,0,0,8,0,16,64,0x0,0x7f69d86f5280,119516189,119516189,524288,2097152,298869,33554480,380983300478661,382018988061108,382019518852875,380983371871816
228,"void add_kernel<double>(double const*, double const*, double*) [clone .kd]",2,0,456,1093612,1093612,33554432,1024,0,0,8,0,16,64,0x0,0x7f69d86f5240,79980778,79980778,524288,2621440,374923,41943060,380983371833736,382019519061224,382019747779473,380983419668644
229,"void triad_kernel<double>(double*, double const*, double const*) [clone .kd]",2,0,458,1093612,1093612,33554432,1024,0,0,8,0,16,64,0x0,0x7f69d86f52c0,80235221,80235221,524288,2621440,374646,41943068,380983419626705,382019747837523,382019942425896,380983467607611
230,"void dot_kernel<double>(double const*, double const*, double*, int) [clone .kd]",2,0,460,1093612,1093612,16777216,1024,8192,0,20,4,32,64,0x0,0x7f69d86f5340,31996265,31996265,262144,10125312,1447163,162100088,380983467563601,382019942481416,382019963238186,380983486872902
231,"void copy_kernel<double>(double const*, double*) [clone .kd]",2,0,462,1093612,1093612,33554432,1024,0,0,8,0,16,64,0x0,0x7f69d86f5200,116198939,116198939,524288,1572864,224996,25165828,380983486857433,382019963299481,382020409541742,380983556414417
232,"void mul_kernel<double>(double*, double const*) [clone .kd]",2,0,464,1093612,1093612,33554432,1024,0,0,8,0,16,64,0x0,0x7f69d86f5280,113963683,113963683,524288,2097152,299782,33554560,380983556361527,382020409754548,382020931328695,380983624493326
233,"void add_kernel<double>(double const*, double const*, double*) [clone .kd]",2,0,466,1093612,1093612,33554432,1024,0,0,8,0,16,64,0x0,0x7f69d86f5240,82016145,82016145,524288,2621440,374540,41943048,380983624422857,382020931414888,382021298600767,380983673551282
234,"void triad_kernel<double>(double*, double const*, double const*) [clone .kd]",2,0,468,1093612,1093612,33554432,1024,0,0,8,0,16,64,0x0,0x7f69d86f52c0,81170810,81170810,524288,2621440,372223,41943072,380983673521002,382021298655259,382021668588649,380983722375709
235,"void dot_kernel<double>(double const*, double const*, double*, int) [clone .kd]",2,0,470,1093612,1093612,16777216,1024,8192,0,20,4,32,64,0x0,0x7f69d86f5340,32049569,32049569,262144,10125312,1447149,162080324,380983722317270,382021668634889,382021691147975,380983741989907
236,"void copy_kernel<double>(double const*, double*) [clone .kd]",2,0,472,1093612,1093612,33554432,1024,0,0,8,0,16,64,0x0,0x7f69d86f5200,118522346,118522346,524288,1572864,225098,25165824,380983741955988,382021691188630,382021981684529,380983813078196
237,"void mul_kernel<double>(double*, double const*) [clone .kd]",2,0,474,1093612,1093612,33554432,1024,0,0,8,0,16,64,0x0,0x7f69d86f5280,117859290,117859290,524288,2097152,298878,33554536,380983813029586,382021981728565,382022287190359,380983883696489
238,"void add_kernel<double>(double const*, double const*, double*) [clone .kd]",2,0,476,1093612,1093612,33554432,1024,0,0,8,0,16,64,0x0,0x7f69d86f5240,123033570,81324873,524383,2630649,626739,70058544,380983883631070,382022287391920,382022662447696,380983957112714
239,"void triad_kernel<double>(double*, double const*, double const*) [clone .kd]",2,0,478,1093612,1093612,33554432,1024,0,0,8,0,16,64,0x0,0x7f69d86f52c0,80951146,80951146,524288,2621440,385213,43111400,380983957100064,382022662516521,382023006060650,380984005895332
240,"void dot_kernel<double>(double const*, double const*, double*, int) [clone .kd]",2,0,480,1093612,1093612,16777216,1024,8192,0,20,4,32,64,0x0,0x7f69d86f5340,32068547,32068547,262144,10125312,1479288,165493656,380984005856482,382023006103370,382023026429258,380984025527350
241,"void copy_kernel<double>(double const*, double*) [clone .kd]",2,0,482,1093612,1093612,33554432,1024,0,0,8,0,16,64,0x0,0x7f69d86f5200,118477848,118477848,524288,1572864,233251,26046140,380984025493720,382023026468135,382023355819648,380984096483709
242,"void mul_kernel<double>(double*, double const*) [clone .kd]",2,0,484,1093612,1093612,33554432,1024,0,0,8,0,16,64,0x0,0x7f69d86f5280,121838060,121838060,524288,2097152,303332,34017936,380984096414950,382023355850491,382023640627980,380984169274210
243,"void add_kernel<double>(double const*, double const*, double*) [clone .kd]",2,0,486,1093612,1093612,33554432,1024,0,0,8,0,16,64,0x0,0x7f69d86f5240,81661954,81661954,524288,2621440,375289,41943040,380984169219101,382023640655039,382023887792743,380984218068478
244,"void triad_kernel<double>(double*, double const*, double const*) [clone .kd]",2,0,488,1093612,1093612,33554432,1024,0,0,8,0,16,64,0x0,0x7f69d86f52c0,81394171,81394171,524288,2621440,374820,41943076,380984218044918,382023887819230,382024134283973,380984266852676
245,"void dot_kernel<double>(double const*, double const*, double*, int) [clone .kd]",2,0,490,1093612,1093612,16777216,1024,8192,0,20,4,32,64,0x0,0x7f69d86f5340,32003397,32003397,262144,10125312,1447366,162088360,380984266855106,382024134395491,382024156898177,380984286365975
246,"void copy_kernel<double>(double const*, double*) [clone .kd]",2,0,492,1093612,1093612,33554432,1024,0,0,8,0,16,64,0x0,0x7f69d86f5200,119671713,119671713,524288,1572864,223568,25165824,380984286377735,382024156941375,382024449119324,380984358055938
247,"void mul_kernel<double>(double*, double const*) [clone .kd]",2,0,494,1093612,1093612,33554432,1024,0,0,8,0,16,64,0x0,0x7f69d86f5280,113436003,113436003,524288,2097152,300137,33554568,380984358027278,382024449171950,382024773143127,380984426151787
248,"void add_kernel<double>(double const*, double const*, double*) [clone .kd]",2,0,496,1093612,1093612,33554432,1024,0,0,8,0,16,64,0x0,0x7f69d86f5240,81810532,81810532,524288,2621440,374376,41943068,380984426076028,382024773189461,382024997700471,380984475101243
249,"void triad_kernel<double>(double*, double const*, double const*) [clone .kd]",2,0,498,1093612,1093612,33554432,1024,0,0,8,0,16,64,0x0,0x7f69d86f52c0,81536830,81536830,524288,2621440,373924,41943072,380984475058074,382024997738099,382025273728226,380984524087359
250,"void dot_kernel<double>(double const*, double const*, double*, int) [clone .kd]",2,0,500,1093612,1093612,16777216,1024,8192,0,20,4,32,64,0x0,0x7f69d86f5340,32007991,32007991,262144,10125312,1446576,162098944,380984524073089,382025273762146,382025294496672,380984543623268
