Dispatch_ID,Kernel_Name,GPU_ID,queue-id,queue-index,pid,tid,Grid_Size,Workgroup_Size,LDS_Per_Workgroup,Scratch_Per_Workitem,Arch_VGPR,Accum_VGPR,SGPR,wave_size,sig,obj,SQ_INSTS_VMEM,SQ_INST_LEVEL_VMEM,SQ_ACCUM_PREV_HIRES,DispatchNs,Start_Timestamp,End_Timestamp,CompleteNs
0,"void init_kernel<double>(double*, double*, double*, double, double, double) [clone .kd]",2,0,0,1199753,1199753,33554432,1024,0,0,12,4,32,64,0x0,0x7f256adf5380,1586752,55055565246,6166223309692,381065678898625,381960359710622,381960570254218,381066739127033
1,"void copy_kernel<double>(double const*, double*) [clone .kd]",2,0,2,1199753,1199753,33554432,1024,0,0,8,0,16,64,0x0,0x7f256adf5200,1054176,11728575212,1313600436969,381066739153572,381960570336288,381960634059429,381067104429860
2,"void mul_kernel<double>(double*, double const*) [clone .kd]",2,0,4,1199753,1199753,33554432,1024,0,0,8,0,16,64,0x0,0x7f256adf5280,1063680,5751271829,644142477427,381067104484549,381960634093901,381960698142649,381067329742154
3,"void add_kernel<double>(double const*, double const*, double*) [clone .kd]",2,0,6,1199753,1199753,33554432,1024,0,0,8,0,16,64,0x0,0x7f256adf5240,1590144,8890673963,995755563649,381067329789543,381960698174809,381960749863856,381067584631624
4,"void triad_kernel<double>(double*, double const*, double const*) [clone .kd]",2,0,8,1199753,1199753,33554432,1024,0,0,8,0,16,64,0x0,0x7f256adf52c0,1572864,2060018835,230722154524,381067585014968,381960749903225,381960801063174,381067636662416
5,"void dot_kernel<double>(double const*, double const*, double*, int) [clone .kd]",2,0,10,1199753,1199753,16777216,1024,8192,0,20,4,32,64,0x0,0x7f256adf5340,1064960,913289243,102288373709,381067636705056,381960801096614,381960820245454,381067656180297
6,"void copy_kernel<double>(double const*, double*) [clone .kd]",2,0,12,1199753,1199753,33554432,1024,0,0,8,0,16,64,0x0,0x7f256adf5200,1063680,6233227418,698121485813,381067656196626,381960820294633,381960884162099,381067885562908
7,"void mul_kernel<double>(double*, double const*) [clone .kd]",2,0,14,1199753,1199753,33554432,1024,0,0,8,0,16,64,0x0,0x7f256adf5280,1048576,5781341411,647510282804,381067885812755,381960884192942,381960947742641,381068068365405
8,"void add_kernel<double>(double const*, double const*, double*) [clone .kd]",2,0,16,1199753,1199753,33554432,1024,0,0,8,0,16,64,0x0,0x7f256adf5240,1572864,2310707075,258799196376,381068068392074,381960947770161,381960998740320,381068125176603
9,"void triad_kernel<double>(double*, double const*, double const*) [clone .kd]",2,0,18,1199753,1199753,33554432,1024,0,0,8,0,16,64,0x0,0x7f256adf52c0,1576192,1886406584,211277504229,381068125190323,381960998772992,381961049523304,381068212832339
10,"void dot_kernel<double>(double const*, double const*, double*, int) [clone .kd]",2,0,20,1199753,1199753,16777216,1024,8192,0,20,4,32,64,0x0,0x7f256adf5340,1064960,932134108,104399095189,381068212870898,381961049551944,381961068679011,381068232651515
11,"void copy_kernel<double>(double const*, double*) [clone .kd]",2,0,22,1199753,1199753,33554432,1024,0,0,8,0,16,64,0x0,0x7f256adf5200,1048576,2243204134,251238814928,381068232671635,381961068725171,381961134609946,381068301929802
12,"void mul_kernel<double>(double*, double const*) [clone .kd]",2,0,24,1199753,1199753,33554432,1024,0,0,8,0,16,64,0x0,0x7f256adf5280,1048576,2371704011,265630709556,381068301877013,381961134639764,381961199812028,381068371635353
13,"void add_kernel<double>(double const*, double const*, double*) [clone .kd]",2,0,26,1199753,1199753,33554432,1024,0,0,8,0,16,64,0x0,0x7f256adf5240,1572864,1859088980,208218006376,381068371584514,381961199844175,381961262841313,381068420451344
14,"void triad_kernel<double>(double*, double const*, double const*) [clone .kd]",2,0,28,1199753,1199753,33554432,1024,0,0,8,0,16,64,0x0,0x7f256adf52c0,1572864,1878360158,210376298808,381068420415865,381961263631234,381961315123379,381068468907661
15,"void dot_kernel<double>(double const*, double const*, double*, int) [clone .kd]",2,0,30,1199753,1199753,16777216,1024,8192,0,20,4,32,64,0x0,0x7f256adf5340,1126160,934554486,104670061322,381068468887821,381961315333449,381961334482114,381068513116363
16,"void copy_kernel<double>(double const*, double*) [clone .kd]",2,0,32,1199753,1199753,33554432,1024,0,0,8,0,16,64,0x0,0x7f256adf5200,1048576,2318306619,259650251456,381068513137053,381961334623823,381961398845192,381068583988536
17,"void mul_kernel<double>(double*, double const*) [clone .kd]",2,0,34,1199753,1199753,33554432,1024,0,0,8,0,16,64,0x0,0x7f256adf5280,1048576,2224148655,249104493708,381068583977306,381961398908742,381961462513304,381068652489465
18,"void add_kernel<double>(double const*, double const*, double*) [clone .kd]",2,0,36,1199753,1199753,33554432,1024,0,0,8,0,16,64,0x0,0x7f256adf5240,1572864,2033341483,227734237912,381068652437736,381961462583100,381961642037137,381068701586852
19,"void triad_kernel<double>(double*, double const*, double const*) [clone .kd]",2,0,38,1199753,1199753,33554432,1024,0,0,8,0,16,64,0x0,0x7f256adf52c0,1572864,1904682507,213324514216,381068701554703,381961642179377,381961692810335,381068750458542
20,"void dot_kernel<double>(double const*, double const*, double*, int) [clone .kd]",2,0,40,1199753,1199753,16777216,1024,8192,0,20,4,32,64,0x0,0x7f256adf5340,1064960,941735272,105474340998,381068750424973,381961692846496,381961711972758,381068770175680
21,"void copy_kernel<double>(double const*, double*) [clone .kd]",2,0,42,1199753,1199753,33554432,1024,0,0,8,0,16,64,0x0,0x7f256adf5200,1049152,2333422698,261343311366,381068770204810,381961712034895,381961942855193,381068850063815
22,"void mul_kernel<double>(double*, double const*) [clone .kd]",2,0,44,1199753,1199753,33554432,1024,0,0,8,0,16,64,0x0,0x7f256adf5280,1048576,2253999995,252448091772,381068850104714,381961942954015,381962282497003,381068919034437
23,"void add_kernel<double>(double const*, double const*, double*) [clone .kd]",2,0,46,1199753,1199753,33554432,1024,0,0,8,0,16,64,0x0,0x7f256adf5240,1572864,1938760119,217141034308,381068918971218,381962282831677,381962400322542,381068967310246
24,"void triad_kernel<double>(double*, double const*, double const*) [clone .kd]",2,0,48,1199753,1199753,33554432,1024,0,0,8,0,16,64,0x0,0x7f256adf52c0,1572864,1894435832,212176871896,381068967301036,381962400379733,381962591636616,381069016086848
25,"void dot_kernel<double>(double const*, double const*, double*, int) [clone .kd]",2,0,50,1199753,1199753,16777216,1024,8192,0,20,4,32,64,0x0,0x7f256adf5340,1064960,907876246,101682137036,381069016068359,381962591682536,381962611183040,381069035694867
26,"void copy_kernel<double>(double const*, double*) [clone .kd]",2,0,52,1199753,1199753,33554432,1024,0,0,8,0,16,64,0x0,0x7f256adf5200,1048576,2322184748,260084666256,381069035711097,381962611236691,381962791818703,381069108568710
27,"void mul_kernel<double>(double*, double const*) [clone .kd]",2,0,54,1199753,1199753,33554432,1024,0,0,8,0,16,64,0x0,0x7f256adf5280,1048576,2233422299,250143286712,381069108557650,381962791863039,381963117779924,381069177471383
28,"void add_kernel<double>(double const*, double const*, double*) [clone .kd]",2,0,56,1199753,1199753,33554432,1024,0,0,8,0,16,64,0x0,0x7f256adf5240,1572864,1942856964,217599897592,381069177416624,381963117812496,381963234591998,381069226390433
29,"void triad_kernel<double>(double*, double const*, double const*) [clone .kd]",2,0,58,1199753,1199753,33554432,1024,0,0,8,0,16,64,0x0,0x7f256adf52c0,1577056,1888150291,211472702037,381069226380113,381963234636270,381963424866579,381069293682050
30,"void dot_kernel<double>(double const*, double const*, double*, int) [clone .kd]",2,0,60,1199753,1199753,16777216,1024,8192,0,20,4,32,64,0x0,0x7f256adf5340,1064960,906517383,101529915626,381069293771649,381963424897459,381963445365003,381069313301749
31,"void copy_kernel<double>(double const*, double*) [clone .kd]",2,0,62,1199753,1199753,33554432,1024,0,0,8,0,16,64,0x0,0x7f256adf5200,1048576,2388235238,267482280608,381069313287560,381963445424435,381963625222415,381069384507137
32,"void mul_kernel<double>(double*, double const*) [clone .kd]",2,0,64,1199753,1199753,33554432,1024,0,0,8,0,16,64,0x0,0x7f256adf5280,1048576,2226686025,249388838380,381069384487108,381963625268613,381963982465031,381069452215919
33,"void add_kernel<double>(double const*, double const*, double*) [clone .kd]",2,0,66,1199753,1199753,33554432,1024,0,0,8,0,16,64,0x0,0x7f256adf5240,1572864,1940698693,217358272548,381069452168410,381963982546375,381964103338208,381069500379200
34,"void triad_kernel<double>(double*, double const*, double const*) [clone .kd]",2,0,68,1199753,1199753,33554432,1024,0,0,8,0,16,64,0x0,0x7f256adf52c0,1572864,1901556637,212974413852,381069500493648,381964103387547,381964285464413,381069548550091
35,"void dot_kernel<double>(double const*, double const*, double*, int) [clone .kd]",2,0,70,1199753,1199753,16777216,1024,8192,0,20,4,32,64,0x0,0x7f256adf5340,1064960,935072199,104728141631,381069548516552,381964285501853,381964305448277,381069567954394
36,"void copy_kernel<double>(double const*, double*) [clone .kd]",2,0,72,1199753,1199753,33554432,1024,0,0,8,0,16,64,0x0,0x7f256adf5200,1048576,2424011451,271489269980,381069567978063,381964305492514,381964536319996,381069639538026
37,"void mul_kernel<double>(double*, double const*) [clone .kd]",2,0,74,1199753,1199753,33554432,1024,0,0,8,0,16,64,0x0,0x7f256adf5280,1048576,2241032325,250995654164,381069639485066,381964536595809,381964908129208,381069732663897
38,"void add_kernel<double>(double const*, double const*, double*) [clone .kd]",2,0,76,1199753,1199753,33554432,1024,0,0,8,0,16,64,0x0,0x7f256adf5240,1572864,1918911203,214918008800,381069732641377,381964908274651,381965128970439,381069781894142
39,"void triad_kernel<double>(double*, double const*, double const*) [clone .kd]",2,0,78,1199753,1199753,33554432,1024,0,0,8,0,16,64,0x0,0x7f256adf52c0,1572864,1884253390,211036461080,381069781862822,381965129125974,381965366225302,381069830721373
40,"void dot_kernel<double>(double const*, double const*, double*, int) [clone .kd]",2,0,80,1199753,1199753,16777216,1024,8192,0,20,4,32,64,0x0,0x7f256adf5340,1064960,918090999,102826260978,381069830695284,381965366277302,381965385789805,381069850051697
41,"void copy_kernel<double>(double const*, double*) [clone .kd]",2,0,82,1199753,1199753,33554432,1024,0,0,8,0,16,64,0x0,0x7f256adf5200,1048576,2487991218,278655115656,381069850072876,381965385832361,381965803369214,381069925052236
42,"void mul_kernel<double>(double*, double const*) [clone .kd]",2,0,84,1199753,1199753,33554432,1024,0,0,8,0,16,64,0x0,0x7f256adf5280,1048576,2343929152,262520069464,381069924975438,381965803507375,381966231146487,381069995480996
43,"void add_kernel<double>(double const*, double const*, double*) [clone .kd]",2,0,86,1199753,1199753,33554432,1024,0,0,8,0,16,64,0x0,0x7f256adf5240,1572864,2008137943,224911293188,381069995426347,381966231417852,381966620303114,381070044938558
44,"void triad_kernel<double>(double*, double const*, double const*) [clone .kd]",2,0,88,1199753,1199753,33554432,1024,0,0,8,0,16,64,0x0,0x7f256adf52c0,1572864,1955030359,218963511072,381070044890928,381966620451694,381966803274474,381070094029205
45,"void dot_kernel<double>(double const*, double const*, double*, int) [clone .kd]",2,0,90,1199753,1199753,16777216,1024,8192,0,20,4,32,64,0x0,0x7f256adf5340,1064960,896085541,100361556305,381070093953636,381966803343594,381966846562366,381070113289219
46,"void copy_kernel<double>(double const*, double*) [clone .kd]",2,0,92,1199753,1199753,33554432,1024,0,0,8,0,16,64,0x0,0x7f256adf5200,1051648,2483866187,278193003716,381070113275859,381966846681168,381967285311461,381070210718245
47,"void mul_kernel<double>(double*, double const*) [clone .kd]",2,0,94,1199753,1199753,33554432,1024,0,0,8,0,16,64,0x0,0x7f256adf5280,1048576,2191929932,245496033820,381070210692075,381967285455092,381967816508385,381070278642413
48,"void add_kernel<double>(double const*, double const*, double*) [clone .kd]",2,0,96,1199753,1199753,33554432,1024,0,0,8,0,16,64,0x0,0x7f256adf5240,1572864,2078668579,232810813276,381070278584944,381967816794380,381968188716273,381070329452023
49,"void triad_kernel<double>(double*, double const*, double const*) [clone .kd]",2,0,98,1199753,1199753,33554432,1024,0,0,8,0,16,64,0x0,0x7f256adf52c0,1572864,1925471895,215652676128,381070329420704,381968188785183,381968583609182,381070377850271
50,"void dot_kernel<double>(double const*, double const*, double*, int) [clone .kd]",2,0,100,1199753,1199753,16777216,1024,8192,0,20,4,32,64,0x0,0x7f256adf5340,1064960,950914738,106502448155,381070377800222,381968583822942,381968606267129,381070397260473
51,"void copy_kernel<double>(double const*, double*) [clone .kd]",2,0,102,1199753,1199753,33554432,1024,0,0,8,0,16,64,0x0,0x7f256adf5200,1048576,2496525344,279610891100,381070397032917,381968606310214,381969071380052,381070471337277
52,"void mul_kernel<double>(double*, double const*) [clone .kd]",2,0,104,1199753,1199753,33554432,1024,0,0,8,0,16,64,0x0,0x7f256adf5280,1048576,2344562397,262590908496,381070471304348,381969071586432,381969594628028,381070540346889
53,"void add_kernel<double>(double const*, double const*, double*) [clone .kd]",2,0,106,1199753,1199753,33554432,1024,0,0,8,0,16,64,0x0,0x7f256adf5240,1584336,1946079604,217960813599,381070540320939,381969594813106,381969805727914,381070596234402
54,"void triad_kernel<double>(double*, double const*, double const*) [clone .kd]",2,0,108,1199753,1199753,33554432,1024,0,0,8,0,16,64,0x0,0x7f256adf52c0,1572864,1875365228,210040859964,381070596282821,381969805916173,381970140841856,381070645194851
55,"void dot_kernel<double>(double const*, double const*, double*, int) [clone .kd]",2,0,110,1199753,1199753,16777216,1024,8192,0,20,4,32,64,0x0,0x7f256adf5340,1064960,951372133,106553628690,381070645168951,381970140919296,381970163461083,381070664595433
56,"void copy_kernel<double>(double const*, double*) [clone .kd]",2,0,112,1199753,1199753,33554432,1024,0,0,8,0,16,64,0x0,0x7f256adf5200,1048576,2399782936,268775635004,381070664591523,381970163505248,381970552729403,381070738248503
57,"void mul_kernel<double>(double*, double const*) [clone .kd]",2,0,114,1199753,1199753,33554432,1024,0,0,8,0,16,64,0x0,0x7f256adf5280,1048576,2095721444,234720712284,381070738206124,381970552873579,381971077333091,381070805391503
58,"void add_kernel<double>(double const*, double const*, double*) [clone .kd]",2,0,116,1199753,1199753,33554432,1024,0,0,8,0,16,64,0x0,0x7f256adf5240,1572864,2008217110,224920317556,381070805338204,381971077465207,381971284853610,381070855841770
59,"void triad_kernel<double>(double*, double const*, double const*) [clone .kd]",2,0,118,1199753,1199753,33554432,1024,0,0,8,0,16,64,0x0,0x7f256adf52c0,1572864,1886865037,211328970232,381070855836190,381971284885933,381971506385556,381070904161968
60,"void dot_kernel<double>(double const*, double const*, double*, int) [clone .kd]",2,0,120,1199753,1199753,16777216,1024,8192,0,20,4,32,64,0x0,0x7f256adf5340,1064960,946415779,105998468186,381070904129499,381971506579156,381971527228460,381070923585210
61,"void copy_kernel<double>(double const*, double*) [clone .kd]",2,0,122,1199753,1199753,33554432,1024,0,0,8,0,16,64,0x0,0x7f256adf5200,1048576,2409342119,269846368492,381070923600980,381971527274443,381971894287531,381070995074304
62,"void mul_kernel<double>(double*, double const*) [clone .kd]",2,0,124,1199753,1199753,33554432,1024,0,0,8,0,16,64,0x0,0x7f256adf5280,1048576,2365481506,264933814776,381070995026635,381971894355710,381972272180332,381071066290592
63,"void add_kernel<double>(double const*, double const*, double*) [clone .kd]",2,0,126,1199753,1199753,33554432,1024,0,0,8,0,16,64,0x0,0x7f256adf5240,1572864,1916075278,214600415064,381071066223523,381972272355219,381972592130473,381071114843577
64,"void triad_kernel<double>(double*, double const*, double const*) [clone .kd]",2,0,128,1199753,1199753,33554432,1024,0,0,8,0,16,64,0x0,0x7f256adf52c0,1579296,1875116150,210012982155,381071114800898,381972592181293,381972964197261,381071183120050
65,"void dot_kernel<double>(double const*, double const*, double*, int) [clone .kd]",2,0,130,1199753,1199753,16777216,1024,8192,0,20,4,32,64,0x0,0x7f256adf5340,1064960,921350847,103191249277,381071183203248,381972964327341,381972987141608,381071202919346
66,"void copy_kernel<double>(double const*, double*) [clone .kd]",2,0,132,1199753,1199753,33554432,1024,0,0,8,0,16,64,0x0,0x7f256adf5200,1048576,2452434547,274672698224,381071202938426,381972987226639,381973441342691,381071276162003
67,"void mul_kernel<double>(double*, double const*) [clone .kd]",2,0,134,1199753,1199753,33554432,1024,0,0,8,0,16,64,0x0,0x7f256adf5280,1048576,2251987026,252222452120,381071276160463,381973441472947,381973848473900,381071345491939
68,"void add_kernel<double>(double const*, double const*, double*) [clone .kd]",2,0,136,1199753,1199753,33554432,1024,0,0,8,0,16,64,0x0,0x7f256adf5240,1572864,1939381673,217210720340,381071345473270,381973848517087,381974080686156,381071395050379
69,"void triad_kernel<double>(double*, double const*, double const*) [clone .kd]",2,0,138,1199753,1199753,33554432,1024,0,0,8,0,16,64,0x0,0x7f256adf52c0,1572864,1867533345,209163565604,381071395097158,381974080884689,381974274551155,381071444065697
70,"void dot_kernel<double>(double const*, double const*, double*, int) [clone .kd]",2,0,140,1199753,1199753,16777216,1024,8192,0,20,4,32,64,0x0,0x7f256adf5340,1064960,974997689,109199652461,381071444047587,381974274587635,381974294842858,381071463791025
71,"void copy_kernel<double>(double const*, double*) [clone .kd]",2,0,142,1199753,1199753,33554432,1024,0,0,8,0,16,64,0x0,0x7f256adf5200,1048576,2335970058,261628626976,381071463814734,381974294882308,381974739147146,381071534892424
72,"void mul_kernel<double>(double*, double const*) [clone .kd]",2,0,144,1199753,1199753,33554432,1024,0,0,8,0,16,64,0x0,0x7f256adf5280,1048576,2177384181,243866949692,381071534865534,381974739426904,381975243857894,381071601788888
73,"void add_kernel<double>(double const*, double const*, double*) [clone .kd]",2,0,146,1199753,1199753,33554432,1024,0,0,8,0,16,64,0x0,0x7f256adf5240,1572864,2061057820,230838470780,381071601725899,381975243988662,381975530776352,381071652421131
74,"void triad_kernel<double>(double*, double const*, double const*) [clone .kd]",2,0,148,1199753,1199753,33554432,1024,0,0,8,0,16,64,0x0,0x7f256adf52c0,1572864,1867701767,209182606656,381071652425511,381975530947417,381975748303665,381071701063925
75,"void dot_kernel<double>(double const*, double const*, double*, int) [clone .kd]",2,0,150,1199753,1199753,16777216,1024,8192,0,20,4,32,64,0x0,0x7f256adf5340,1138400,938505516,105112734471,381071701097615,381975748460305,381975769210408,381071745341896
76,"void copy_kernel<double>(double const*, double*) [clone .kd]",2,0,152,1199753,1199753,33554432,1024,0,0,8,0,16,64,0x0,0x7f256adf5200,1048576,2378742786,266419236640,381071745443655,381975769324613,381976240601325,381071816920228
77,"void mul_kernel<double>(double*, double const*) [clone .kd]",2,0,154,1199753,1199753,33554432,1024,0,0,8,0,16,64,0x0,0x7f256adf5280,1048576,2375259700,266029235576,381071816898969,381976240732358,381976771142574,381071888957243
78,"void add_kernel<double>(double const*, double const*, double*) [clone .kd]",2,0,156,1199753,1199753,33554432,1024,0,0,8,0,16,64,0x0,0x7f256adf5240,1572864,1976436112,221360806764,381071888867385,381976771306557,381977145953715,381071938112009
79,"void triad_kernel<double>(double*, double const*, double const*) [clone .kd]",2,0,158,1199753,1199753,33554432,1024,0,0,8,0,16,64,0x0,0x7f256adf52c0,1572864,1788712600,200335862804,381071938083350,381977146016636,381977531246197,381071986098424
80,"void dot_kernel<double>(double const*, double const*, double*, int) [clone .kd]",2,0,160,1199753,1199753,16777216,1024,8192,0,20,4,32,64,0x0,0x7f256adf5340,1064960,932251773,104412179383,381071986094873,381977531473237,381977553891502,381072005828691
81,"void copy_kernel<double>(double const*, double*) [clone .kd]",2,0,162,1199753,1199753,33554432,1024,0,0,8,0,16,64,0x0,0x7f256adf5200,1048576,2412521024,270202316412,381072005839921,381977553989682,381977992607470,381072077051129
82,"void mul_kernel<double>(double*, double const*) [clone .kd]",2,0,164,1199753,1199753,33554432,1024,0,0,8,0,16,64,0x0,0x7f256adf5280,1048576,2439492026,273223003848,381072076968130,381977992708344,381978529970884,381072149582056
83,"void add_kernel<double>(double const*, double const*, double*) [clone .kd]",2,0,166,1199753,1199753,33554432,1024,0,0,8,0,16,64,0x0,0x7f256adf5240,1572864,1868273056,209246493104,381072149542977,381978530098853,381978834234878,381072198549535
84,"void triad_kernel<double>(double*, double const*, double const*) [clone .kd]",2,0,168,1199753,1199753,33554432,1024,0,0,8,0,16,64,0x0,0x7f256adf52c0,1572864,1875944310,210105776824,381072198563634,381978834286654,381979024621109,381072247633662
85,"void dot_kernel<double>(double const*, double const*, double*, int) [clone .kd]",2,0,170,1199753,1199753,16777216,1024,8192,0,20,4,32,64,0x0,0x7f256adf5340,1064960,946807373,106042361811,381072247638262,381979024650549,381979067288677,381072267234631
86,"void copy_kernel<double>(double const*, double*) [clone .kd]",2,0,172,1199753,1199753,33554432,1024,0,0,8,0,16,64,0x0,0x7f256adf5200,1053520,2199676711,246363862813,381072267201492,381979067374684,381979536305941,381072359902160
87,"void mul_kernel<double>(double*, double const*) [clone .kd]",2,0,174,1199753,1199753,33554432,1024,0,0,8,0,16,64,0x0,0x7f256adf5280,1048576,2419015695,270929680064,381072359886920,381979536375549,381980062043662,381072432415858
88,"void add_kernel<double>(double const*, double const*, double*) [clone .kd]",2,0,176,1199753,1199753,33554432,1024,0,0,8,0,16,64,0x0,0x7f256adf5240,1572864,1961824400,219724368512,381072432366899,381980062209469,381980432146684,381072480625468
89,"void triad_kernel<double>(double*, double const*, double const*) [clone .kd]",2,0,178,1199753,1199753,33554432,1024,0,0,8,0,16,64,0x0,0x7f256adf52c0,1572864,1939126636,217182038328,381072480589959,381980432203352,381980824475790,381072528889148
90,"void dot_kernel<double>(double const*, double const*, double*, int) [clone .kd]",2,0,180,1199753,1199753,16777216,1024,8192,0,20,4,32,64,0x0,0x7f256adf5340,1064960,937124123,104957917165,381072528852299,381980824760590,381980846990375,381072548568966
91,"void copy_kernel<double>(double const*, double*) [clone .kd]",2,0,182,1199753,1199753,33554432,1024,0,0,8,0,16,64,0x0,0x7f256adf5200,1048576,2441435319,273440812172,381072548548656,381980847093246,381981288901913,381072621426849
92,"void mul_kernel<double>(double*, double const*) [clone .kd]",2,0,184,1199753,1199753,33554432,1024,0,0,8,0,16,64,0x0,0x7f256adf5280,1048576,2189425377,245215562720,381072621377019,381981288973398,381981840110817,381072689379196
93,"void add_kernel<double>(double const*, double const*, double*) [clone .kd]",2,0,186,1199753,1199753,33554432,1024,0,0,8,0,16,64,0x0,0x7f256adf5240,1572864,1910845875,214014699556,381072689320857,381981840258842,381982208366770,381072738883077
94,"void triad_kernel<double>(double*, double const*, double const*) [clone .kd]",2,0,188,1199753,1199753,33554432,1024,0,0,8,0,16,64,0x0,0x7f256adf52c0,1572864,1906947182,213578055928,381072738846047,381982208435365,381982596443474,381072787134817
95,"void dot_kernel<double>(double const*, double const*, double*, int) [clone .kd]",2,0,190,1199753,1199753,16777216,1024,8192,0,20,4,32,64,0x0,0x7f256adf5340,1064960,936609165,104900263407,381072787100438,381982596553234,381982619202699,381072806507160
96,"void copy_kernel<double>(double const*, double*) [clone .kd]",2,0,192,1199753,1199753,33554432,1024,0,0,8,0,16,64,0x0,0x7f256adf5200,1051040,2447990227,274174924848,381072806516490,381982619249227,381983059736754,381072887023285
97,"void mul_kernel<double>(double*, double const*) [clone .kd]",2,0,194,1199753,1199753,33554432,1024,0,0,8,0,16,64,0x0,0x7f256adf5280,1048576,2238931266,250760352112,381072886883847,381983059828681,381983569554519,381072954807845
98,"void add_kernel<double>(double const*, double const*, double*) [clone .kd]",2,0,196,1199753,1199753,33554432,1024,0,0,8,0,16,64,0x0,0x7f256adf5240,1572864,1993779088,223303177172,381072954758636,381983569729778,381983932091141,381073004033070
99,"void triad_kernel<double>(double*, double const*, double const*) [clone .kd]",2,0,198,1199753,1199753,33554432,1024,0,0,8,0,16,64,0x0,0x7f256adf52c0,1572864,1925089031,215609909416,381073003976501,381983932132336,381984319075322,381073053091988
100,"void dot_kernel<double>(double const*, double const*, double*, int) [clone .kd]",2,0,200,1199753,1199753,16777216,1024,8192,0,20,4,32,64,0x0,0x7f256adf5340,1064960,955118585,106973186018,381073053035088,381984319347482,381984342200787,381073072450551
101,"void copy_kernel<double>(double const*, double*) [clone .kd]",2,0,202,1199753,1199753,33554432,1024,0,0,8,0,16,64,0x0,0x7f256adf5200,1048576,2339819267,262059684504,381073072463321,381984342246107,381984774936661,381073143378523
102,"void mul_kernel<double>(double*, double const*) [clone .kd]",2,0,204,1199753,1199753,33554432,1024,0,0,8,0,16,64,0x0,0x7f256adf5280,1048576,2290569355,256543687104,381073143331374,381984775007939,381985319630767,381073213290461
103,"void add_kernel<double>(double const*, double const*, double*) [clone .kd]",2,0,206,1199753,1199753,33554432,1024,0,0,8,0,16,64,0x0,0x7f256adf5240,1572864,1928978867,216045627364,381073213239261,381985319774207,381985692821489,381073261672538
104,"void triad_kernel<double>(double*, double const*, double const*) [clone .kd]",2,0,208,1199753,1199753,33554432,1024,0,0,8,0,16,64,0x0,0x7f256adf52c0,1572864,1927496742,215879617908,381073261648539,381985692885072,381986085449173,381073310298902
105,"void dot_kernel<double>(double const*, double const*, double*, int) [clone .kd]",2,0,210,1199753,1199753,16777216,1024,8192,0,20,4,32,64,0x0,0x7f256adf5340,1064960,947328533,106100764952,381073310248613,381986085662933,381986108383757,381073329610836
106,"void copy_kernel<double>(double const*, double*) [clone .kd]",2,0,212,1199753,1199753,33554432,1024,0,0,8,0,16,64,0x0,0x7f256adf5200,1048576,2459139157,275423576500,381073329590966,381986108432521,381986542300655,381073402734575
107,"void mul_kernel<double>(double*, double const*) [clone .kd]",2,0,214,1199753,1199753,33554432,1024,0,0,8,0,16,64,0x0,0x7f256adf5280,1048576,2279239866,255274862904,381073402663346,381986542382002,381987054030517,381073471212874
108,"void add_kernel<double>(double const*, double const*, double*) [clone .kd]",2,0,216,1199753,1199753,33554432,1024,0,0,8,0,16,64,0x0,0x7f256adf5240,1572864,1949564448,218351143576,381073471151165,381987054299543,381987418859898,381073520184663
109,"void triad_kernel<double>(double*, double const*, double const*) [clone .kd]",2,0,218,1199753,1199753,33554432,1024,0,0,8,0,16,64,0x0,0x7f256adf52c0,1572864,1892484648,211958147976,381073520144834,381987418932442,381987805665448,381073567845222
110,"void dot_kernel<double>(double const*, double const*, double*, int) [clone .kd]",2,0,220,1199753,1199753,16777216,1024,8192,0,20,4,32,64,0x0,0x7f256adf5340,1064960,923221188,103400744445,381073567793623,381987805916968,381987828338589,381073587492041
111,"void copy_kernel<double>(double const*, double*) [clone .kd]",2,0,222,1199753,1199753,33554432,1024,0,0,8,0,16,64,0x0,0x7f256adf5200,1048576,2388887838,267555426520,381073587449651,381987828459185,381988260573661,381073659043823
112,"void mul_kernel<double>(double*, double const*) [clone .kd]",2,0,224,1199753,1199753,33554432,1024,0,0,8,0,16,64,0x0,0x7f256adf5280,1048576,2355475719,263813315124,381073658976024,381988260805004,381988797525625,381073729867357
113,"void add_kernel<double>(double const*, double const*, double*) [clone .kd]",2,0,226,1199753,1199753,33554432,1024,0,0,8,0,16,64,0x0,0x7f256adf5240,1572864,1915406058,214525502316,381073729811188,381988797681323,381989024823913,381073779649693
114,"void triad_kernel<double>(double*, double const*, double const*) [clone .kd]",2,0,228,1199753,1199753,33554432,1024,0,0,8,0,16,64,0x0,0x7f256adf52c0,1572864,1879851583,210543281200,381073779619814,381989024866636,381989235018968,381073829480349
115,"void dot_kernel<double>(double const*, double const*, double*, int) [clone .kd]",2,0,230,1199753,1199753,16777216,1024,8192,0,20,4,32,64,0x0,0x7f256adf5340,1064960,967008773,108305002656,381073829419570,381989235054808,381989255861705,381073848833572
116,"void copy_kernel<double>(double const*, double*) [clone .kd]",2,0,232,1199753,1199753,33554432,1024,0,0,8,0,16,64,0x0,0x7f256adf5200,1048576,2450099692,274411189128,381073848808713,381989255901581,381989575923115,381073923235811
117,"void mul_kernel<double>(double*, double const*) [clone .kd]",2,0,234,1199753,1199753,33554432,1024,0,0,8,0,16,64,0x0,0x7f256adf5280,1050272,2339275372,261998739808,381073923164012,381989575963904,381989994055594,381074014147537
118,"void add_kernel<double>(double const*, double const*, double*) [clone .kd]",2,0,236,1199753,1199753,33554432,1024,0,0,8,0,16,64,0x0,0x7f256adf5240,1572864,1961058839,219638605048,381074014073968,381989994286087,381990369625252,381074065248753
119,"void triad_kernel<double>(double*, double const*, double const*) [clone .kd]",2,0,238,1199753,1199753,33554432,1024,0,0,8,0,16,64,0x0,0x7f256adf52c0,1572864,1973056692,220982235264,381074065238033,381990369681937,381990645685020,381074113871817
120,"void dot_kernel<double>(double const*, double const*, double*, int) [clone .kd]",2,0,240,1199753,1199753,16777216,1024,8192,0,20,4,32,64,0x0,0x7f256adf5340,1064960,931096696,104282822483,381074113822518,381990645721180,381990675642001,381074133254320
121,"void copy_kernel<double>(double const*, double*) [clone .kd]",2,0,242,1199753,1199753,33554432,1024,0,0,8,0,16,64,0x0,0x7f256adf5200,1048576,2395561043,268302848168,381074133222210,381990675806067,381991111367179,381074204355689
122,"void mul_kernel<double>(double*, double const*) [clone .kd]",2,0,244,1199753,1199753,33554432,1024,0,0,8,0,16,64,0x0,0x7f256adf5280,1048576,2218777564,248503236240,381074204293400,381991111430981,381991463844175,381074272303157
123,"void add_kernel<double>(double const*, double const*, double*) [clone .kd]",2,0,246,1199753,1199753,33554432,1024,0,0,8,0,16,64,0x0,0x7f256adf5240,1572864,2020864926,226336754916,381074272239488,381991463876718,381991655628359,381074322886261
124,"void triad_kernel<double>(double*, double const*, double const*) [clone .kd]",2,0,248,1199753,1199753,33554432,1024,0,0,8,0,16,64,0x0,0x7f256adf52c0,1572864,1849242604,207115168680,381074322867062,381991655655252,381992020500595,381074370839335
125,"void dot_kernel<double>(double const*, double const*, double*, int) [clone .kd]",2,0,250,1199753,1199753,16777216,1024,8192,0,20,4,32,64,0x0,0x7f256adf5340,1064960,936053750,104837985918,381074370823496,381992020751475,381992043696289,381074390273157
126,"void copy_kernel<double>(double const*, double*) [clone .kd]",2,0,252,1199753,1199753,33554432,1024,0,0,8,0,16,64,0x0,0x7f256adf5200,1048576,2395300052,268273502896,381074390247008,381992043749618,381992477159293,381074461925218
127,"void mul_kernel<double>(double*, double const*) [clone .kd]",2,0,254,1199753,1199753,33554432,1024,0,0,8,0,16,64,0x0,0x7f256adf5280,1048576,2240161471,250898176892,381074461898059,381992477234589,381993014998045,381074528954961
128,"void add_kernel<double>(double const*, double const*, double*) [clone .kd]",2,0,256,1199753,1199753,33554432,1024,0,0,8,0,16,64,0x0,0x7f256adf5240,1572864,2008458845,224947347392,381074528891111,381993015194629,381993393222150,381074577641714
129,"void triad_kernel<double>(double*, double const*, double const*) [clone .kd]",2,0,258,1199753,1199753,33554432,1024,0,0,8,0,16,64,0x0,0x7f256adf52c0,1572864,1894013887,212129661420,381074577625424,381993393294390,381993703412751,381074625838704
130,"void dot_kernel<double>(double const*, double const*, double*, int) [clone .kd]",2,0,260,1199753,1199753,16777216,1024,8192,0,20,4,32,64,0x0,0x7f256adf5340,1064960,940247291,105307699034,381074625791495,381993703447631,381993724329559,381074645059660
131,"void copy_kernel<double>(double const*, double*) [clone .kd]",2,0,262,1199753,1199753,33554432,1024,0,0,8,0,16,64,0x0,0x7f256adf5200,1048576,2278054747,255142040064,381074645054089,381993724366964,381994187666324,381074714528084
132,"void mul_kernel<double>(double*, double const*) [clone .kd]",2,0,264,1199753,1199753,33554432,1024,0,0,8,0,16,64,0x0,0x7f256adf5280,1048576,2273284738,254607852608,381074714494704,381994187802654,381994703895286,381074783668254
133,"void add_kernel<double>(double const*, double const*, double*) [clone .kd]",2,0,266,1199753,1199753,33554432,1024,0,0,8,0,16,64,0x0,0x7f256adf5240,1572864,1892643651,211976137220,381074783633794,381994703968407,381995081886263,381074832584673
134,"void triad_kernel<double>(double*, double const*, double const*) [clone .kd]",2,0,268,1199753,1199753,33554432,1024,0,0,8,0,16,64,0x0,0x7f256adf52c0,1572864,1918152462,214833047216,381074832554764,381995082175232,381995454101872,381074881191388
135,"void dot_kernel<double>(double const*, double const*, double*, int) [clone .kd]",2,0,270,1199753,1199753,16777216,1024,8192,0,20,4,32,64,0x0,0x7f256adf5340,1064960,962981081,107853905856,381074881153688,381995454157872,381995476331796,381074900387953
136,"void copy_kernel<double>(double const*, double*) [clone .kd]",2,0,272,1199753,1199753,33554432,1024,0,0,8,0,16,64,0x0,0x7f256adf5200,1048576,2392676923,267979759616,381074900389733,381995476370368,381995911741319,381074970466918
137,"void mul_kernel<double>(double*, double const*) [clone .kd]",2,0,274,1199753,1199753,33554432,1024,0,0,8,0,16,64,0x0,0x7f256adf5280,1048576,2143941346,240121472808,381074970435399,381995911803535,381996448457353,381075036383767
138,"void add_kernel<double>(double const*, double const*, double*) [clone .kd]",2,0,276,1199753,1199753,33554432,1024,0,0,8,0,16,64,0x0,0x7f256adf5240,1572864,2029006897,227248798364,381075036348178,381996448645279,381996823573631,381075085098500
139,"void triad_kernel<double>(double*, double const*, double const*) [clone .kd]",2,0,278,1199753,1199753,33554432,1024,0,0,8,0,16,64,0x0,0x7f256adf52c0,1581776,1847244274,206891321737,381075085075540,381996823671179,381997186241912,381075156838210
140,"void dot_kernel<double>(double const*, double const*, double*, int) [clone .kd]",2,0,280,1199753,1199753,16777216,1024,8192,0,20,4,32,64,0x0,0x7f256adf5340,1064960,910446160,101969924801,381075156842620,381997186306392,381997209039032,381075176416250
141,"void copy_kernel<double>(double const*, double*) [clone .kd]",2,0,282,1199753,1199753,33554432,1024,0,0,8,0,16,64,0x0,0x7f256adf5200,1048576,2397954269,268570824884,381075176413539,381997209080645,381997670625925,381075248145229
142,"void mul_kernel<double>(double*, double const*) [clone .kd]",2,0,284,1199753,1199753,33554432,1024,0,0,8,0,16,64,0x0,0x7f256adf5280,1048576,2374084744,265897444380,381075248095990,381997670754644,381998189808856,381075318489320
143,"void add_kernel<double>(double const*, double const*, double*) [clone .kd]",2,0,286,1199753,1199753,33554432,1024,0,0,8,0,16,64,0x0,0x7f256adf5240,1572864,1974207015,221111070660,381075318460351,381998189864902,381998375940250,381075367118044
144,"void triad_kernel<double>(double*, double const*, double const*) [clone .kd]",2,0,288,1199753,1199753,33554432,1024,0,0,8,0,16,64,0x0,0x7f256adf52c0,1572864,1936743005,216915251524,381075367105194,381998375978170,381998577270312,381075415518822
145,"void dot_kernel<double>(double const*, double const*, double*, int) [clone .kd]",2,0,290,1199753,1199753,16777216,1024,8192,0,20,4,32,64,0x0,0x7f256adf5340,1064960,937573235,105008172509,381075415493742,381998577310312,381998598264229,381075434790216
146,"void copy_kernel<double>(double const*, double*) [clone .kd]",2,0,292,1199753,1199753,33554432,1024,0,0,8,0,16,64,0x0,0x7f256adf5200,1048576,2364938161,264873042140,381075434785327,381998598300899,381999051659881,381075504681534
147,"void mul_kernel<double>(double*, double const*) [clone .kd]",2,0,294,1199753,1199753,33554432,1024,0,0,8,0,16,64,0x0,0x7f256adf5280,1048576,2372287538,265696240816,381075504627675,381999051766412,381999581297840,381075573965472
148,"void add_kernel<double>(double const*, double const*, double*) [clone .kd]",2,0,296,1199753,1199753,33554432,1024,0,0,8,0,16,64,0x0,0x7f256adf5240,1572864,1935953456,216826837836,381075573918022,381999581356133,381999957558936,381075623409013
149,"void triad_kernel<double>(double*, double const*, double const*) [clone .kd]",2,0,298,1199753,1199753,33554432,1024,0,0,8,0,16,64,0x0,0x7f256adf52c0,1572864,1823463221,204227694736,381075623387894,381999957609453,382000232950507,381075671293699
150,"void dot_kernel<double>(double const*, double const*, double*, int) [clone .kd]",2,0,300,1199753,1199753,16777216,1024,8192,0,20,4,32,64,0x0,0x7f256adf5340,1064960,947540117,106124434517,381075671249020,382000233086665,382000253972900,381075690519324
151,"void copy_kernel<double>(double const*, double*) [clone .kd]",2,0,302,1199753,1199753,33554432,1024,0,0,8,0,16,64,0x0,0x7f256adf5200,1048576,2274573669,254752201484,381075690522824,382000254026829,382000537335590,381075760818016
152,"void mul_kernel<double>(double*, double const*) [clone .kd]",2,0,304,1199753,1199753,33554432,1024,0,0,8,0,16,64,0x0,0x7f256adf5280,1048576,2210025198,247522853464,381075760768667,382000537369633,382000865430980,381075829684499
153,"void add_kernel<double>(double const*, double const*, double*) [clone .kd]",2,0,306,1199753,1199753,33554432,1024,0,0,8,0,16,64,0x0,0x7f256adf5240,1572864,2005989095,224670747720,381075829638980,382000865465404,382001077744064,381075878755557
154,"void triad_kernel<double>(double*, double const*, double const*) [clone .kd]",2,0,308,1199753,1199753,33554432,1024,0,0,8,0,16,64,0x0,0x7f256adf52c0,1572864,1910830026,214012925356,381075878712078,382001077784952,382001268147133,381075926699721
155,"void dot_kernel<double>(double const*, double const*, double*, int) [clone .kd]",2,0,310,1199753,1199753,16777216,1024,8192,0,20,4,32,64,0x0,0x7f256adf5340,1064960,932680947,104460296674,381075926660952,382001268179133,382001287676405,381075945950476
156,"void copy_kernel<double>(double const*, double*) [clone .kd]",2,0,312,1199753,1199753,33554432,1024,0,0,8,0,16,64,0x0,0x7f256adf5200,1048576,2337063040,261751010132,381075945937276,382001287713846,382001600204940,381076015986592
157,"void mul_kernel<double>(double*, double const*) [clone .kd]",2,0,314,1199753,1199753,33554432,1024,0,0,8,0,16,64,0x0,0x7f256adf5280,1048576,2220983361,248750192496,381076015918013,382001600379333,382002116380263,381076083369918
158,"void add_kernel<double>(double const*, double const*, double*) [clone .kd]",2,0,316,1199753,1199753,33554432,1024,0,0,8,0,16,64,0x0,0x7f256adf5240,1572864,1952359722,218664325576,381076083315369,382002116436429,382002335895861,381076131582299
159,"void triad_kernel<double>(double*, double const*, double const*) [clone .kd]",2,0,318,1199753,1199753,33554432,1024,0,0,8,0,16,64,0x0,0x7f256adf52c0,1572864,1886721062,211312819368,381076131555109,382002335932903,382002519967707,381076180172184
160,"void dot_kernel<double>(double const*, double const*, double*, int) [clone .kd]",2,0,320,1199753,1199753,16777216,1024,8192,0,20,4,32,64,0x0,0x7f256adf5340,1064960,916877805,102690306076,381076180131284,382002520005627,382002539582417,381076199420208
161,"void copy_kernel<double>(double const*, double*) [clone .kd]",2,0,322,1199753,1199753,33554432,1024,0,0,8,0,16,64,0x0,0x7f256adf5200,1058912,2398756183,268660617471,381076199402689,382002539622015,382003024238277,381076296197804
162,"void mul_kernel<double>(double*, double const*) [clone .kd]",2,0,324,1199753,1199753,33554432,1024,0,0,8,0,16,64,0x0,0x7f256adf5280,1048576,2203147916,246752511548,381076296174954,382003024384753,382003540952024,381076364234030
163,"void add_kernel<double>(double const*, double const*, double*) [clone .kd]",2,0,326,1199753,1199753,33554432,1024,0,0,8,0,16,64,0x0,0x7f256adf5240,1572864,1969151391,220544826640,381076364190701,382003541034749,382003922223356,381076412939683
164,"void triad_kernel<double>(double*, double const*, double const*) [clone .kd]",2,0,328,1199753,1199753,33554432,1024,0,0,8,0,16,64,0x0,0x7f256adf52c0,1572864,2000243158,224027248956,381076412921813,382003922294676,382004292174479,381076461441539
165,"void dot_kernel<double>(double const*, double const*, double*, int) [clone .kd]",2,0,330,1199753,1199753,16777216,1024,8192,0,20,4,32,64,0x0,0x7f256adf5340,1064960,922971538,103372834928,381076461411880,382004292251919,382004314519266,381076480736333
166,"void copy_kernel<double>(double const*, double*) [clone .kd]",2,0,332,1199753,1199753,33554432,1024,0,0,8,0,16,64,0x0,0x7f256adf5200,1048576,2520265574,282269662516,381076480716814,382004314561870,382004798897593,381076553671675
167,"void mul_kernel<double>(double*, double const*) [clone .kd]",2,0,334,1199753,1199753,33554432,1024,0,0,8,0,16,64,0x0,0x7f256adf5280,1048576,2250369660,252041332796,381076553640125,382004799054172,382005306005392,381076622481919
168,"void add_kernel<double>(double const*, double const*, double*) [clone .kd]",2,0,336,1199753,1199753,33554432,1024,0,0,8,0,16,64,0x0,0x7f256adf5240,1572864,1913639144,214327519100,381076622453950,382005306061814,382005490106019,381076671786343
169,"void triad_kernel<double>(double*, double const*, double const*) [clone .kd]",2,0,338,1199753,1199753,33554432,1024,0,0,8,0,16,64,0x0,0x7f256adf52c0,1572864,1820254440,203868387296,381076671781923,382005490133326,382005685728562,381076719626799
170,"void dot_kernel<double>(double const*, double const*, double*, int) [clone .kd]",2,0,340,1199753,1199753,16777216,1024,8192,0,20,4,32,64,0x0,0x7f256adf5340,1064960,928872895,104033700285,381076719625279,382005685756242,382005706379587,381076739039891
171,"void copy_kernel<double>(double const*, double*) [clone .kd]",2,0,342,1199753,1199753,33554432,1024,0,0,8,0,16,64,0x0,0x7f256adf5200,1048576,2350960355,263307565164,381076739054701,382005706417347,382006168253363,381076808548435
172,"void mul_kernel<double>(double*, double const*) [clone .kd]",2,0,344,1199753,1199753,33554432,1024,0,0,8,0,16,64,0x0,0x7f256adf5280,1048576,2279209772,255271464224,381076808497356,382006168429811,382006695081122,381076877471938
173,"void add_kernel<double>(double const*, double const*, double*) [clone .kd]",2,0,346,1199753,1199753,33554432,1024,0,0,8,0,16,64,0x0,0x7f256adf5240,1572864,1971080039,220760950028,381076877436109,382006695162152,382007070032122,381076926179191
174,"void triad_kernel<double>(double*, double const*, double const*) [clone .kd]",2,0,348,1199753,1199753,33554432,1024,0,0,8,0,16,64,0x0,0x7f256adf52c0,1572864,1885743813,211203226568,381076926175391,382007070079931,382007479197067,381076974273994
175,"void dot_kernel<double>(double const*, double const*, double*, int) [clone .kd]",2,0,350,1199753,1199753,16777216,1024,8192,0,20,4,32,64,0x0,0x7f256adf5340,1064960,931566722,104335439957,381076974241044,382007479441225,382007501986329,381076993541748
176,"void copy_kernel<double>(double const*, double*) [clone .kd]",2,0,352,1199753,1199753,33554432,1024,0,0,8,0,16,64,0x0,0x7f256adf5200,1048576,2241123428,251005871588,381076993510758,382007502079847,382007784489230,381077061438486
177,"void mul_kernel<double>(double*, double const*) [clone .kd]",2,0,354,1199753,1199753,33554432,1024,0,0,8,0,16,64,0x0,0x7f256adf5280,1048576,2181541687,244332655760,381077061381637,382007784534533,382008065474312,381077128557207
178,"void add_kernel<double>(double const*, double const*, double*) [clone .kd]",2,0,356,1199753,1199753,33554432,1024,0,0,8,0,16,64,0x0,0x7f256adf5240,1572864,1882469563,210836579160,381077128512598,382008065506575,382008260733939,381077177735683
179,"void triad_kernel<double>(double*, double const*, double const*) [clone .kd]",2,0,358,1199753,1199753,33554432,1024,0,0,8,0,16,64,0x0,0x7f256adf52c0,1572864,1936045448,216837002896,381077177707393,382008260776476,382008453638081,381077225700837
180,"void dot_kernel<double>(double const*, double const*, double*, int) [clone .kd]",2,0,360,1199753,1199753,16777216,1024,8192,0,20,4,32,64,0x0,0x7f256adf5340,1064960,944597052,105794795757,381077225660298,382008453680161,382008474341903,381077245125669
181,"void copy_kernel<double>(double const*, double*) [clone .kd]",2,0,362,1199753,1199753,33554432,1024,0,0,8,0,16,64,0x0,0x7f256adf5200,1048576,2244811614,251418858236,381077245121779,382008474378355,382008755319882,381077314625793
182,"void mul_kernel<double>(double*, double const*) [clone .kd]",2,0,364,1199753,1199753,33554432,1024,0,0,8,0,16,64,0x0,0x7f256adf5280,1048576,2282863951,255680686064,381077314570784,382008755357348,382009087665226,381077391696921
183,"void add_kernel<double>(double const*, double const*, double*) [clone .kd]",2,0,366,1199753,1199753,33554432,1024,0,0,8,0,16,64,0x0,0x7f256adf5240,1572864,1933271600,216526321292,381077391630912,382009087769775,382009289657601,381077440484392
184,"void triad_kernel<double>(double*, double const*, double const*) [clone .kd]",2,0,368,1199753,1199753,33554432,1024,0,0,8,0,16,64,0x0,0x7f256adf52c0,1572864,1823895708,204276237768,381077440471313,382009289691733,382009483521963,381077488893910
185,"void dot_kernel<double>(double const*, double const*, double*, int) [clone .kd]",2,0,370,1199753,1199753,16777216,1024,8192,0,20,4,32,64,0x0,0x7f256adf5340,1064960,929991845,104159113235,381077488841661,382009483554603,382009504162423,381077508161225
186,"void copy_kernel<double>(double const*, double*) [clone .kd]",2,0,372,1199753,1199753,33554432,1024,0,0,8,0,16,64,0x0,0x7f256adf5200,1048576,2217861945,248400430516,381077508142335,382009504204960,382009774519288,381077576087173
187,"void mul_kernel<double>(double*, double const*) [clone .kd]",2,0,374,1199753,1199753,33554432,1024,0,0,8,0,16,64,0x0,0x7f256adf5280,1048576,2182437910,244433032452,381077576012644,382009774553032,382010074283000,381077643791914
188,"void add_kernel<double>(double const*, double const*, double*) [clone .kd]",2,0,376,1199753,1199753,33554432,1024,0,0,8,0,16,64,0x0,0x7f256adf5240,1572864,1875508518,210056916840,381077643726015,382010074329715,382010274864570,381077692357619
189,"void triad_kernel<double>(double*, double const*, double const*) [clone .kd]",2,0,378,1199753,1199753,33554432,1024,0,0,8,0,16,64,0x0,0x7f256adf52c0,1572864,1901941423,213017398312,381077692312200,382010274896900,382010543791210,381077741477616
190,"void dot_kernel<double>(double const*, double const*, double*, int) [clone .kd]",2,0,380,1199753,1199753,16777216,1024,8192,0,20,4,32,64,0x0,0x7f256adf5340,1064960,906797421,101561269377,381077741451396,382010543879210,382010563398550,381077761021246
191,"void copy_kernel<double>(double const*, double*) [clone .kd]",2,0,382,1199753,1199753,33554432,1024,0,0,8,0,16,64,0x0,0x7f256adf5200,1048576,2428201943,271958671872,381077761017686,382010563442205,382010942816242,381077832188275
192,"void mul_kernel<double>(double*, double const*) [clone .kd]",2,0,384,1199753,1199753,33554432,1024,0,0,8,0,16,64,0x0,0x7f256adf5280,1048576,2378181226,266356254136,381077832127955,382010942923829,382011307566512,381077902709853
193,"void add_kernel<double>(double const*, double const*, double*) [clone .kd]",2,0,386,1199753,1199753,33554432,1024,0,0,8,0,16,64,0x0,0x7f256adf5240,1572864,1985739969,222402909124,381077902658654,382011307600731,382011493547748,381077952201544
194,"void triad_kernel<double>(double*, double const*, double const*) [clone .kd]",2,0,388,1199753,1199753,33554432,1024,0,0,8,0,16,64,0x0,0x7f256adf52c0,1572864,1934489921,216662784744,381077952155474,382011493574142,382011721485756,381078001291171
195,"void dot_kernel<double>(double const*, double const*, double*, int) [clone .kd]",2,0,390,1199753,1199753,16777216,1024,8192,0,20,4,32,64,0x0,0x7f256adf5340,1064960,928006594,103936707448,381078001254371,382011721522396,382011742738533,381078020765802
196,"void copy_kernel<double>(double const*, double*) [clone .kd]",2,0,392,1199753,1199753,33554432,1024,0,0,8,0,16,64,0x0,0x7f256adf5200,1048576,2374533729,265947756384,381078020776692,382011742777252,382012058364771,381078117559257
197,"void mul_kernel<double>(double*, double const*) [clone .kd]",2,0,394,1199753,1199753,33554432,1024,0,0,8,0,16,64,0x0,0x7f256adf5280,1048576,2233874924,250194142960,381078117563557,382012058501958,382012457387305,381078186426321
198,"void add_kernel<double>(double const*, double const*, double*) [clone .kd]",2,0,396,1199753,1199753,33554432,1024,0,0,8,0,16,64,0x0,0x7f256adf5240,1572864,1939839090,217262018536,381078186360732,382012457441714,382012681852040,381078236576602
199,"void triad_kernel<double>(double*, double const*, double const*) [clone .kd]",2,0,398,1199753,1199753,33554432,1024,0,0,8,0,16,64,0x0,0x7f256adf52c0,1572864,1822429174,204112103060,381078236565602,382012681889588,382012877405223,381078284538396
200,"void dot_kernel<double>(double const*, double const*, double*, int) [clone .kd]",2,0,400,1199753,1199753,16777216,1024,8192,0,20,4,32,64,0x0,0x7f256adf5340,1064960,949549438,106349476869,381078284502927,382012877458823,382012899437838,381078303866690
201,"void copy_kernel<double>(double const*, double*) [clone .kd]",2,0,402,1199753,1199753,33554432,1024,0,0,8,0,16,64,0x0,0x7f256adf5200,1049520,2379453692,266498768584,381078303831550,382012899477203,382013175031948,381078399450104
202,"void mul_kernel<double>(double*, double const*) [clone .kd]",2,0,404,1199753,1199753,33554432,1024,0,0,8,0,16,64,0x0,0x7f256adf5280,1048576,2340112166,262092545216,381078399405904,382013175065325,382013459018458,381078468594303
203,"void add_kernel<double>(double const*, double const*, double*) [clone .kd]",2,0,406,1199753,1199753,33554432,1024,0,0,8,0,16,64,0x0,0x7f256adf5240,1572864,1943064885,217623161744,381078468531734,382013459061184,382013688015334,381078517574142
204,"void triad_kernel<double>(double*, double const*, double const*) [clone .kd]",2,0,408,1199753,1199753,33554432,1024,0,0,8,0,16,64,0x0,0x7f256adf52c0,1572864,1897662591,212538183228,381078517545522,382013688246728,382013891510824,381078565782643
205,"void dot_kernel<double>(double const*, double const*, double*, int) [clone .kd]",2,0,410,1199753,1199753,16777216,1024,8192,0,20,4,32,64,0x0,0x7f256adf5340,1064960,935200321,104742378390,381078565738983,382013891574024,382013913318799,381078585391042
206,"void copy_kernel<double>(double const*, double*) [clone .kd]",2,0,412,1199753,1199753,33554432,1024,0,0,8,0,16,64,0x0,0x7f256adf5200,1049472,2336586296,261697654687,381078585381392,382013913363558,382014206288995,381078680308806
207,"void mul_kernel<double>(double*, double const*) [clone .kd]",2,0,414,1199753,1199753,33554432,1024,0,0,8,0,16,64,0x0,0x7f256adf5280,1048576,2290607783,256548001144,381078680331415,382014206426481,382014533904030,381078750435910
208,"void add_kernel<double>(double const*, double const*, double*) [clone .kd]",2,0,416,1199753,1199753,33554432,1024,0,0,8,0,16,64,0x0,0x7f256adf5240,1572864,1914821468,214459946732,381078750414440,382014533956716,382014749580949,381078801130873
209,"void triad_kernel<double>(double*, double const*, double const*) [clone .kd]",2,0,418,1199753,1199753,33554432,1024,0,0,8,0,16,64,0x0,0x7f256adf52c0,1572864,1941665760,217466493812,381078801091083,382014749609423,382014970856368,381078850568934
210,"void dot_kernel<double>(double const*, double const*, double*, int) [clone .kd]",2,0,420,1199753,1199753,16777216,1024,8192,0,20,4,32,64,0x0,0x7f256adf5340,1064960,910357273,101960024477,381078850530775,382014970907088,382014991578103,381078869841229
211,"void copy_kernel<double>(double const*, double*) [clone .kd]",2,0,422,1199753,1199753,33554432,1024,0,0,8,0,16,64,0x0,0x7f256adf5200,1051296,2442570486,273567839134,381078869824769,382014991661486,382015304370720,381078951844731
212,"void mul_kernel<double>(double*, double const*) [clone .kd]",2,0,424,1199753,1199753,33554432,1024,0,0,8,0,16,64,0x0,0x7f256adf5280,1048576,2356092932,263882293664,381078951782272,382015304520716,382015605349639,381079021979975
213,"void add_kernel<double>(double const*, double const*, double*) [clone .kd]",2,0,426,1199753,1199753,33554432,1024,0,0,8,0,16,64,0x0,0x7f256adf5240,1572864,1942398416,217548655944,381079021943656,382015605393684,382015849451154,381079070937174
214,"void triad_kernel<double>(double*, double const*, double const*) [clone .kd]",2,0,428,1199753,1199753,33554432,1024,0,0,8,0,16,64,0x0,0x7f256adf52c0,1572864,1950536075,218459919872,381079070930524,382015849490728,382016054081841,381079119453910
215,"void dot_kernel<double>(double const*, double const*, double*, int) [clone .kd]",2,0,430,1199753,1199753,16777216,1024,8192,0,20,4,32,64,0x0,0x7f256adf5340,1064960,928011797,103937343335,381079119407751,382016054131441,382016074762615,381079138887182
216,"void copy_kernel<double>(double const*, double*) [clone .kd]",2,0,432,1199753,1199753,33554432,1024,0,0,8,0,16,64,0x0,0x7f256adf5200,1048576,2447989743,274174718092,381079138857472,382016074837730,382016391296863,381079212718480
217,"void mul_kernel<double>(double*, double const*) [clone .kd]",2,0,434,1199753,1199753,33554432,1024,0,0,8,0,16,64,0x0,0x7f256adf5280,1048576,2463161076,275874089564,381079212669620,382016391327799,382016736254093,381079283838379
218,"void add_kernel<double>(double const*, double const*, double*) [clone .kd]",2,0,436,1199753,1199753,33554432,1024,0,0,8,0,16,64,0x0,0x7f256adf5240,1572864,1990101012,222891255256,381079283780790,382016736304775,382016986340305,381079333377059
219,"void triad_kernel<double>(double*, double const*, double const*) [clone .kd]",2,0,438,1199753,1199753,33554432,1024,0,0,8,0,16,64,0x0,0x7f256adf52c0,1572864,1920721615,215120733788,381079333330210,382016986534519,382017352296460,381079381179026
220,"void dot_kernel<double>(double const*, double const*, double*, int) [clone .kd]",2,0,440,1199753,1199753,16777216,1024,8192,0,20,4,32,64,0x0,0x7f256adf5340,1064960,910968346,102028476426,381079381139146,382017352357580,382017375122830,381079400511979
221,"void copy_kernel<double>(double const*, double*) [clone .kd]",2,0,442,1199753,1199753,33554432,1024,0,0,8,0,16,64,0x0,0x7f256adf5200,1048576,2426984967,271822283200,381079400487740,382017375185033,382017806976009,381079471248084
222,"void mul_kernel<double>(double*, double const*) [clone .kd]",2,0,444,1199753,1199753,33554432,1024,0,0,8,0,16,64,0x0,0x7f256adf5280,1048576,2312705539,259023048888,381079471195625,382017807048075,382018119951670,381079540762648
223,"void add_kernel<double>(double const*, double const*, double*) [clone .kd]",2,0,446,1199753,1199753,33554432,1024,0,0,8,0,16,64,0x0,0x7f256adf5240,1572864,2006112320,224684535336,381079540750478,382018119998417,382018318867598,381079590367777
224,"void triad_kernel<double>(double*, double const*, double const*) [clone .kd]",2,0,448,1199753,1199753,33554432,1024,0,0,8,0,16,64,0x0,0x7f256adf52c0,1572864,1847584728,206929403044,381079590367067,382018318899231,382018511921379,381079638756075
225,"void dot_kernel<double>(double const*, double const*, double*, int) [clone .kd]",2,0,450,1199753,1199753,16777216,1024,8192,0,20,4,32,64,0x0,0x7f256adf5340,1064960,936860440,104928268243,381079638749435,382018511952259,382018532472231,381079658188547
226,"void copy_kernel<double>(double const*, double*) [clone .kd]",2,0,452,1199753,1199753,33554432,1024,0,0,8,0,16,64,0x0,0x7f256adf5200,1048576,2324773721,260374586160,381079658199937,382018532520623,382018987815860,381079728037816
227,"void mul_kernel<double>(double*, double const*) [clone .kd]",2,0,454,1199753,1199753,33554432,1024,0,0,8,0,16,64,0x0,0x7f256adf5280,1048576,2229250618,249675982384,381079727966226,382018988061108,382019518852875,381079796412667
228,"void add_kernel<double>(double const*, double const*, double*) [clone .kd]",2,0,456,1199753,1199753,33554432,1024,0,0,8,0,16,64,0x0,0x7f256adf5240,1572864,1950834663,218493376852,381079796352348,382019519061224,382019747779473,381079845006611
229,"void triad_kernel<double>(double*, double const*, double const*) [clone .kd]",2,0,458,1199753,1199753,33554432,1024,0,0,8,0,16,64,0x0,0x7f256adf52c0,1572864,1834298858,205441452892,381079844974692,382019747837523,382019942425896,381079892898237
230,"void dot_kernel<double>(double const*, double const*, double*, int) [clone .kd]",2,0,460,1199753,1199753,16777216,1024,8192,0,20,4,32,64,0x0,0x7f256adf5340,1179200,923372305,103417662968,381079892878147,382019942481416,382019963238186,381079931664032
231,"void copy_kernel<double>(double const*, double*) [clone .kd]",2,0,462,1199753,1199753,33554432,1024,0,0,8,0,16,64,0x0,0x7f256adf5200,1048576,2420272636,271070520648,381079931708212,382019963299481,382020409541742,381080004670512
232,"void mul_kernel<double>(double*, double const*) [clone .kd]",2,0,464,1199753,1199753,33554432,1024,0,0,8,0,16,64,0x0,0x7f256adf5280,1048576,2191175816,245411697772,381080004658242,382020409754548,382020931328695,381080072374954
233,"void add_kernel<double>(double const*, double const*, double*) [clone .kd]",2,0,466,1199753,1199753,33554432,1024,0,0,8,0,16,64,0x0,0x7f256adf5240,1572864,1946560555,218014771856,381080072361904,382020931414888,382021298600767,381080121601609
234,"void triad_kernel<double>(double*, double const*, double const*) [clone .kd]",2,0,468,1199753,1199753,33554432,1024,0,0,8,0,16,64,0x0,0x7f256adf52c0,1572864,1966340955,220230142304,381080121600099,382021298655259,382021668588649,381080169433515
235,"void dot_kernel<double>(double const*, double const*, double*, int) [clone .kd]",2,0,470,1199753,1199753,16777216,1024,8192,0,20,4,32,64,0x0,0x7f256adf5340,1064960,928599332,104003097687,381080169426305,382021668634889,382021691147975,381080188802898
236,"void copy_kernel<double>(double const*, double*) [clone .kd]",2,0,472,1199753,1199753,33554432,1024,0,0,8,0,16,64,0x0,0x7f256adf5200,1048576,2359701967,264286481624,381080188831328,382021691188630,382021981684529,381080258768385
237,"void mul_kernel<double>(double*, double const*) [clone .kd]",2,0,474,1199753,1199753,33554432,1024,0,0,8,0,16,64,0x0,0x7f256adf5280,1048576,2190114336,245292834852,381080258751045,382021981728565,382022287190359,381080325540691
238,"void add_kernel<double>(double const*, double const*, double*) [clone .kd]",2,0,476,1199753,1199753,33554432,1024,0,0,8,0,16,64,0x0,0x7f256adf5240,1572864,1914485193,214422351908,381080325490801,382022287391920,382022662447696,381080373966958
239,"void triad_kernel<double>(double*, double const*, double const*) [clone .kd]",2,0,478,1199753,1199753,33554432,1024,0,0,8,0,16,64,0x0,0x7f256adf52c0,1582704,1905550531,213421775458,381080373922858,382022662516521,382023006060650,381080446976878
240,"void dot_kernel<double>(double const*, double const*, double*, int) [clone .kd]",2,0,480,1199753,1199753,16777216,1024,8192,0,20,4,32,64,0x0,0x7f256adf5340,1064960,913605997,102323770052,381080446951178,382023006103370,382023026429258,381080466514829
241,"void copy_kernel<double>(double const*, double*) [clone .kd]",2,0,482,1199753,1199753,33554432,1024,0,0,8,0,16,64,0x0,0x7f256adf5200,1048576,2379738341,266530691708,381080466511729,382023026468135,382023355819648,381080538168550
242,"void mul_kernel<double>(double*, double const*) [clone .kd]",2,0,484,1199753,1199753,33554432,1024,0,0,8,0,16,64,0x0,0x7f256adf5280,1048576,2277700312,255102388220,381080538134490,382023355850491,382023640627980,381080607882320
243,"void add_kernel<double>(double const*, double const*, double*) [clone .kd]",2,0,486,1199753,1199753,33554432,1024,0,0,8,0,16,64,0x0,0x7f256adf5240,1572864,1993716017,223296128148,381080607875100,382023640655039,382023887792743,381080657802115
244,"void triad_kernel<double>(double*, double const*, double const*) [clone .kd]",2,0,488,1199753,1199753,33554432,1024,0,0,8,0,16,64,0x0,0x7f256adf52c0,1572864,1971395451,220796195564,381080657773775,382023887819230,382024134283973,381080707075639
245,"void dot_kernel<double>(double const*, double const*, double*, int) [clone .kd]",2,0,490,1199753,1199753,16777216,1024,8192,0,20,4,32,64,0x0,0x7f256adf5340,1064960,931414716,104318404776,381080707033689,382024134395491,382024156898177,381080726322044
246,"void copy_kernel<double>(double const*, double*) [clone .kd]",2,0,492,1199753,1199753,33554432,1024,0,0,8,0,16,64,0x0,0x7f256adf5200,1048576,2340615803,262148922220,381080726319413,382024156941375,382024449119324,381080797344994
247,"void mul_kernel<double>(double*, double const*) [clone .kd]",2,0,494,1199753,1199753,33554432,1024,0,0,8,0,16,64,0x0,0x7f256adf5280,1048576,2308511528,258553224148,381080797271305,382024449171950,382024773143127,381080866283667
248,"void add_kernel<double>(double const*, double const*, double*) [clone .kd]",2,0,496,1199753,1199753,33554432,1024,0,0,8,0,16,64,0x0,0x7f256adf5240,1572864,1910059378,213926587512,381080866222478,382024773189461,382024997700471,381080915498762
249,"void triad_kernel<double>(double*, double const*, double const*) [clone .kd]",2,0,498,1199753,1199753,33554432,1024,0,0,8,0,16,64,0x0,0x7f256adf52c0,1586544,6317475305,707557182584,381080915452083,382024997738099,382025273728226,381081135455598
250,"void dot_kernel<double>(double const*, double const*, double*, int) [clone .kd]",2,0,500,1199753,1199753,16777216,1024,8192,0,20,4,32,64,0x0,0x7f256adf5340,1064960,940023019,105282527896,381081135407319,382025273762146,382025294496672,381081155148146
