Dispatch_ID,Kernel_Name,GPU_ID,queue-id,queue-index,pid,tid,Grid_Size,Workgroup_Size,LDS_Per_Workgroup,Scratch_Per_Workitem,Arch_VGPR,Accum_VGPR,SGPR,wave_size,sig,obj,SQ_INSTS_SMEM,SQ_INST_LEVEL_SMEM,SQ_ACCUM_PREV_HIRES,DispatchNs,Start_Timestamp,End_Timestamp,CompleteNs
0,"void init_kernel<double>(double*, double*, double*, double, double, double) [clone .kd]",2,0,0,1138191,1138191,33554432,1024,0,0,12,4,32,64,0x0,0x7f07cd215380,1579488,61844972,6926816784,381011018617013,381960359710622,381960570254218,381012002951419
1,"void copy_kernel<double>(double const*, double*) [clone .kd]",2,0,2,1138191,1138191,33554432,1024,0,0,8,0,16,64,0x0,0x7f07cd215200,1078057,104827864,11740670768,381012002971479,381960570336288,381960634059429,381012337593013
2,"void mul_kernel<double>(double*, double const*) [clone .kd]",2,0,4,1138191,1138191,33554432,1024,0,0,8,0,16,64,0x0,0x7f07cd215280,1071113,86198882,9654126056,381012337588894,381960634093901,381960698142649,381012667744857
3,"void add_kernel<double>(double const*, double const*, double*) [clone .kd]",2,0,6,1138191,1138191,33554432,1024,0,0,8,0,16,64,0x0,0x7f07cd215240,1597974,105699302,11838433776,381012667724358,381960698174809,381960749863856,381012868336911
4,"void triad_kernel<double>(double*, double const*, double const*) [clone .kd]",2,0,8,1138191,1138191,33554432,1024,0,0,8,0,16,64,0x0,0x7f07cd2152c0,1572864,1503836,169043280,381012868277952,381960749903225,381960801063174,381013049996067
5,"void dot_kernel<double>(double const*, double const*, double*, int) [clone .kd]",2,0,10,1138191,1138191,16777216,1024,8192,0,20,4,32,64,0x0,0x7f07cd215340,1310720,1319828,148014512,381013049989977,381960801096614,381960820245454,381013070591579
6,"void copy_kernel<double>(double const*, double*) [clone .kd]",2,0,12,1138191,1138191,33554432,1024,0,0,8,0,16,64,0x0,0x7f07cd215200,1066401,89255140,9996928840,381013070591469,381960820294633,381960884162099,381013388640380
7,"void mul_kernel<double>(double*, double const*) [clone .kd]",2,0,14,1138191,1138191,33554432,1024,0,0,8,0,16,64,0x0,0x7f07cd215280,1053691,23000796,2576035120,381013388664909,381960884192942,381960947742641,381013715393526
8,"void add_kernel<double>(double const*, double const*, double*) [clone .kd]",2,0,16,1138191,1138191,33554432,1024,0,0,8,0,16,64,0x0,0x7f07cd215240,1604546,119217112,13352398136,381013715394096,381960947770161,381960998740320,381013924181723
9,"void triad_kernel<double>(double*, double const*, double const*) [clone .kd]",2,0,18,1138191,1138191,33554432,1024,0,0,8,0,16,64,0x0,0x7f07cd2152c0,1572864,1481128,166633096,381013924172654,381960998772992,381961049523304,381014103523865
10,"void dot_kernel<double>(double const*, double const*, double*, int) [clone .kd]",2,0,20,1138191,1138191,16777216,1024,8192,0,20,4,32,64,0x0,0x7f07cd215340,1310720,1320016,148127512,381014103504235,381961049551944,381961068679011,381014124269685
11,"void copy_kernel<double>(double const*, double*) [clone .kd]",2,0,22,1138191,1138191,33554432,1024,0,0,8,0,16,64,0x0,0x7f07cd215200,1060170,65691342,7357820288,381014124278015,381961068725171,381961134609946,381014425036472
12,"void mul_kernel<double>(double*, double const*) [clone .kd]",2,0,24,1138191,1138191,33554432,1024,0,0,8,0,16,64,0x0,0x7f07cd215280,1053939,26227592,2937215024,381014424982943,381961134639764,381961199812028,381014738137659
13,"void add_kernel<double>(double const*, double const*, double*) [clone .kd]",2,0,26,1138191,1138191,33554432,1024,0,0,8,0,16,64,0x0,0x7f07cd215240,1572864,1481810,165685560,381014738107980,381961199844175,381961262841313,381014908970153
14,"void triad_kernel<double>(double*, double const*, double const*) [clone .kd]",2,0,28,1138191,1138191,33554432,1024,0,0,8,0,16,64,0x0,0x7f07cd2152c0,1572864,1481708,166201488,381014908953933,381961263631234,381961315123379,381015084104139
15,"void dot_kernel<double>(double const*, double const*, double*, int) [clone .kd]",2,0,30,1138191,1138191,16777216,1024,8192,0,20,4,32,64,0x0,0x7f07cd215340,1310720,1322034,148284704,381015084094009,381961315333449,381961334482114,381015103598278
16,"void copy_kernel<double>(double const*, double*) [clone .kd]",2,0,32,1138191,1138191,33554432,1024,0,0,8,0,16,64,0x0,0x7f07cd215200,1049072,5149154,576367976,381015103605208,381961334623823,381961398845192,381015547061783
17,"void mul_kernel<double>(double*, double const*) [clone .kd]",2,0,34,1138191,1138191,33554432,1024,0,0,8,0,16,64,0x0,0x7f07cd215280,1067827,116284518,13024112888,381015547047343,381961398908742,381961462513304,381015950560305
18,"void add_kernel<double>(double const*, double const*, double*) [clone .kd]",2,0,36,1138191,1138191,33554432,1024,0,0,8,0,16,64,0x0,0x7f07cd215240,1572864,1483700,165795096,381015950553115,381961462583100,381961642037137,381016139241792
19,"void triad_kernel<double>(double*, double const*, double const*) [clone .kd]",2,0,38,1138191,1138191,33554432,1024,0,0,8,0,16,64,0x0,0x7f07cd2152c0,1618651,70107026,7851783504,381016139203163,381961642179377,381961692810335,381016330021558
20,"void dot_kernel<double>(double const*, double const*, double*, int) [clone .kd]",2,0,40,1138191,1138191,16777216,1024,8192,0,20,4,32,64,0x0,0x7f07cd215340,1310720,1321412,147909016,381016330006578,381961692846496,381961711972758,381016350973054
21,"void copy_kernel<double>(double const*, double*) [clone .kd]",2,0,42,1138191,1138191,33554432,1024,0,0,8,0,16,64,0x0,0x7f07cd215200,1048576,821956,92085248,381016350988014,381961712034895,381961942855193,381016648833866
22,"void mul_kernel<double>(double*, double const*) [clone .kd]",2,0,44,1138191,1138191,33554432,1024,0,0,8,0,16,64,0x0,0x7f07cd215280,1048576,939618,104935216,381016648752408,381961942954015,381962282497003,381016986805520
23,"void add_kernel<double>(double const*, double const*, double*) [clone .kd]",2,0,46,1138191,1138191,33554432,1024,0,0,8,0,16,64,0x0,0x7f07cd215240,1572864,1485214,166074280,381016986735191,381962282831677,381962400322542,381017166390537
24,"void triad_kernel<double>(double*, double const*, double const*) [clone .kd]",2,0,48,1138191,1138191,33554432,1024,0,0,8,0,16,64,0x0,0x7f07cd2152c0,1588705,59315834,6642191680,381017166356428,381962400379733,381962591636616,381017371729428
25,"void dot_kernel<double>(double const*, double const*, double*, int) [clone .kd]",2,0,50,1138191,1138191,16777216,1024,8192,0,20,4,32,64,0x0,0x7f07cd215340,1310720,1314822,147791408,381017371726728,381962591682536,381962611183040,381017392504787
26,"void copy_kernel<double>(double const*, double*) [clone .kd]",2,0,52,1138191,1138191,33554432,1024,0,0,8,0,16,64,0x0,0x7f07cd215200,1048576,822702,91929640,381017392521247,381962611236691,381962791818703,381017692340189
27,"void mul_kernel<double>(double*, double const*) [clone .kd]",2,0,54,1138191,1138191,33554432,1024,0,0,8,0,16,64,0x0,0x7f07cd215280,1056047,56377782,6313991376,381017692307480,381962791863039,381963117779924,381018027121502
28,"void add_kernel<double>(double const*, double const*, double*) [clone .kd]",2,0,56,1138191,1138191,33554432,1024,0,0,8,0,16,64,0x0,0x7f07cd215240,1572864,1471404,165659800,381018027094862,381963117812496,381963234591998,381018209355419
29,"void triad_kernel<double>(double*, double const*, double const*) [clone .kd]",2,0,58,1138191,1138191,33554432,1024,0,0,8,0,16,64,0x0,0x7f07cd2152c0,1572864,1484434,166338648,381018209324489,381963234636270,381963424866579,381018387262972
30,"void dot_kernel<double>(double const*, double const*, double*, int) [clone .kd]",2,0,60,1138191,1138191,16777216,1024,8192,0,20,4,32,64,0x0,0x7f07cd215340,1310720,1310070,146939192,381018387239273,381963424897459,381963445365003,381018407882934
31,"void copy_kernel<double>(double const*, double*) [clone .kd]",2,0,62,1138191,1138191,33554432,1024,0,0,8,0,16,64,0x0,0x7f07cd215200,1064200,79434236,8896789328,381018407876664,381963445424435,381963625222415,381018718468610
32,"void mul_kernel<double>(double*, double const*) [clone .kd]",2,0,64,1138191,1138191,33554432,1024,0,0,8,0,16,64,0x0,0x7f07cd215280,1048576,811826,90254568,381018718470970,381963625268613,381963982465031,381019047156797
33,"void add_kernel<double>(double const*, double const*, double*) [clone .kd]",2,0,66,1138191,1138191,33554432,1024,0,0,8,0,16,64,0x0,0x7f07cd215240,1615458,62815084,7035831712,381019047116547,381963982546375,381964103338208,381019248439740
34,"void triad_kernel<double>(double*, double const*, double const*) [clone .kd]",2,0,68,1138191,1138191,33554432,1024,0,0,8,0,16,64,0x0,0x7f07cd2152c0,1572864,1486516,166154896,381019248430110,381964103387547,381964285464413,381019428943464
35,"void dot_kernel<double>(double const*, double const*, double*, int) [clone .kd]",2,0,70,1138191,1138191,16777216,1024,8192,0,20,4,32,64,0x0,0x7f07cd215340,1310720,1236352,138742656,381019428910264,381964285501853,381964305448277,381019449670893
36,"void copy_kernel<double>(double const*, double*) [clone .kd]",2,0,72,1138191,1138191,33554432,1024,0,0,8,0,16,64,0x0,0x7f07cd215200,1048576,815576,91826696,381019449661914,381964305492514,381964536319996,381019748309854
37,"void mul_kernel<double>(double*, double const*) [clone .kd]",2,0,74,1138191,1138191,33554432,1024,0,0,8,0,16,64,0x0,0x7f07cd215280,1071330,82579050,9250205248,381019748301084,381964536595809,381964908129208,381020073448225
38,"void add_kernel<double>(double const*, double const*, double*) [clone .kd]",2,0,76,1138191,1138191,33554432,1024,0,0,8,0,16,64,0x0,0x7f07cd215240,1572864,1498646,167764224,381020073442045,381964908274651,381965128970439,381020254853635
39,"void triad_kernel<double>(double*, double const*, double const*) [clone .kd]",2,0,78,1138191,1138191,33554432,1024,0,0,8,0,16,64,0x0,0x7f07cd2152c0,1572864,1488306,166315248,381020254824695,381965129125974,381965366225302,381020435008340
40,"void dot_kernel<double>(double const*, double const*, double*, int) [clone .kd]",2,0,80,1138191,1138191,16777216,1024,8192,0,20,4,32,64,0x0,0x7f07cd215340,1310720,1317672,147472264,381020434976870,381965366277302,381965385789805,381020455639267
41,"void copy_kernel<double>(double const*, double*) [clone .kd]",2,0,82,1138191,1138191,33554432,1024,0,0,8,0,16,64,0x0,0x7f07cd215200,1056574,47743626,5347957584,381020455643207,381965385832361,381965803369214,381020785319503
42,"void mul_kernel<double>(double*, double const*) [clone .kd]",2,0,84,1138191,1138191,33554432,1024,0,0,8,0,16,64,0x0,0x7f07cd215280,1048576,808520,90696584,381020785286703,381965803507375,381966231146487,381021092727096
43,"void add_kernel<double>(double const*, double const*, double*) [clone .kd]",2,0,86,1138191,1138191,33554432,1024,0,0,8,0,16,64,0x0,0x7f07cd215240,1572864,1404296,156912240,381021092682016,381966231417852,381966620303114,381021272142642
44,"void triad_kernel<double>(double*, double const*, double const*) [clone .kd]",2,0,88,1138191,1138191,33554432,1024,0,0,8,0,16,64,0x0,0x7f07cd2152c0,1572864,1540800,173333536,381021279972496,381966620451694,381966803274474,381021457914434
45,"void dot_kernel<double>(double const*, double const*, double*, int) [clone .kd]",2,0,90,1138191,1138191,16777216,1024,8192,0,20,4,32,64,0x0,0x7f07cd215340,1310720,1233062,138076448,381021457872535,381966803343594,381966846562366,381021478616681
46,"void copy_kernel<double>(double const*, double*) [clone .kd]",2,0,92,1138191,1138191,33554432,1024,0,0,8,0,16,64,0x0,0x7f07cd215200,1048576,813940,91721160,381021478614431,381966846681168,381967285311461,381021773543148
47,"void mul_kernel<double>(double*, double const*) [clone .kd]",2,0,94,1138191,1138191,33554432,1024,0,0,8,0,16,64,0x0,0x7f07cd215280,1048576,833668,93879392,381021773505939,381967285455092,381967816508385,381022082124952
48,"void add_kernel<double>(double const*, double const*, double*) [clone .kd]",2,0,96,1138191,1138191,33554432,1024,0,0,8,0,16,64,0x0,0x7f07cd215240,1591681,101571474,11376120784,381022082085932,381967816794380,381968188716273,381022283829371
49,"void triad_kernel<double>(double*, double const*, double const*) [clone .kd]",2,0,98,1138191,1138191,33554432,1024,0,0,8,0,16,64,0x0,0x7f07cd2152c0,1572864,1495378,166567744,381022283825111,381968188785183,381968583609182,381022465838065
50,"void dot_kernel<double>(double const*, double const*, double*, int) [clone .kd]",2,0,100,1138191,1138191,16777216,1024,8192,0,20,4,32,64,0x0,0x7f07cd215340,1310720,1323382,147786152,381022465806295,381968583822942,381968606267129,381022486411982
51,"void copy_kernel<double>(double const*, double*) [clone .kd]",2,0,102,1138191,1138191,33554432,1024,0,0,8,0,16,64,0x0,0x7f07cd215200,1048576,818376,92057176,381022486429392,381968606310214,381969071380052,381022842084971
52,"void mul_kernel<double>(double*, double const*) [clone .kd]",2,0,104,1138191,1138191,33554432,1024,0,0,8,0,16,64,0x0,0x7f07cd215280,1052761,60595048,6786161568,381022842070951,381969071586432,381969594628028,381023269490898
53,"void add_kernel<double>(double const*, double const*, double*) [clone .kd]",2,0,106,1138191,1138191,33554432,1024,0,0,8,0,16,64,0x0,0x7f07cd215240,1572864,1476576,165737960,381023269486798,381969594813106,381969805727914,381023496103138
54,"void triad_kernel<double>(double*, double const*, double const*) [clone .kd]",2,0,108,1138191,1138191,33554432,1024,0,0,8,0,16,64,0x0,0x7f07cd2152c0,1572864,1398976,157069856,381023496057778,381969805916173,381970140841856,381023680135525
55,"void dot_kernel<double>(double const*, double const*, double*, int) [clone .kd]",2,0,110,1138191,1138191,16777216,1024,8192,0,20,4,32,64,0x0,0x7f07cd215340,1310720,1316890,147835840,381023680105025,381970140919296,381970163461083,381023701053940
56,"void copy_kernel<double>(double const*, double*) [clone .kd]",2,0,112,1138191,1138191,33554432,1024,0,0,8,0,16,64,0x0,0x7f07cd215200,1053908,39074906,4376333688,381023701061929,381970163505248,381970552729403,381024044073974
57,"void mul_kernel<double>(double*, double const*) [clone .kd]",2,0,114,1138191,1138191,33554432,1024,0,0,8,0,16,64,0x0,0x7f07cd215280,1048576,812984,90800600,381024044057364,381970552873579,381971077333091,381024357905823
58,"void add_kernel<double>(double const*, double const*, double*) [clone .kd]",2,0,116,1138191,1138191,33554432,1024,0,0,8,0,16,64,0x0,0x7f07cd215240,1572864,1387740,156553720,381024357859353,381971077465207,381971284853610,381024545518740
59,"void triad_kernel<double>(double*, double const*, double const*) [clone .kd]",2,0,118,1138191,1138191,33554432,1024,0,0,8,0,16,64,0x0,0x7f07cd2152c0,1572864,1493916,166940440,381024545463441,381971284885933,381971506385556,381024725577540
60,"void dot_kernel<double>(double const*, double const*, double*, int) [clone .kd]",2,0,120,1138191,1138191,16777216,1024,8192,0,20,4,32,64,0x0,0x7f07cd215340,1310720,1321184,147932528,381024725519701,381971506579156,381971527228460,381024746102759
61,"void copy_kernel<double>(double const*, double*) [clone .kd]",2,0,122,1138191,1138191,33554432,1024,0,0,8,0,16,64,0x0,0x7f07cd215200,1063859,71882670,8051188736,381024746103739,381971527274443,381971894287531,381025071779878
62,"void mul_kernel<double>(double*, double const*) [clone .kd]",2,0,124,1138191,1138191,33554432,1024,0,0,8,0,16,64,0x0,0x7f07cd215280,1048576,816736,90546184,381025071767038,381971894355710,381972272180332,381025378463797
63,"void add_kernel<double>(double const*, double const*, double*) [clone .kd]",2,0,126,1138191,1138191,33554432,1024,0,0,8,0,16,64,0x0,0x7f07cd215240,1572864,1479518,165515040,381025378441558,381972272355219,381972592130473,381025552573338
64,"void triad_kernel<double>(double*, double const*, double const*) [clone .kd]",2,0,128,1138191,1138191,33554432,1024,0,0,8,0,16,64,0x0,0x7f07cd2152c0,1572864,1491314,166700544,381025552552108,381972592181293,381972964197261,381025716972409
65,"void dot_kernel<double>(double const*, double const*, double*, int) [clone .kd]",2,0,130,1138191,1138191,16777216,1024,8192,0,20,4,32,64,0x0,0x7f07cd215340,1310720,1322478,148088312,381025716939550,381972964327341,381972987141608,381025736560045
66,"void copy_kernel<double>(double const*, double*) [clone .kd]",2,0,132,1138191,1138191,33554432,1024,0,0,8,0,16,64,0x0,0x7f07cd215200,1074833,99236002,11113623624,381025736571495,381972987226639,381973441342691,381026060417900
67,"void mul_kernel<double>(double*, double const*) [clone .kd]",2,0,134,1138191,1138191,33554432,1024,0,0,8,0,16,64,0x0,0x7f07cd215280,1048576,803044,90629696,381026060410560,381973441472947,381973848473900,381026372455274
68,"void add_kernel<double>(double const*, double const*, double*) [clone .kd]",2,0,136,1138191,1138191,33554432,1024,0,0,8,0,16,64,0x0,0x7f07cd215240,1572864,1400340,156844368,381026372416655,381973848517087,381974080686156,381026551738111
69,"void triad_kernel<double>(double*, double const*, double const*) [clone .kd]",2,0,138,1138191,1138191,33554432,1024,0,0,8,0,16,64,0x0,0x7f07cd2152c0,1572864,1481958,166454584,381026551696722,381974080884689,381974274551155,381026730282634
70,"void dot_kernel<double>(double const*, double const*, double*, int) [clone .kd]",2,0,140,1138191,1138191,16777216,1024,8192,0,20,4,32,64,0x0,0x7f07cd215340,1310720,1313164,147298504,381026730240325,381974274587635,381974294842858,381026750861012
71,"void copy_kernel<double>(double const*, double*) [clone .kd]",2,0,142,1138191,1138191,33554432,1024,0,0,8,0,16,64,0x0,0x7f07cd215200,1054497,96206046,10775670744,381026750845142,381974294882308,381974739147146,381027128220038
72,"void mul_kernel<double>(double*, double const*) [clone .kd]",2,0,144,1138191,1138191,33554432,1024,0,0,8,0,16,64,0x0,0x7f07cd215280,1048576,840402,94317080,381027128201589,381974739426904,381975243857894,381027538045333
73,"void add_kernel<double>(double const*, double const*, double*) [clone .kd]",2,0,146,1138191,1138191,33554432,1024,0,0,8,0,16,64,0x0,0x7f07cd215240,1572864,1397906,156732088,381027537993923,381975243988662,381975530776352,381027717677787
74,"void triad_kernel<double>(double*, double const*, double const*) [clone .kd]",2,0,148,1138191,1138191,33554432,1024,0,0,8,0,16,64,0x0,0x7f07cd2152c0,1572864,1486798,166415528,381027717620117,381975530947417,381975748303665,381027896415018
75,"void dot_kernel<double>(double const*, double const*, double*, int) [clone .kd]",2,0,150,1138191,1138191,16777216,1024,8192,0,20,4,32,64,0x0,0x7f07cd215340,1310720,1323576,147841184,381027896372799,381975748460305,381975769210408,381027917070635
76,"void copy_kernel<double>(double const*, double*) [clone .kd]",2,0,152,1138191,1138191,33554432,1024,0,0,8,0,16,64,0x0,0x7f07cd215200,1052916,29734310,3330461816,381027917079775,381975769324613,381976240601325,381028241993401
77,"void mul_kernel<double>(double*, double const*) [clone .kd]",2,0,154,1138191,1138191,33554432,1024,0,0,8,0,16,64,0x0,0x7f07cd215280,1048576,797044,90417144,381028241987171,381976240732358,381976771142574,381028555441273
78,"void add_kernel<double>(double const*, double const*, double*) [clone .kd]",2,0,156,1138191,1138191,33554432,1024,0,0,8,0,16,64,0x0,0x7f07cd215240,1572864,1481278,165625112,381028555405264,381976771306557,381977145953715,381028735392825
79,"void triad_kernel<double>(double*, double const*, double const*) [clone .kd]",2,0,158,1138191,1138191,33554432,1024,0,0,8,0,16,64,0x0,0x7f07cd2152c0,1572864,1483726,166195224,381028735352595,381977146016636,381977531246197,381028916702555
80,"void dot_kernel<double>(double const*, double const*, double*, int) [clone .kd]",2,0,160,1138191,1138191,16777216,1024,8192,0,20,4,32,64,0x0,0x7f07cd215340,1310720,1315816,147631280,381028916672885,381977531473237,381977553891502,381028937352562
81,"void copy_kernel<double>(double const*, double*) [clone .kd]",2,0,162,1138191,1138191,33554432,1024,0,0,8,0,16,64,0x0,0x7f07cd215200,1051087,15484134,1734169128,381028937352702,381977553989682,381977992607470,381029257283260
82,"void mul_kernel<double>(double*, double const*) [clone .kd]",2,0,164,1138191,1138191,33554432,1024,0,0,8,0,16,64,0x0,0x7f07cd215280,1048576,821614,91261424,381029257274920,381977992708344,381978529970884,381029580565610
83,"void add_kernel<double>(double const*, double const*, double*) [clone .kd]",2,0,166,1138191,1138191,33554432,1024,0,0,8,0,16,64,0x0,0x7f07cd215240,1572864,1476146,165517120,381029580526460,381978530098853,381978834234878,381029760513571
84,"void triad_kernel<double>(double*, double const*, double const*) [clone .kd]",2,0,168,1138191,1138191,33554432,1024,0,0,8,0,16,64,0x0,0x7f07cd2152c0,1572864,1489094,166229808,381029760485711,381978834286654,381979024621109,381029943679366
85,"void dot_kernel<double>(double const*, double const*, double*, int) [clone .kd]",2,0,170,1138191,1138191,16777216,1024,8192,0,20,4,32,64,0x0,0x7f07cd215340,1310720,1317606,147832400,381029943629096,381979024650549,381979067288677,381029964798498
86,"void copy_kernel<double>(double const*, double*) [clone .kd]",2,0,172,1138191,1138191,33554432,1024,0,0,8,0,16,64,0x0,0x7f07cd215200,1048576,832876,93698296,381029964806608,381979067374684,381979536305941,381030255155634
87,"void mul_kernel<double>(double*, double const*) [clone .kd]",2,0,174,1138191,1138191,33554432,1024,0,0,8,0,16,64,0x0,0x7f07cd215280,1052885,40077880,4488228008,381030255136135,381979536375549,381980062043662,381030597416885
88,"void add_kernel<double>(double const*, double const*, double*) [clone .kd]",2,0,176,1138191,1138191,33554432,1024,0,0,8,0,16,64,0x0,0x7f07cd215240,1572864,1486382,166173376,381030597424455,381980062209469,381980432146684,381030778281069
89,"void triad_kernel<double>(double*, double const*, double const*) [clone .kd]",2,0,178,1138191,1138191,33554432,1024,0,0,8,0,16,64,0x0,0x7f07cd2152c0,1572864,1489188,166688672,381030778261379,381980432203352,381980824475790,381030958721666
90,"void dot_kernel<double>(double const*, double const*, double*, int) [clone .kd]",2,0,180,1138191,1138191,16777216,1024,8192,0,20,4,32,64,0x0,0x7f07cd215340,1310720,1327660,147675016,381030958702766,381980824760590,381980846990375,381030979633841
91,"void copy_kernel<double>(double const*, double*) [clone .kd]",2,0,182,1138191,1138191,33554432,1024,0,0,8,0,16,64,0x0,0x7f07cd215200,1048576,814526,91499160,381030979645641,381980847093246,381981288901913,381031262695028
92,"void mul_kernel<double>(double*, double const*) [clone .kd]",2,0,184,1138191,1138191,33554432,1024,0,0,8,0,16,64,0x0,0x7f07cd215280,1048576,707206,79122872,381031262665838,381981288973398,381981840110817,381031570434768
93,"void add_kernel<double>(double const*, double const*, double*) [clone .kd]",2,0,186,1138191,1138191,33554432,1024,0,0,8,0,16,64,0x0,0x7f07cd215240,1572864,1459830,163529464,381031570398758,381981840258842,381982208366770,381031752296953
94,"void triad_kernel<double>(double*, double const*, double const*) [clone .kd]",2,0,188,1138191,1138191,33554432,1024,0,0,8,0,16,64,0x0,0x7f07cd2152c0,1597137,156997290,17583059048,381031752264464,381982208435365,381982596443474,381031995875161
95,"void dot_kernel<double>(double const*, double const*, double*, int) [clone .kd]",2,0,190,1138191,1138191,16777216,1024,8192,0,20,4,32,64,0x0,0x7f07cd215340,1310720,1320026,148086392,381031995859251,381982596553234,381982619202699,381032015693445
96,"void copy_kernel<double>(double const*, double*) [clone .kd]",2,0,192,1138191,1138191,33554432,1024,0,0,8,0,16,64,0x0,0x7f07cd215200,1048576,731982,81944040,381032015686525,381982619249227,381983059736754,381032315828539
97,"void mul_kernel<double>(double*, double const*) [clone .kd]",2,0,194,1138191,1138191,33554432,1024,0,0,8,0,16,64,0x0,0x7f07cd215280,1048576,810806,90754280,381032315785009,381983059828681,381983569554519,381032625702831
98,"void add_kernel<double>(double const*, double const*, double*) [clone .kd]",2,0,196,1138191,1138191,33554432,1024,0,0,8,0,16,64,0x0,0x7f07cd215240,1572864,1505106,168174040,381032625661831,381983569729778,381983932091141,381032805049598
99,"void triad_kernel<double>(double*, double const*, double const*) [clone .kd]",2,0,198,1138191,1138191,33554432,1024,0,0,8,0,16,64,0x0,0x7f07cd2152c0,1572864,1499788,167762032,381032804997948,381983932132336,381984319075322,381032984633202
100,"void dot_kernel<double>(double const*, double const*, double*, int) [clone .kd]",2,0,200,1138191,1138191,16777216,1024,8192,0,20,4,32,64,0x0,0x7f07cd215340,1310720,1328096,148941456,381032984589803,381984319347482,381984342200787,381033005117161
101,"void copy_kernel<double>(double const*, double*) [clone .kd]",2,0,202,1138191,1138191,33554432,1024,0,0,8,0,16,64,0x0,0x7f07cd215200,1057876,61093882,6842357792,381033005107001,381984342246107,381984774936661,381033562656956
102,"void mul_kernel<double>(double*, double const*) [clone .kd]",2,0,204,1138191,1138191,33554432,1024,0,0,8,0,16,64,0x0,0x7f07cd215280,1048576,811284,91458352,381033562610317,381984775007939,381985319630767,381033989195401
103,"void add_kernel<double>(double const*, double const*, double*) [clone .kd]",2,0,206,1138191,1138191,33554432,1024,0,0,8,0,16,64,0x0,0x7f07cd215240,1572864,1476542,165641160,381033989163581,381985319774207,381985692821489,381034170209063
104,"void triad_kernel<double>(double*, double const*, double const*) [clone .kd]",2,0,208,1138191,1138191,33554432,1024,0,0,8,0,16,64,0x0,0x7f07cd2152c0,1591154,67856612,7600104112,381034170175123,381985692885072,381986085449173,381034359421377
105,"void dot_kernel<double>(double const*, double const*, double*, int) [clone .kd]",2,0,210,1138191,1138191,16777216,1024,8192,0,20,4,32,64,0x0,0x7f07cd215340,1310720,1317436,147736936,381034359409707,381986085662933,381986108383757,381034380315142
106,"void copy_kernel<double>(double const*, double*) [clone .kd]",2,0,212,1138191,1138191,33554432,1024,0,0,8,0,16,64,0x0,0x7f07cd215200,1048576,847572,94726416,381034380313652,381986108432521,381986542300655,381034681619816
107,"void mul_kernel<double>(double*, double const*) [clone .kd]",2,0,214,1138191,1138191,33554432,1024,0,0,8,0,16,64,0x0,0x7f07cd215280,1048576,808144,90571640,381034681582666,381986542382002,381987054030517,381035000909849
108,"void add_kernel<double>(double const*, double const*, double*) [clone .kd]",2,0,216,1138191,1138191,33554432,1024,0,0,8,0,16,64,0x0,0x7f07cd215240,1572864,1491032,166177128,381035000875129,381987054299543,381987418859898,381035184205222
109,"void triad_kernel<double>(double*, double const*, double const*) [clone .kd]",2,0,218,1138191,1138191,33554432,1024,0,0,8,0,16,64,0x0,0x7f07cd2152c0,1572864,1461400,163440416,381035184173313,381987418932442,381987805665448,381035360635413
110,"void dot_kernel<double>(double const*, double const*, double*, int) [clone .kd]",2,0,220,1138191,1138191,16777216,1024,8192,0,20,4,32,64,0x0,0x7f07cd215340,1310720,1336528,149854560,381035360600324,381987805916968,381987828338589,381035381291300
111,"void copy_kernel<double>(double const*, double*) [clone .kd]",2,0,222,1138191,1138191,33554432,1024,0,0,8,0,16,64,0x0,0x7f07cd215200,1048576,773994,87560824,381035381291090,381987828459185,381988260573661,381035691626459
112,"void mul_kernel<double>(double*, double const*) [clone .kd]",2,0,224,1138191,1138191,33554432,1024,0,0,8,0,16,64,0x0,0x7f07cd215280,1057597,60604492,6787842272,381035691590019,381988260805004,381988797525625,381036011955763
113,"void add_kernel<double>(double const*, double const*, double*) [clone .kd]",2,0,226,1138191,1138191,33554432,1024,0,0,8,0,16,64,0x0,0x7f07cd215240,1572864,1477890,166337840,381036011950803,381988797681323,381989024823913,381036188162766
114,"void triad_kernel<double>(double*, double const*, double const*) [clone .kd]",2,0,228,1138191,1138191,33554432,1024,0,0,8,0,16,64,0x0,0x7f07cd2152c0,1572864,1505662,168052584,381036188128876,381989024866636,381989235018968,381036365396840
115,"void dot_kernel<double>(double const*, double const*, double*, int) [clone .kd]",2,0,230,1138191,1138191,16777216,1024,8192,0,20,4,32,64,0x0,0x7f07cd215340,1310720,1235680,138217176,381036365369600,381989235054808,381989255861705,381036386323235
116,"void copy_kernel<double>(double const*, double*) [clone .kd]",2,0,232,1138191,1138191,33554432,1024,0,0,8,0,16,64,0x0,0x7f07cd215200,1048576,815908,91685488,381036386316575,381989255901581,381989575923115,381036693874896
117,"void mul_kernel<double>(double*, double const*) [clone .kd]",2,0,234,1138191,1138191,33554432,1024,0,0,8,0,16,64,0x0,0x7f07cd215280,1048576,787810,87985736,381036693843737,381989575963904,381989994055594,381037001302539
118,"void add_kernel<double>(double const*, double const*, double*) [clone .kd]",2,0,236,1138191,1138191,33554432,1024,0,0,8,0,16,64,0x0,0x7f07cd215240,1572864,1485714,164859720,381037001258060,381989994286087,381990369625252,381037183130475
119,"void triad_kernel<double>(double*, double const*, double const*) [clone .kd]",2,0,238,1138191,1138191,33554432,1024,0,0,8,0,16,64,0x0,0x7f07cd2152c0,1572864,1485068,166543576,381037183100465,381990369681937,381990645685020,381037361313671
120,"void dot_kernel<double>(double const*, double const*, double*, int) [clone .kd]",2,0,240,1138191,1138191,16777216,1024,8192,0,20,4,32,64,0x0,0x7f07cd215340,1310720,1529026,171184936,381037361267591,381990645721180,381990675642001,381037406519432
121,"void copy_kernel<double>(double const*, double*) [clone .kd]",2,0,242,1138191,1138191,33554432,1024,0,0,8,0,16,64,0x0,0x7f07cd215200,1048576,823102,92008504,381037406522332,381990675806067,381991111367179,381037868921366
122,"void mul_kernel<double>(double*, double const*) [clone .kd]",2,0,244,1138191,1138191,33554432,1024,0,0,8,0,16,64,0x0,0x7f07cd215280,1048576,721250,80563400,381037868890276,381991111430981,381991463844175,381038229332294
123,"void add_kernel<double>(double const*, double const*, double*) [clone .kd]",2,0,246,1138191,1138191,33554432,1024,0,0,8,0,16,64,0x0,0x7f07cd215240,1572864,1483594,166484536,381038229293774,381991463876718,381991655628359,381038452300405
124,"void triad_kernel<double>(double*, double const*, double const*) [clone .kd]",2,0,248,1138191,1138191,33554432,1024,0,0,8,0,16,64,0x0,0x7f07cd2152c0,1572864,1492768,167000120,381038452272385,381991655655252,381992020500595,381038614250457
125,"void dot_kernel<double>(double const*, double const*, double*, int) [clone .kd]",2,0,250,1138191,1138191,16777216,1024,8192,0,20,4,32,64,0x0,0x7f07cd215340,1310720,1290996,144563568,381038614223717,381992020751475,381992043696289,381038633955722
126,"void copy_kernel<double>(double const*, double*) [clone .kd]",2,0,252,1138191,1138191,33554432,1024,0,0,8,0,16,64,0x0,0x7f07cd215200,1062185,67186970,7525359328,381038633962562,381992043749618,381992477159293,381038977864199
127,"void mul_kernel<double>(double*, double const*) [clone .kd]",2,0,254,1138191,1138191,33554432,1024,0,0,8,0,16,64,0x0,0x7f07cd215280,1048576,807008,90590616,381038977835149,381992477234589,381993014998045,381039285958606
128,"void add_kernel<double>(double const*, double const*, double*) [clone .kd]",2,0,256,1138191,1138191,33554432,1024,0,0,8,0,16,64,0x0,0x7f07cd215240,1572864,1480278,166056568,381039285930786,381993015194629,381993393222150,381039469210110
129,"void triad_kernel<double>(double*, double const*, double const*) [clone .kd]",2,0,258,1138191,1138191,33554432,1024,0,0,8,0,16,64,0x0,0x7f07cd2152c0,1572864,1496786,166561144,381039469168450,381993393294390,381993703412751,381039650193682
130,"void dot_kernel<double>(double const*, double const*, double*, int) [clone .kd]",2,0,260,1138191,1138191,16777216,1024,8192,0,20,4,32,64,0x0,0x7f07cd215340,1310720,1319790,147548464,381039650153493,381993703447631,381993724329559,381039670786420
131,"void copy_kernel<double>(double const*, double*) [clone .kd]",2,0,262,1138191,1138191,33554432,1024,0,0,8,0,16,64,0x0,0x7f07cd215200,1048576,788184,88409952,381039670806970,381993724366964,381994187666324,381039981383926
132,"void mul_kernel<double>(double*, double const*) [clone .kd]",2,0,264,1138191,1138191,33554432,1024,0,0,8,0,16,64,0x0,0x7f07cd215280,1048576,773140,86703216,381039981352286,381994187802654,381994703895286,381040284518405
133,"void add_kernel<double>(double const*, double const*, double*) [clone .kd]",2,0,266,1138191,1138191,33554432,1024,0,0,8,0,16,64,0x0,0x7f07cd215240,1610374,81130080,9086748472,381040284486205,381994703968407,381995081886263,381040475325925
134,"void triad_kernel<double>(double*, double const*, double const*) [clone .kd]",2,0,268,1138191,1138191,33554432,1024,0,0,8,0,16,64,0x0,0x7f07cd2152c0,1572864,1523924,170613008,381040475267736,381995082175232,381995454101872,381040653646360
135,"void dot_kernel<double>(double const*, double const*, double*, int) [clone .kd]",2,0,270,1138191,1138191,16777216,1024,8192,0,20,4,32,64,0x0,0x7f07cd215340,1310720,1319344,147648136,381040653620050,381995454157872,381995476331796,381040674297617
136,"void copy_kernel<double>(double const*, double*) [clone .kd]",2,0,272,1138191,1138191,33554432,1024,0,0,8,0,16,64,0x0,0x7f07cd215200,1048576,837624,93771784,381040674312237,381995476370368,381995911741319,381040997488428
137,"void mul_kernel<double>(double*, double const*) [clone .kd]",2,0,274,1138191,1138191,33554432,1024,0,0,8,0,16,64,0x0,0x7f07cd215280,1048576,828048,92452784,381040997463448,381995911803535,381996448457353,381041303221545
138,"void add_kernel<double>(double const*, double const*, double*) [clone .kd]",2,0,276,1138191,1138191,33554432,1024,0,0,8,0,16,64,0x0,0x7f07cd215240,1572864,1501786,168068216,381041303191725,381996448645279,381996823573631,381041485590186
139,"void triad_kernel<double>(double*, double const*, double const*) [clone .kd]",2,0,278,1138191,1138191,33554432,1024,0,0,8,0,16,64,0x0,0x7f07cd2152c0,1572864,1474394,164519816,381041485563036,381996823671179,381997186241912,381041669643143
140,"void dot_kernel<double>(double const*, double const*, double*, int) [clone .kd]",2,0,280,1138191,1138191,16777216,1024,8192,0,20,4,32,64,0x0,0x7f07cd215340,1310720,1302340,145514040,381041669618873,381997186306392,381997209039032,381041690381389
141,"void copy_kernel<double>(double const*, double*) [clone .kd]",2,0,282,1138191,1138191,33554432,1024,0,0,8,0,16,64,0x0,0x7f07cd215200,1048576,782278,87642864,381041690385089,381997209080645,381997670625925,381041993985194
142,"void mul_kernel<double>(double*, double const*) [clone .kd]",2,0,284,1138191,1138191,33554432,1024,0,0,8,0,16,64,0x0,0x7f07cd215280,1052327,24770786,2774183600,381041993963124,381997670754644,381998189808856,381042328230512
143,"void add_kernel<double>(double const*, double const*, double*) [clone .kd]",2,0,286,1138191,1138191,33554432,1024,0,0,8,0,16,64,0x0,0x7f07cd215240,1572864,1484566,165630472,381042328237612,381998189864902,381998375940250,381042509471782
144,"void triad_kernel<double>(double*, double const*, double const*) [clone .kd]",2,0,288,1138191,1138191,33554432,1024,0,0,8,0,16,64,0x0,0x7f07cd2152c0,1572864,1485600,166549656,381042509456612,381998375978170,381998577270312,381042688771359
145,"void dot_kernel<double>(double const*, double const*, double*, int) [clone .kd]",2,0,290,1138191,1138191,16777216,1024,8192,0,20,4,32,64,0x0,0x7f07cd215340,1310720,1317004,147573552,381042688737809,381998577310312,381998598264229,381042709516795
146,"void copy_kernel<double>(double const*, double*) [clone .kd]",2,0,292,1138191,1138191,33554432,1024,0,0,8,0,16,64,0x0,0x7f07cd215200,1048576,745448,83133800,381042709467896,381998598300899,381999051659881,381043013640476
147,"void mul_kernel<double>(double*, double const*) [clone .kd]",2,0,294,1138191,1138191,33554432,1024,0,0,8,0,16,64,0x0,0x7f07cd215280,1048576,798440,88244888,381043013601876,381999051766412,381999581297840,381043330983585
148,"void add_kernel<double>(double const*, double const*, double*) [clone .kd]",2,0,296,1138191,1138191,33554432,1024,0,0,8,0,16,64,0x0,0x7f07cd215240,1572864,1465074,163476560,381043330949256,381999581356133,381999957558936,381043511234804
149,"void triad_kernel<double>(double*, double const*, double const*) [clone .kd]",2,0,298,1138191,1138191,33554432,1024,0,0,8,0,16,64,0x0,0x7f07cd2152c0,1572864,1472322,164736288,381043511230034,381999957609453,382000232950507,381043689808647
150,"void dot_kernel<double>(double const*, double const*, double*, int) [clone .kd]",2,0,300,1138191,1138191,16777216,1024,8192,0,20,4,32,64,0x0,0x7f07cd215340,1310720,1292482,144656296,381043689800677,382000233086665,382000253972900,381043710754381
151,"void copy_kernel<double>(double const*, double*) [clone .kd]",2,0,302,1138191,1138191,33554432,1024,0,0,8,0,16,64,0x0,0x7f07cd215200,1048576,778810,87278184,381043710769791,382000254026829,382000537335590,381044017318131
152,"void mul_kernel<double>(double*, double const*) [clone .kd]",2,0,304,1138191,1138191,33554432,1024,0,0,8,0,16,64,0x0,0x7f07cd215280,1057845,64328674,7204868056,381044017308311,382000537369633,382000865430980,381044374750145
153,"void add_kernel<double>(double const*, double const*, double*) [clone .kd]",2,0,306,1138191,1138191,33554432,1024,0,0,8,0,16,64,0x0,0x7f07cd215240,1572864,1488086,168129584,381044374735575,382000865465404,382001077744064,381044556016825
154,"void triad_kernel<double>(double*, double const*, double const*) [clone .kd]",2,0,308,1138191,1138191,33554432,1024,0,0,8,0,16,64,0x0,0x7f07cd2152c0,1572864,1482520,166234328,381044555993695,382001077784952,382001268147133,381044739705235
155,"void dot_kernel<double>(double const*, double const*, double*, int) [clone .kd]",2,0,310,1138191,1138191,16777216,1024,8192,0,20,4,32,64,0x0,0x7f07cd215340,1310720,1237054,138138432,381044739684056,382001268179133,382001287676405,381044760465521
156,"void copy_kernel<double>(double const*, double*) [clone .kd]",2,0,312,1138191,1138191,33554432,1024,0,0,8,0,16,64,0x0,0x7f07cd215200,1048576,815586,91708064,381044760477361,382001287713846,382001600204940,381045063561951
157,"void mul_kernel<double>(double*, double const*) [clone .kd]",2,0,314,1138191,1138191,33554432,1024,0,0,8,0,16,64,0x0,0x7f07cd215280,1048576,712858,79511912,381045063525701,382001600379333,382002116380263,381045375674584
158,"void add_kernel<double>(double const*, double const*, double*) [clone .kd]",2,0,316,1138191,1138191,33554432,1024,0,0,8,0,16,64,0x0,0x7f07cd215240,1572864,1462804,163721656,381045375610084,382002116436429,382002335895861,381045553900850
159,"void triad_kernel<double>(double*, double const*, double const*) [clone .kd]",2,0,318,1138191,1138191,33554432,1024,0,0,8,0,16,64,0x0,0x7f07cd2152c0,1572864,1380782,155201008,381045553834681,382002335932903,382002519967707,381045731644510
160,"void dot_kernel<double>(double const*, double const*, double*, int) [clone .kd]",2,0,320,1138191,1138191,16777216,1024,8192,0,20,4,32,64,0x0,0x7f07cd215340,1310720,1302470,145947800,381045731593340,382002520005627,382002539582417,381045752236127
161,"void copy_kernel<double>(double const*, double*) [clone .kd]",2,0,322,1138191,1138191,33554432,1024,0,0,8,0,16,64,0x0,0x7f07cd215200,1050064,23210206,2599182664,381045752231547,382002539622015,382003024238277,381046235098569
162,"void mul_kernel<double>(double*, double const*) [clone .kd]",2,0,324,1138191,1138191,33554432,1024,0,0,8,0,16,64,0x0,0x7f07cd215280,1048576,724624,80559600,381046235047440,382003024384753,382003540952024,381046597567120
163,"void add_kernel<double>(double const*, double const*, double*) [clone .kd]",2,0,326,1138191,1138191,33554432,1024,0,0,8,0,16,64,0x0,0x7f07cd215240,1572864,1481806,166055928,381046597494301,382003541034749,382003922223356,381046792986732
164,"void triad_kernel<double>(double*, double const*, double const*) [clone .kd]",2,0,328,1138191,1138191,33554432,1024,0,0,8,0,16,64,0x0,0x7f07cd2152c0,1572864,1484680,166227768,381046792910343,382003922294676,382004292174479,381046965634435
165,"void dot_kernel<double>(double const*, double const*, double*, int) [clone .kd]",2,0,330,1138191,1138191,16777216,1024,8192,0,20,4,32,64,0x0,0x7f07cd215340,1310720,1321400,147809360,381046965576105,382004292251919,382004314519266,381046986608419
166,"void copy_kernel<double>(double const*, double*) [clone .kd]",2,0,332,1138191,1138191,33554432,1024,0,0,8,0,16,64,0x0,0x7f07cd215200,1048576,791308,88232480,381046986619399,382004314561870,382004798897593,381047283718038
167,"void mul_kernel<double>(double*, double const*) [clone .kd]",2,0,334,1138191,1138191,33554432,1024,0,0,8,0,16,64,0x0,0x7f07cd215280,1048576,703214,79099296,381047283665128,382004799054172,382005306005392,381047584675245
168,"void add_kernel<double>(double const*, double const*, double*) [clone .kd]",2,0,336,1138191,1138191,33554432,1024,0,0,8,0,16,64,0x0,0x7f07cd215240,1572864,1470964,164408792,381047584652875,382005306061814,382005490106019,381047765396510
169,"void triad_kernel<double>(double*, double const*, double const*) [clone .kd]",2,0,338,1138191,1138191,33554432,1024,0,0,8,0,16,64,0x0,0x7f07cd2152c0,1589914,51353458,5751634352,381047765349801,382005490133326,382005685728562,381047950278490
170,"void dot_kernel<double>(double const*, double const*, double*, int) [clone .kd]",2,0,340,1138191,1138191,16777216,1024,8192,0,20,4,32,64,0x0,0x7f07cd215340,1310720,1326472,148489168,381047950224011,382005685756242,382005706379587,381047971278084
171,"void copy_kernel<double>(double const*, double*) [clone .kd]",2,0,342,1138191,1138191,33554432,1024,0,0,8,0,16,64,0x0,0x7f07cd215200,1048576,817390,91086968,381047971279194,382005706417347,382006168253363,381048295350037
172,"void mul_kernel<double>(double*, double const*) [clone .kd]",2,0,344,1138191,1138191,33554432,1024,0,0,8,0,16,64,0x0,0x7f07cd215280,1048576,805874,90521088,381048295330147,382006168429811,382006695081122,381048596387764
173,"void add_kernel<double>(double const*, double const*, double*) [clone .kd]",2,0,346,1138191,1138191,33554432,1024,0,0,8,0,16,64,0x0,0x7f07cd215240,1572864,1478688,165719568,381048596361954,382006695162152,382007070032122,381048822802136
174,"void triad_kernel<double>(double*, double const*, double const*) [clone .kd]",2,0,348,1138191,1138191,33554432,1024,0,0,8,0,16,64,0x0,0x7f07cd2152c0,1572864,1458276,163255304,381048822793585,382007070079931,382007479197067,381049028033725
175,"void dot_kernel<double>(double const*, double const*, double*, int) [clone .kd]",2,0,350,1138191,1138191,16777216,1024,8192,0,20,4,32,64,0x0,0x7f07cd215340,1310720,1291080,144212728,381049027969326,382007479441225,382007501986329,381049049079199
176,"void copy_kernel<double>(double const*, double*) [clone .kd]",2,0,352,1138191,1138191,33554432,1024,0,0,8,0,16,64,0x0,0x7f07cd215200,1048576,781756,88573024,381049049078668,382007502079847,382007784489230,381049372935933
177,"void mul_kernel<double>(double*, double const*) [clone .kd]",2,0,354,1138191,1138191,33554432,1024,0,0,8,0,16,64,0x0,0x7f07cd215280,1048576,732534,80779568,381049372882864,382007784534533,382008065474312,381049734220175
178,"void add_kernel<double>(double const*, double const*, double*) [clone .kd]",2,0,356,1138191,1138191,33554432,1024,0,0,8,0,16,64,0x0,0x7f07cd215240,1572864,1462712,164146456,381049734125245,382008065506575,382008260733939,381049911376910
179,"void triad_kernel<double>(double*, double const*, double const*) [clone .kd]",2,0,358,1138191,1138191,33554432,1024,0,0,8,0,16,64,0x0,0x7f07cd2152c0,1586318,43428880,4863902368,381049911338540,382008260776476,382008453638081,381050095111289
180,"void dot_kernel<double>(double const*, double const*, double*, int) [clone .kd]",2,0,360,1138191,1138191,16777216,1024,8192,0,20,4,32,64,0x0,0x7f07cd215340,1310720,1321092,148239576,381050095099799,382008453680161,382008474341903,381050116654899
181,"void copy_kernel<double>(double const*, double*) [clone .kd]",2,0,362,1138191,1138191,33554432,1024,0,0,8,0,16,64,0x0,0x7f07cd215200,1048576,824404,91858840,381050116673538,382008474378355,382008755319882,381050412916905
182,"void mul_kernel<double>(double*, double const*) [clone .kd]",2,0,364,1138191,1138191,33554432,1024,0,0,8,0,16,64,0x0,0x7f07cd215280,1048576,720744,80638624,381050412887825,382008755357348,382009087665226,381050723223113
183,"void add_kernel<double>(double const*, double const*, double*) [clone .kd]",2,0,366,1138191,1138191,33554432,1024,0,0,8,0,16,64,0x0,0x7f07cd215240,1572864,1474118,165933232,381050723174804,382009087769775,382009289657601,381050903064616
184,"void triad_kernel<double>(double*, double const*, double const*) [clone .kd]",2,0,368,1138191,1138191,33554432,1024,0,0,8,0,16,64,0x0,0x7f07cd2152c0,1572864,1453200,163081952,381050903041086,382009289691733,382009483521963,381051083557373
185,"void dot_kernel<double>(double const*, double const*, double*, int) [clone .kd]",2,0,370,1138191,1138191,16777216,1024,8192,0,20,4,32,64,0x0,0x7f07cd215340,1310720,1222928,137183024,381051083507183,382009483554603,382009504162423,381051104314409
186,"void copy_kernel<double>(double const*, double*) [clone .kd]",2,0,372,1138191,1138191,33554432,1024,0,0,8,0,16,64,0x0,0x7f07cd215200,1048576,785964,87617464,381051104333679,382009504204960,382009774519288,381051416989097
187,"void mul_kernel<double>(double*, double const*) [clone .kd]",2,0,374,1138191,1138191,33554432,1024,0,0,8,0,16,64,0x0,0x7f07cd215280,1048576,708590,79355696,381051416952758,382009774553032,382010074283000,381051737448911
188,"void add_kernel<double>(double const*, double const*, double*) [clone .kd]",2,0,376,1138191,1138191,33554432,1024,0,0,8,0,16,64,0x0,0x7f07cd215240,1572864,1458836,163228280,381051737415921,382010074329715,382010274864570,381051919593024
189,"void triad_kernel<double>(double*, double const*, double const*) [clone .kd]",2,0,378,1138191,1138191,33554432,1024,0,0,8,0,16,64,0x0,0x7f07cd2152c0,1572864,1468612,164702120,381051919555284,382010274896900,382010543791210,381052099388897
190,"void dot_kernel<double>(double const*, double const*, double*, int) [clone .kd]",2,0,380,1138191,1138191,16777216,1024,8192,0,20,4,32,64,0x0,0x7f07cd215340,1310720,1326272,148841776,381052099350157,382010543879210,382010563398550,381052119869165
191,"void copy_kernel<double>(double const*, double*) [clone .kd]",2,0,382,1138191,1138191,33554432,1024,0,0,8,0,16,64,0x0,0x7f07cd215200,1052048,23217004,2599594008,381052119892085,382010563442205,382010942816242,381052628250403
192,"void mul_kernel<double>(double*, double const*) [clone .kd]",2,0,384,1138191,1138191,33554432,1024,0,0,8,0,16,64,0x0,0x7f07cd215280,1048576,730436,81763776,381052628172854,382010942923829,382011307566512,381053102867294
193,"void add_kernel<double>(double const*, double const*, double*) [clone .kd]",2,0,386,1138191,1138191,33554432,1024,0,0,8,0,16,64,0x0,0x7f07cd215240,1572864,1484042,165673600,381053102801405,382011307600731,382011493547748,381053284565481
194,"void triad_kernel<double>(double*, double const*, double const*) [clone .kd]",2,0,388,1138191,1138191,33554432,1024,0,0,8,0,16,64,0x0,0x7f07cd2152c0,1572864,1482414,166317248,381053284534741,382011493574142,382011721485756,381053448242049
195,"void dot_kernel<double>(double const*, double const*, double*, int) [clone .kd]",2,0,390,1138191,1138191,16777216,1024,8192,0,20,4,32,64,0x0,0x7f07cd215340,1310720,1319672,147984632,381053448194489,382011721522396,382011742738533,381053469322702
196,"void copy_kernel<double>(double const*, double*) [clone .kd]",2,0,392,1138191,1138191,33554432,1024,0,0,8,0,16,64,0x0,0x7f07cd215200,1048576,824074,92800424,381053469338682,382011742777252,382012058364771,381053789429108
197,"void mul_kernel<double>(double*, double const*) [clone .kd]",2,0,394,1138191,1138191,33554432,1024,0,0,8,0,16,64,0x0,0x7f07cd215280,1048576,712518,79637248,381053789397179,382012058501958,382012457387305,381054098277339
198,"void add_kernel<double>(double const*, double const*, double*) [clone .kd]",2,0,396,1138191,1138191,33554432,1024,0,0,8,0,16,64,0x0,0x7f07cd215240,1572864,1467000,163749472,381054098246770,382012457441714,382012681852040,381054276229867
199,"void triad_kernel<double>(double*, double const*, double const*) [clone .kd]",2,0,398,1138191,1138191,33554432,1024,0,0,8,0,16,64,0x0,0x7f07cd2152c0,1605569,84754420,9492026864,381054276173018,382012681889588,382012877405223,381054479285555
200,"void dot_kernel<double>(double const*, double const*, double*, int) [clone .kd]",2,0,400,1138191,1138191,16777216,1024,8192,0,20,4,32,64,0x0,0x7f07cd215340,1310720,1239850,138894288,381054479239285,382012877458823,382012899437838,381054500075481
201,"void copy_kernel<double>(double const*, double*) [clone .kd]",2,0,402,1138191,1138191,33554432,1024,0,0,8,0,16,64,0x0,0x7f07cd215200,1048576,816762,92208432,381054500035201,382012899477203,382013175031948,381054803319249
202,"void mul_kernel<double>(double*, double const*) [clone .kd]",2,0,404,1138191,1138191,33554432,1024,0,0,8,0,16,64,0x0,0x7f07cd215280,1048576,805284,90583144,381054803274169,382013175065325,382013459018458,381055119631657
203,"void add_kernel<double>(double const*, double const*, double*) [clone .kd]",2,0,406,1138191,1138191,33554432,1024,0,0,8,0,16,64,0x0,0x7f07cd215240,1572864,1476094,165476480,381055119577128,382013459061184,382013688015334,381055299626638
204,"void triad_kernel<double>(double*, double const*, double const*) [clone .kd]",2,0,408,1138191,1138191,33554432,1024,0,0,8,0,16,64,0x0,0x7f07cd2152c0,1572864,1488394,166752320,381055299556709,382013688246728,382013891510824,381055477372068
205,"void dot_kernel<double>(double const*, double const*, double*, int) [clone .kd]",2,0,410,1138191,1138191,16777216,1024,8192,0,20,4,32,64,0x0,0x7f07cd215340,1310720,1311808,145965016,381055477294919,382013891574024,382013913318799,381055498085314
206,"void copy_kernel<double>(double const*, double*) [clone .kd]",2,0,412,1138191,1138191,33554432,1024,0,0,8,0,16,64,0x0,0x7f07cd215200,1048576,784404,88085832,381055498077924,382013913363558,382014206288995,381055868184412
207,"void mul_kernel<double>(double*, double const*) [clone .kd]",2,0,414,1138191,1138191,33554432,1024,0,0,8,0,16,64,0x0,0x7f07cd215280,1048576,780096,87637776,381055868117242,382014206426481,382014533904030,381056200856873
208,"void add_kernel<double>(double const*, double const*, double*) [clone .kd]",2,0,416,1138191,1138191,33554432,1024,0,0,8,0,16,64,0x0,0x7f07cd215240,1572864,1493956,167338696,381056200739654,382014533956716,382014749580949,381056374650656
209,"void triad_kernel<double>(double*, double const*, double const*) [clone .kd]",2,0,418,1138191,1138191,33554432,1024,0,0,8,0,16,64,0x0,0x7f07cd2152c0,1583559,54372596,6090076576,381056374577186,382014749609423,382014970856368,381056550914348
210,"void dot_kernel<double>(double const*, double const*, double*, int) [clone .kd]",2,0,420,1138191,1138191,16777216,1024,8192,0,20,4,32,64,0x0,0x7f07cd215340,1310720,1238730,138489224,381056550839519,382014970907088,382014991578103,381056570526324
211,"void copy_kernel<double>(double const*, double*) [clone .kd]",2,0,422,1138191,1138191,33554432,1024,0,0,8,0,16,64,0x0,0x7f07cd215200,1048576,816360,92176232,381056570556633,382014991661486,382015304370720,381056868088339
212,"void mul_kernel<double>(double*, double const*) [clone .kd]",2,0,424,1138191,1138191,33554432,1024,0,0,8,0,16,64,0x0,0x7f07cd215280,1048576,719580,80398456,381056868041799,382015304520716,382015605349639,381057173608848
213,"void add_kernel<double>(double const*, double const*, double*) [clone .kd]",2,0,426,1138191,1138191,33554432,1024,0,0,8,0,16,64,0x0,0x7f07cd215240,1572864,1472218,165788648,381057173568808,382015605393684,382015849451154,381057355885250
214,"void triad_kernel<double>(double*, double const*, double const*) [clone .kd]",2,0,428,1138191,1138191,33554432,1024,0,0,8,0,16,64,0x0,0x7f07cd2152c0,1572864,1457398,163659192,381057355852610,382015849490728,382016054081841,381057534620561
215,"void dot_kernel<double>(double const*, double const*, double*, int) [clone .kd]",2,0,430,1138191,1138191,16777216,1024,8192,0,20,4,32,64,0x0,0x7f07cd215340,1310720,1293168,144521992,381057534588731,382016054131441,382016074762615,381057555272978
216,"void copy_kernel<double>(double const*, double*) [clone .kd]",2,0,432,1138191,1138191,33554432,1024,0,0,8,0,16,64,0x0,0x7f07cd215200,1048576,782344,87238432,381057555273358,382016074837730,382016391296863,381057859532327
217,"void mul_kernel<double>(double*, double const*) [clone .kd]",2,0,434,1138191,1138191,33554432,1024,0,0,8,0,16,64,0x0,0x7f07cd215280,1048576,705804,79024904,381057859496198,382016391327799,382016736254093,381058176765148
218,"void add_kernel<double>(double const*, double const*, double*) [clone .kd]",2,0,436,1138191,1138191,33554432,1024,0,0,8,0,16,64,0x0,0x7f07cd215240,1572864,1457222,163179344,381058176744488,382016736304775,382016986340305,381058359018050
219,"void triad_kernel<double>(double*, double const*, double const*) [clone .kd]",2,0,438,1138191,1138191,33554432,1024,0,0,8,0,16,64,0x0,0x7f07cd2152c0,1572864,1472388,164968456,381058358986151,382016986534519,382017352296460,381058539202409
220,"void dot_kernel<double>(double const*, double const*, double*, int) [clone .kd]",2,0,440,1138191,1138191,16777216,1024,8192,0,20,4,32,64,0x0,0x7f07cd215340,1310720,1294650,144814096,381058539166760,382017352357580,382017375122830,381058560348112
221,"void copy_kernel<double>(double const*, double*) [clone .kd]",2,0,442,1138191,1138191,33554432,1024,0,0,8,0,16,64,0x0,0x7f07cd215200,1048576,787016,88307232,381058560374822,382017375185033,382017806976009,381058860367257
222,"void mul_kernel<double>(double*, double const*) [clone .kd]",2,0,444,1138191,1138191,33554432,1024,0,0,8,0,16,64,0x0,0x7f07cd215280,1053288,36848964,4126957864,381058860299038,382017807048075,382018119951670,381059196605668
223,"void add_kernel<double>(double const*, double const*, double*) [clone .kd]",2,0,446,1138191,1138191,33554432,1024,0,0,8,0,16,64,0x0,0x7f07cd215240,1572864,1491764,166156288,381059196539839,382018119998417,382018318867598,381059380190729
224,"void triad_kernel<double>(double*, double const*, double const*) [clone .kd]",2,0,448,1138191,1138191,33554432,1024,0,0,8,0,16,64,0x0,0x7f07cd2152c0,1572864,1470172,166284592,381059380151719,382018318899231,382018511921379,381059561877776
225,"void dot_kernel<double>(double const*, double const*, double*, int) [clone .kd]",2,0,450,1138191,1138191,16777216,1024,8192,0,20,4,32,64,0x0,0x7f07cd215340,1310720,1324528,148363464,381059561864386,382018511952259,382018532472231,381059582824251
226,"void copy_kernel<double>(double const*, double*) [clone .kd]",2,0,452,1138191,1138191,33554432,1024,0,0,8,0,16,64,0x0,0x7f07cd215200,1048576,835530,93894752,381059582832991,382018532520623,382018987815860,381059891234725
227,"void mul_kernel<double>(double*, double const*) [clone .kd]",2,0,454,1138191,1138191,33554432,1024,0,0,8,0,16,64,0x0,0x7f07cd215280,1048576,715786,79433192,381059891192105,382018988061108,382019518852875,381060216181361
228,"void add_kernel<double>(double const*, double const*, double*) [clone .kd]",2,0,456,1138191,1138191,33554432,1024,0,0,8,0,16,64,0x0,0x7f07cd215240,1572864,1455652,163383400,381060216137131,382019519061224,382019747779473,381060398453313
229,"void triad_kernel<double>(double*, double const*, double const*) [clone .kd]",2,0,458,1138191,1138191,33554432,1024,0,0,8,0,16,64,0x0,0x7f07cd2152c0,1572864,1467298,164574720,381060398412513,382019747837523,382019942425896,381060580057560
230,"void dot_kernel<double>(double const*, double const*, double*, int) [clone .kd]",2,0,460,1138191,1138191,16777216,1024,8192,0,20,4,32,64,0x0,0x7f07cd215340,1310720,1303772,146463640,381060580006811,382019942481416,382019963238186,381060600736727
231,"void copy_kernel<double>(double const*, double*) [clone .kd]",2,0,462,1138191,1138191,33554432,1024,0,0,8,0,16,64,0x0,0x7f07cd215200,1048576,789604,88407048,381060600744187,382019963299481,382020409541742,381060904755932
232,"void mul_kernel<double>(double*, double const*) [clone .kd]",2,0,464,1138191,1138191,33554432,1024,0,0,8,0,16,64,0x0,0x7f07cd215280,1048576,711778,79538632,381060904713443,382020409754548,382020931328695,381061226766783
233,"void add_kernel<double>(double const*, double const*, double*) [clone .kd]",2,0,466,1138191,1138191,33554432,1024,0,0,8,0,16,64,0x0,0x7f07cd215240,1572864,1492694,167151920,381061226711754,382020931414888,382021298600767,381061408493975
234,"void triad_kernel<double>(double*, double const*, double const*) [clone .kd]",2,0,468,1138191,1138191,33554432,1024,0,0,8,0,16,64,0x0,0x7f07cd2152c0,1572864,1470510,164275256,381061408452396,382021298655259,382021668588649,381061585465971
235,"void dot_kernel<double>(double const*, double const*, double*, int) [clone .kd]",2,0,470,1138191,1138191,16777216,1024,8192,0,20,4,32,64,0x0,0x7f07cd215340,1310720,1292654,144766936,381061585419462,382021668634889,382021691147975,381061606153134
236,"void copy_kernel<double>(double const*, double*) [clone .kd]",2,0,472,1138191,1138191,33554432,1024,0,0,8,0,16,64,0x0,0x7f07cd215200,1054869,48574772,5440620400,381061606159784,382021691188630,382021981684529,381061938104482
237,"void mul_kernel<double>(double*, double const*) [clone .kd]",2,0,474,1138191,1138191,33554432,1024,0,0,8,0,16,64,0x0,0x7f07cd215280,1048576,815128,92107248,381061938090272,382021981728565,382022287190359,381062259436874
238,"void add_kernel<double>(double const*, double const*, double*) [clone .kd]",2,0,476,1138191,1138191,33554432,1024,0,0,8,0,16,64,0x0,0x7f07cd215240,1572864,1481092,165821584,381062259393754,382022287391920,382022662447696,381062444135011
239,"void triad_kernel<double>(double*, double const*, double const*) [clone .kd]",2,0,478,1138191,1138191,33554432,1024,0,0,8,0,16,64,0x0,0x7f07cd2152c0,1572864,1492866,166585168,381062444085142,382022662516521,382023006060650,381062624316167
240,"void dot_kernel<double>(double const*, double const*, double*, int) [clone .kd]",2,0,480,1138191,1138191,16777216,1024,8192,0,20,4,32,64,0x0,0x7f07cd215340,1310720,1319738,147287232,381062624256308,382023006103370,382023026429258,381062645045809
241,"void copy_kernel<double>(double const*, double*) [clone .kd]",2,0,482,1138191,1138191,33554432,1024,0,0,8,0,16,64,0x0,0x7f07cd215200,1048576,784586,88141728,381062645047399,382023026468135,382023355819648,381062957219131
242,"void mul_kernel<double>(double*, double const*) [clone .kd]",2,0,484,1138191,1138191,33554432,1024,0,0,8,0,16,64,0x0,0x7f07cd215280,1048576,781060,87356192,381062957177391,382023355850491,382023640627980,381063268428367
243,"void add_kernel<double>(double const*, double const*, double*) [clone .kd]",2,0,486,1138191,1138191,33554432,1024,0,0,8,0,16,64,0x0,0x7f07cd215240,1572864,1481024,166612552,381063268392158,382023640655039,382023887792743,381063449304413
244,"void triad_kernel<double>(double*, double const*, double const*) [clone .kd]",2,0,488,1138191,1138191,33554432,1024,0,0,8,0,16,64,0x0,0x7f07cd2152c0,1572864,1526854,169635744,381063449258594,382023887819230,382024134283973,381063627770936
245,"void dot_kernel<double>(double const*, double const*, double*, int) [clone .kd]",2,0,490,1138191,1138191,16777216,1024,8192,0,20,4,32,64,0x0,0x7f07cd215340,1310720,1296218,145052744,381063627716487,382024134395491,382024156898177,381063648366050
246,"void copy_kernel<double>(double const*, double*) [clone .kd]",2,0,492,1138191,1138191,33554432,1024,0,0,8,0,16,64,0x0,0x7f07cd215200,1048576,787778,87965440,381063648363480,382024156941375,382024449119324,381063944174813
247,"void mul_kernel<double>(double*, double const*) [clone .kd]",2,0,494,1138191,1138191,33554432,1024,0,0,8,0,16,64,0x0,0x7f07cd215280,1048576,704710,79342968,381063944105044,382024449171950,382024773143127,381064255186172
248,"void add_kernel<double>(double const*, double const*, double*) [clone .kd]",2,0,496,1138191,1138191,33554432,1024,0,0,8,0,16,64,0x0,0x7f07cd215240,1572864,1467774,164707144,381064255156623,382024773189461,382024997700471,381064437310249
249,"void triad_kernel<double>(double*, double const*, double const*) [clone .kd]",2,0,498,1138191,1138191,33554432,1024,0,0,8,0,16,64,0x0,0x7f07cd2152c0,1604639,120530390,13499372176,381064437272389,382024997738099,382025273728226,381064647774121
250,"void dot_kernel<double>(double const*, double const*, double*, int) [clone .kd]",2,0,500,1138191,1138191,16777216,1024,8192,0,20,4,32,64,0x0,0x7f07cd215340,1310720,1314782,147601744,381064647750271,382025273762146,382025294496672,381064668897246
