Dispatch_ID,Kernel_Name,GPU_ID,queue-id,queue-index,pid,tid,Grid_Size,Workgroup_Size,LDS_Per_Workgroup,Scratch_Per_Workitem,Arch_VGPR,Accum_VGPR,SGPR,wave_size,sig,obj,SQ_INSTS_LDS,SQ_INST_LEVEL_LDS,SQ_ACCUM_PREV_HIRES,DispatchNs,Start_Timestamp,End_Timestamp,CompleteNs
0,"void init_kernel<double>(double*, double*, double*, double, double, double) [clone .kd]",2,0,0,1106499,1106499,33554432,1024,0,0,12,4,32,64,0x0,0x7fe1e47f5380,0,0,0,380985514303759,381960359710622,381960570254218,380985741961537
1,"void copy_kernel<double>(double const*, double*) [clone .kd]",2,0,2,1106499,1106499,33554432,1024,0,0,8,0,16,64,0x0,0x7fe1e47f5200,0,0,0,380985741939897,381960570336288,381960634059429,380985810070386
2,"void mul_kernel<double>(double*, double const*) [clone .kd]",2,0,4,1106499,1106499,33554432,1024,0,0,8,0,16,64,0x0,0x7fe1e47f5280,0,0,0,380985810053766,381960634093901,381960698142649,380985877277974
3,"void add_kernel<double>(double const*, double const*, double*) [clone .kd]",2,0,6,1106499,1106499,33554432,1024,0,0,8,0,16,64,0x0,0x7fe1e47f5240,0,0,0,380985877263824,381960698174809,381960749863856,380985925287650
4,"void triad_kernel<double>(double*, double const*, double const*) [clone .kd]",2,0,8,1106499,1106499,33554432,1024,0,0,8,0,16,64,0x0,0x7fe1e47f52c0,0,0,0,380985925275180,381960749903225,381960801063174,380985973489894
5,"void dot_kernel<double>(double const*, double const*, double*, int) [clone .kd]",2,0,10,1106499,1106499,16777216,1024,8192,0,20,4,32,64,0x0,0x7fe1e47f5340,1572864,738505,82537575,380985973450965,381960801096614,381960820245454,380985992758746
6,"void copy_kernel<double>(double const*, double*) [clone .kd]",2,0,12,1106499,1106499,33554432,1024,0,0,8,0,16,64,0x0,0x7fe1e47f5200,0,0,0,380985992770886,381960820294633,381960884162099,380986062658927
7,"void mul_kernel<double>(double*, double const*) [clone .kd]",2,0,14,1106499,1106499,33554432,1024,0,0,8,0,16,64,0x0,0x7fe1e47f5280,0,0,0,380986062638497,381960884192942,381960947742641,380986132860904
8,"void add_kernel<double>(double const*, double const*, double*) [clone .kd]",2,0,16,1106499,1106499,33554432,1024,0,0,8,0,16,64,0x0,0x7fe1e47f5240,0,0,0,380986132849924,381960947770161,381960998740320,380986181046468
9,"void triad_kernel<double>(double*, double const*, double const*) [clone .kd]",2,0,18,1106499,1106499,33554432,1024,0,0,8,0,16,64,0x0,0x7fe1e47f52c0,0,0,0,380986181041368,381960998772992,381961049523304,380986229092654
10,"void dot_kernel<double>(double const*, double const*, double*, int) [clone .kd]",2,0,20,1106499,1106499,16777216,1024,8192,0,20,4,32,64,0x0,0x7fe1e47f5340,1572864,738097,82528931,380986229054114,381961049551944,381961068679011,380986248393355
11,"void copy_kernel<double>(double const*, double*) [clone .kd]",2,0,22,1106499,1106499,33554432,1024,0,0,8,0,16,64,0x0,0x7fe1e47f5200,0,0,0,380986248395465,381961068725171,381961134609946,380986320389464
12,"void mul_kernel<double>(double*, double const*) [clone .kd]",2,0,24,1106499,1106499,33554432,1024,0,0,8,0,16,64,0x0,0x7fe1e47f5280,0,0,0,380986320339485,381961134639764,381961199812028,380986389038898
13,"void add_kernel<double>(double const*, double const*, double*) [clone .kd]",2,0,26,1106499,1106499,33554432,1024,0,0,8,0,16,64,0x0,0x7fe1e47f5240,0,0,0,380986388975209,381961199844175,381961262841313,380986455758951
14,"void triad_kernel<double>(double*, double const*, double const*) [clone .kd]",2,0,28,1106499,1106499,33554432,1024,0,0,8,0,16,64,0x0,0x7fe1e47f52c0,0,0,0,380986455748742,381961263631234,381961315123379,380986504179213
15,"void dot_kernel<double>(double const*, double const*, double*, int) [clone .kd]",2,0,30,1106499,1106499,16777216,1024,8192,0,20,4,32,64,0x0,0x7fe1e47f5340,1572864,737632,82540663,380986504132044,381961315333449,381961334482114,380986523498944
16,"void copy_kernel<double>(double const*, double*) [clone .kd]",2,0,32,1106499,1106499,33554432,1024,0,0,8,0,16,64,0x0,0x7fe1e47f5200,0,0,0,380986523446355,381961334623823,381961398845192,380986590210068
17,"void mul_kernel<double>(double*, double const*) [clone .kd]",2,0,34,1106499,1106499,33554432,1024,0,0,8,0,16,64,0x0,0x7fe1e47f5280,0,0,0,380986590173188,381961398908742,381961462513304,380986682932364
18,"void add_kernel<double>(double const*, double const*, double*) [clone .kd]",2,0,36,1106499,1106499,33554432,1024,0,0,8,0,16,64,0x0,0x7fe1e47f5240,0,0,0,380986682932684,381961462583100,381961642037137,380986731902040
19,"void triad_kernel<double>(double*, double const*, double const*) [clone .kd]",2,0,38,1106499,1106499,33554432,1024,0,0,8,0,16,64,0x0,0x7fe1e47f52c0,0,0,0,380986731882720,381961642179377,381961692810335,380986779617479
20,"void dot_kernel<double>(double const*, double const*, double*, int) [clone .kd]",2,0,40,1106499,1106499,16777216,1024,8192,0,20,4,32,64,0x0,0x7fe1e47f5340,1572864,737172,82542973,380986779604289,381961692846496,381961711972758,380986799067599
21,"void copy_kernel<double>(double const*, double*) [clone .kd]",2,0,42,1106499,1106499,33554432,1024,0,0,8,0,16,64,0x0,0x7fe1e47f5200,0,0,0,380986799072049,381961712034895,381961942855193,380986867009499
22,"void mul_kernel<double>(double*, double const*) [clone .kd]",2,0,44,1106499,1106499,33554432,1024,0,0,8,0,16,64,0x0,0x7fe1e47f5280,0,0,0,380986866946340,381961942954015,381962282497003,380986958717226
23,"void add_kernel<double>(double const*, double const*, double*) [clone .kd]",2,0,46,1106499,1106499,33554432,1024,0,0,8,0,16,64,0x0,0x7fe1e47f5240,0,0,0,380986958661826,381962282831677,381962400322542,380987009400194
24,"void triad_kernel<double>(double*, double const*, double const*) [clone .kd]",2,0,48,1106499,1106499,33554432,1024,0,0,8,0,16,64,0x0,0x7fe1e47f52c0,0,0,0,380987009324715,381962400379733,381962591636616,380987057369651
25,"void dot_kernel<double>(double const*, double const*, double*, int) [clone .kd]",2,0,50,1106499,1106499,16777216,1024,8192,0,20,4,32,64,0x0,0x7fe1e47f5340,1572864,735831,82535851,380987057289771,381962591682536,381962611183040,380987076724741
26,"void copy_kernel<double>(double const*, double*) [clone .kd]",2,0,52,1106499,1106499,33554432,1024,0,0,8,0,16,64,0x0,0x7fe1e47f5200,0,0,0,380987076683162,381962611236691,381962791818703,380987148037327
27,"void mul_kernel<double>(double*, double const*) [clone .kd]",2,0,54,1106499,1106499,33554432,1024,0,0,8,0,16,64,0x0,0x7fe1e47f5280,0,0,0,380987147886569,381962791863039,381963117779924,380987236800224
28,"void add_kernel<double>(double const*, double const*, double*) [clone .kd]",2,0,56,1106499,1106499,33554432,1024,0,0,8,0,16,64,0x0,0x7fe1e47f5240,0,0,0,380987236775344,381963117812496,381963234591998,380987285983208
29,"void triad_kernel<double>(double*, double const*, double const*) [clone .kd]",2,0,58,1106499,1106499,33554432,1024,0,0,8,0,16,64,0x0,0x7fe1e47f52c0,0,0,0,380987285947399,381963234636270,381963424866579,380987333471129
30,"void dot_kernel<double>(double const*, double const*, double*, int) [clone .kd]",2,0,60,1106499,1106499,16777216,1024,8192,0,20,4,32,64,0x0,0x7fe1e47f5340,1572864,738172,82544486,380987333438490,381963424897459,381963445365003,380987352803000
31,"void copy_kernel<double>(double const*, double*) [clone .kd]",2,0,62,1106499,1106499,33554432,1024,0,0,8,0,16,64,0x0,0x7fe1e47f5200,0,0,0,380987352764421,381963445424435,381963625222415,380987421928959
32,"void mul_kernel<double>(double*, double const*) [clone .kd]",2,0,64,1106499,1106499,33554432,1024,0,0,8,0,16,64,0x0,0x7fe1e47f5280,0,0,0,380987421855820,381963625268613,381963982465031,380987494820939
33,"void add_kernel<double>(double const*, double const*, double*) [clone .kd]",2,0,66,1106499,1106499,33554432,1024,0,0,8,0,16,64,0x0,0x7fe1e47f5240,0,0,0,380987494800199,381963982546375,381964103338208,380987543351619
34,"void triad_kernel<double>(double*, double const*, double const*) [clone .kd]",2,0,68,1106499,1106499,33554432,1024,0,0,8,0,16,64,0x0,0x7fe1e47f52c0,0,0,0,380987543307340,381964103387547,381964285464413,380987592695112
35,"void dot_kernel<double>(double const*, double const*, double*, int) [clone .kd]",2,0,70,1106499,1106499,16777216,1024,8192,0,20,4,32,64,0x0,0x7fe1e47f5340,1572864,737977,82526276,380987592617032,381964285501853,381964305448277,380987612026943
36,"void copy_kernel<double>(double const*, double*) [clone .kd]",2,0,72,1106499,1106499,33554432,1024,0,0,8,0,16,64,0x0,0x7fe1e47f5200,0,0,0,380987611987733,381964305492514,381964536319996,380987683871113
37,"void mul_kernel<double>(double*, double const*) [clone .kd]",2,0,74,1106499,1106499,33554432,1024,0,0,8,0,16,64,0x0,0x7fe1e47f5280,0,0,0,380987683798074,381964536595809,381964908129208,380987756593705
38,"void add_kernel<double>(double const*, double const*, double*) [clone .kd]",2,0,76,1106499,1106499,33554432,1024,0,0,8,0,16,64,0x0,0x7fe1e47f5240,0,0,0,380987756531116,381964908274651,381965128970439,380987806462922
39,"void triad_kernel<double>(double*, double const*, double const*) [clone .kd]",2,0,78,1106499,1106499,33554432,1024,0,0,8,0,16,64,0x0,0x7fe1e47f52c0,0,0,0,380987806397143,381965129125974,381965366225302,380987877711999
40,"void dot_kernel<double>(double const*, double const*, double*, int) [clone .kd]",2,0,80,1106499,1106499,16777216,1024,8192,0,20,4,32,64,0x0,0x7fe1e47f5340,1572864,737976,82530614,380987877626510,381965366277302,381965385789805,380987897200078
41,"void copy_kernel<double>(double const*, double*) [clone .kd]",2,0,82,1106499,1106499,33554432,1024,0,0,8,0,16,64,0x0,0x7fe1e47f5200,0,0,0,380987897211088,381965385832361,381965803369214,380987966455625
42,"void mul_kernel<double>(double*, double const*) [clone .kd]",2,0,84,1106499,1106499,33554432,1024,0,0,8,0,16,64,0x0,0x7fe1e47f5280,0,0,0,380987966415656,381965803507375,381966231146487,380988034916341
43,"void add_kernel<double>(double const*, double const*, double*) [clone .kd]",2,0,86,1106499,1106499,33554432,1024,0,0,8,0,16,64,0x0,0x7fe1e47f5240,0,0,0,380988034843572,381966231417852,381966620303114,380988083514541
44,"void triad_kernel<double>(double*, double const*, double const*) [clone .kd]",2,0,88,1106499,1106499,33554432,1024,0,0,8,0,16,64,0x0,0x7fe1e47f52c0,0,0,0,380988083484441,381966620451694,381966803274474,380988132050861
45,"void dot_kernel<double>(double const*, double const*, double*, int) [clone .kd]",2,0,90,1106499,1106499,16777216,1024,8192,0,20,4,32,64,0x0,0x7fe1e47f5340,1572864,737152,82535092,380988132033352,381966803343594,381966846562366,380988151486812
46,"void copy_kernel<double>(double const*, double*) [clone .kd]",2,0,92,1106499,1106499,33554432,1024,0,0,8,0,16,64,0x0,0x7fe1e47f5200,0,0,0,380988151438132,381966846681168,381967285311461,380988245284636
47,"void mul_kernel<double>(double*, double const*) [clone .kd]",2,0,94,1106499,1106499,33554432,1024,0,0,8,0,16,64,0x0,0x7fe1e47f5280,0,0,0,380988245287636,381967285455092,381967816508385,380988313252067
48,"void add_kernel<double>(double const*, double const*, double*) [clone .kd]",2,0,96,1106499,1106499,33554432,1024,0,0,8,0,16,64,0x0,0x7fe1e47f5240,0,0,0,380988313231067,381967816794380,381968188716273,380988361969206
49,"void triad_kernel<double>(double*, double const*, double const*) [clone .kd]",2,0,98,1106499,1106499,33554432,1024,0,0,8,0,16,64,0x0,0x7fe1e47f52c0,0,0,0,380988361949096,381968188785183,381968583609182,380988410316328
50,"void dot_kernel<double>(double const*, double const*, double*, int) [clone .kd]",2,0,100,1106499,1106499,16777216,1024,8192,0,20,4,32,64,0x0,0x7fe1e47f5340,1572864,736359,82525871,380988410285058,381968583822942,381968606267129,380988429563730
51,"void copy_kernel<double>(double const*, double*) [clone .kd]",2,0,102,1106499,1106499,33554432,1024,0,0,8,0,16,64,0x0,0x7fe1e47f5200,0,0,0,380988429584040,381968606310214,381969071380052,380988497620410
52,"void mul_kernel<double>(double*, double const*) [clone .kd]",2,0,104,1106499,1106499,33554432,1024,0,0,8,0,16,64,0x0,0x7fe1e47f5280,0,0,0,380988497584180,381969071586432,381969594628028,380988597073286
53,"void add_kernel<double>(double const*, double const*, double*) [clone .kd]",2,0,106,1106499,1106499,33554432,1024,0,0,8,0,16,64,0x0,0x7fe1e47f5240,0,0,0,380988597083016,381969594813106,381969805727914,380988646035982
54,"void triad_kernel<double>(double*, double const*, double const*) [clone .kd]",2,0,108,1106499,1106499,33554432,1024,0,0,8,0,16,64,0x0,0x7fe1e47f52c0,0,0,0,380988646010903,381969805916173,381970140841856,380988694148757
55,"void dot_kernel<double>(double const*, double const*, double*, int) [clone .kd]",2,0,110,1106499,1106499,16777216,1024,8192,0,20,4,32,64,0x0,0x7fe1e47f5340,1572864,736012,82537370,380988694121858,381970140919296,381970163461083,380988713558628
56,"void copy_kernel<double>(double const*, double*) [clone .kd]",2,0,112,1106499,1106499,33554432,1024,0,0,8,0,16,64,0x0,0x7fe1e47f5200,0,0,0,380988713560577,381970163505248,381970552729403,380988783714186
57,"void mul_kernel<double>(double*, double const*) [clone .kd]",2,0,114,1106499,1106499,33554432,1024,0,0,8,0,16,64,0x0,0x7fe1e47f5280,0,0,0,380988783680426,381970552873579,381971077333091,380988868960078
58,"void add_kernel<double>(double const*, double const*, double*) [clone .kd]",2,0,116,1106499,1106499,33554432,1024,0,0,8,0,16,64,0x0,0x7fe1e47f5240,0,0,0,380988868942669,381971077465207,381971284853610,380988916988884
59,"void triad_kernel<double>(double*, double const*, double const*) [clone .kd]",2,0,118,1106499,1106499,33554432,1024,0,0,8,0,16,64,0x0,0x7fe1e47f52c0,0,0,0,380988916963004,381971284885933,381971506385556,380988965411906
60,"void dot_kernel<double>(double const*, double const*, double*, int) [clone .kd]",2,0,120,1106499,1106499,16777216,1024,8192,0,20,4,32,64,0x0,0x7fe1e47f5340,1572864,737940,82548157,380988965356046,381971506579156,381971527228460,380988984656218
61,"void copy_kernel<double>(double const*, double*) [clone .kd]",2,0,122,1106499,1106499,33554432,1024,0,0,8,0,16,64,0x0,0x7fe1e47f5200,0,0,0,380988984651518,381971527274443,381971894287531,380989054038454
62,"void mul_kernel<double>(double*, double const*) [clone .kd]",2,0,124,1106499,1106499,33554432,1024,0,0,8,0,16,64,0x0,0x7fe1e47f5280,0,0,0,380989054014344,381971894355710,381972272180332,380989124615098
63,"void add_kernel<double>(double const*, double const*, double*) [clone .kd]",2,0,126,1106499,1106499,33554432,1024,0,0,8,0,16,64,0x0,0x7fe1e47f5240,0,0,0,380989124579678,381972272355219,381972592130473,380989174095878
64,"void triad_kernel<double>(double*, double const*, double const*) [clone .kd]",2,0,128,1106499,1106499,33554432,1024,0,0,8,0,16,64,0x0,0x7fe1e47f52c0,0,0,0,380989174068509,381972592181293,381972964197261,380989222345542
65,"void dot_kernel<double>(double const*, double const*, double*, int) [clone .kd]",2,0,130,1106499,1106499,16777216,1024,8192,0,20,4,32,64,0x0,0x7fe1e47f5340,1572864,737134,82529553,380989222307792,381972964327341,381972987141608,380989241876141
66,"void copy_kernel<double>(double const*, double*) [clone .kd]",2,0,132,1106499,1106499,33554432,1024,0,0,8,0,16,64,0x0,0x7fe1e47f5200,0,0,0,380989241884131,381972987226639,381973441342691,380989315635462
67,"void mul_kernel<double>(double*, double const*) [clone .kd]",2,0,134,1106499,1106499,33554432,1024,0,0,8,0,16,64,0x0,0x7fe1e47f5280,0,0,0,380989315608822,381973441472947,381973848473900,380989406852953
68,"void add_kernel<double>(double const*, double const*, double*) [clone .kd]",2,0,136,1106499,1106499,33554432,1024,0,0,8,0,16,64,0x0,0x7fe1e47f5240,0,0,0,380989406989392,381973848517087,381974080686156,380989456426523
69,"void triad_kernel<double>(double*, double const*, double const*) [clone .kd]",2,0,138,1106499,1106499,33554432,1024,0,0,8,0,16,64,0x0,0x7fe1e47f52c0,0,0,0,380989456409043,381974080884689,381974274551155,380989505019513
70,"void dot_kernel<double>(double const*, double const*, double*, int) [clone .kd]",2,0,140,1106499,1106499,16777216,1024,8192,0,20,4,32,64,0x0,0x7fe1e47f5340,1572864,737758,82527580,380989504985153,381974274587635,381974294842858,380989524546342
71,"void copy_kernel<double>(double const*, double*) [clone .kd]",2,0,142,1106499,1106499,33554432,1024,0,0,8,0,16,64,0x0,0x7fe1e47f5200,0,0,0,380989524538412,381974294882308,381974739147146,380989592135757
72,"void mul_kernel<double>(double*, double const*) [clone .kd]",2,0,144,1106499,1106499,33554432,1024,0,0,8,0,16,64,0x0,0x7fe1e47f5280,0,0,0,380989592047808,381974739426904,381975243857894,380989687133669
73,"void add_kernel<double>(double const*, double const*, double*) [clone .kd]",2,0,146,1106499,1106499,33554432,1024,0,0,8,0,16,64,0x0,0x7fe1e47f5240,0,0,0,380989687101530,381975243988662,381975530776352,380989736089125
74,"void triad_kernel<double>(double*, double const*, double const*) [clone .kd]",2,0,148,1106499,1106499,33554432,1024,0,0,8,0,16,64,0x0,0x7fe1e47f52c0,0,0,0,380989736024006,381975530947417,381975748303665,380989784851913
75,"void dot_kernel<double>(double const*, double const*, double*, int) [clone .kd]",2,0,150,1106499,1106499,16777216,1024,8192,0,20,4,32,64,0x0,0x7fe1e47f5340,1572864,737385,82539286,380989784771334,381975748460305,381975769210408,380989804185045
76,"void copy_kernel<double>(double const*, double*) [clone .kd]",2,0,152,1106499,1106499,33554432,1024,0,0,8,0,16,64,0x0,0x7fe1e47f5200,0,0,0,380989804147945,381975769324613,381976240601325,380989877811077
77,"void mul_kernel<double>(double*, double const*) [clone .kd]",2,0,154,1106499,1106499,33554432,1024,0,0,8,0,16,64,0x0,0x7fe1e47f5280,0,0,0,380989877748997,381976240732358,381976771142574,380989974221125
78,"void add_kernel<double>(double const*, double const*, double*) [clone .kd]",2,0,156,1106499,1106499,33554432,1024,0,0,8,0,16,64,0x0,0x7fe1e47f5240,0,0,0,380989974215745,381976771306557,381977145953715,380990023050642
79,"void triad_kernel<double>(double*, double const*, double const*) [clone .kd]",2,0,158,1106499,1106499,33554432,1024,0,0,8,0,16,64,0x0,0x7fe1e47f52c0,0,0,0,380990022974413,381977146016636,381977531246197,380990071148207
80,"void dot_kernel<double>(double const*, double const*, double*, int) [clone .kd]",2,0,160,1106499,1106499,16777216,1024,8192,0,20,4,32,64,0x0,0x7fe1e47f5340,1572864,739438,82561356,380990071110998,381977531473237,381977553891502,380990090678906
81,"void copy_kernel<double>(double const*, double*) [clone .kd]",2,0,162,1106499,1106499,33554432,1024,0,0,8,0,16,64,0x0,0x7fe1e47f5200,0,0,0,380990090639697,381977553989682,381977992607470,380990166548516
82,"void mul_kernel<double>(double*, double const*) [clone .kd]",2,0,164,1106499,1106499,33554432,1024,0,0,8,0,16,64,0x0,0x7fe1e47f5280,0,0,0,380990166380967,381977992708344,381978529970884,380990236891492
83,"void add_kernel<double>(double const*, double const*, double*) [clone .kd]",2,0,166,1106499,1106499,33554432,1024,0,0,8,0,16,64,0x0,0x7fe1e47f5240,0,0,0,380990236818442,381978530098853,381978834234878,380990286364713
84,"void triad_kernel<double>(double*, double const*, double const*) [clone .kd]",2,0,168,1106499,1106499,33554432,1024,0,0,8,0,16,64,0x0,0x7fe1e47f52c0,0,0,0,380990286354143,381978834286654,381979024621109,380990335166130
85,"void dot_kernel<double>(double const*, double const*, double*, int) [clone .kd]",2,0,170,1106499,1106499,16777216,1024,8192,0,20,4,32,64,0x0,0x7fe1e47f5340,1572864,736751,82544102,380990335127351,381979024650549,381979067288677,380990354615450
86,"void copy_kernel<double>(double const*, double*) [clone .kd]",2,0,172,1106499,1106499,33554432,1024,0,0,8,0,16,64,0x0,0x7fe1e47f5200,0,0,0,380990354618370,381979067374684,381979536305941,380990423323453
87,"void mul_kernel<double>(double*, double const*) [clone .kd]",2,0,174,1106499,1106499,33554432,1024,0,0,8,0,16,64,0x0,0x7fe1e47f5280,0,0,0,380990423293084,381979536375549,381980062043662,380990492703299
88,"void add_kernel<double>(double const*, double const*, double*) [clone .kd]",2,0,176,1106499,1106499,33554432,1024,0,0,8,0,16,64,0x0,0x7fe1e47f5240,0,0,0,380990492700240,381980062209469,381980432146684,380990564478781
89,"void triad_kernel<double>(double*, double const*, double const*) [clone .kd]",2,0,178,1106499,1106499,33554432,1024,0,0,8,0,16,64,0x0,0x7fe1e47f52c0,0,0,0,380990564465441,381980432203352,381980824475790,380990613014231
90,"void dot_kernel<double>(double const*, double const*, double*, int) [clone .kd]",2,0,180,1106499,1106499,16777216,1024,8192,0,20,4,32,64,0x0,0x7fe1e47f5340,1572864,735845,82551296,380990612966032,381980824760590,381980846990375,380990632292693
91,"void copy_kernel<double>(double const*, double*) [clone .kd]",2,0,182,1106499,1106499,33554432,1024,0,0,8,0,16,64,0x0,0x7fe1e47f5200,0,0,0,380990632263373,381980847093246,381981288901913,380990703123924
92,"void mul_kernel<double>(double*, double const*) [clone .kd]",2,0,184,1106499,1106499,33554432,1024,0,0,8,0,16,64,0x0,0x7fe1e47f5280,0,0,0,380990703102164,381981288973398,381981840110817,380990768817088
93,"void add_kernel<double>(double const*, double const*, double*) [clone .kd]",2,0,186,1106499,1106499,33554432,1024,0,0,8,0,16,64,0x0,0x7fe1e47f5240,0,0,0,380990768773008,381981840258842,381982208366770,380990817090121
94,"void triad_kernel<double>(double*, double const*, double const*) [clone .kd]",2,0,188,1106499,1106499,33554432,1024,0,0,8,0,16,64,0x0,0x7fe1e47f52c0,0,0,0,380990817040582,381982208435365,381982596443474,380990889690734
95,"void dot_kernel<double>(double const*, double const*, double*, int) [clone .kd]",2,0,190,1106499,1106499,16777216,1024,8192,0,20,4,32,64,0x0,0x7fe1e47f5340,1572864,738857,82531330,380990889673274,381982596553234,381982619202699,380990909156904
96,"void copy_kernel<double>(double const*, double*) [clone .kd]",2,0,192,1106499,1106499,33554432,1024,0,0,8,0,16,64,0x0,0x7fe1e47f5200,0,0,0,380990909135634,381982619249227,381983059736754,380990977505831
97,"void mul_kernel<double>(double*, double const*) [clone .kd]",2,0,194,1106499,1106499,33554432,1024,0,0,8,0,16,64,0x0,0x7fe1e47f5280,0,0,0,380990977468991,381983059828681,381983569554519,380991045480001
98,"void add_kernel<double>(double const*, double const*, double*) [clone .kd]",2,0,196,1106499,1106499,33554432,1024,0,0,8,0,16,64,0x0,0x7fe1e47f5240,0,0,0,380991045431582,381983569729778,381983932091141,380991094643515
99,"void triad_kernel<double>(double*, double const*, double const*) [clone .kd]",2,0,198,1106499,1106499,33554432,1024,0,0,8,0,16,64,0x0,0x7fe1e47f52c0,0,0,0,380991094601926,381983932132336,381984319075322,380991142724290
100,"void dot_kernel<double>(double const*, double const*, double*, int) [clone .kd]",2,0,200,1106499,1106499,16777216,1024,8192,0,20,4,32,64,0x0,0x7fe1e47f5340,1572864,736362,82537197,380991142637681,381984319347482,381984342200787,380991161953262
101,"void copy_kernel<double>(double const*, double*) [clone .kd]",2,0,202,1106499,1106499,33554432,1024,0,0,8,0,16,64,0x0,0x7fe1e47f5200,0,0,0,380991161926203,381984342246107,381984774936661,380991255328912
102,"void mul_kernel<double>(double*, double const*) [clone .kd]",2,0,204,1106499,1106499,33554432,1024,0,0,8,0,16,64,0x0,0x7fe1e47f5280,0,0,0,380991255321262,381984775007939,381985319630767,380991326284911
103,"void add_kernel<double>(double const*, double const*, double*) [clone .kd]",2,0,206,1106499,1106499,33554432,1024,0,0,8,0,16,64,0x0,0x7fe1e47f5240,0,0,0,380991326223002,381985319774207,381985692821489,380991374536825
104,"void triad_kernel<double>(double*, double const*, double const*) [clone .kd]",2,0,208,1106499,1106499,33554432,1024,0,0,8,0,16,64,0x0,0x7fe1e47f52c0,0,0,0,380991374503595,381985692885072,381986085449173,380991423405722
105,"void dot_kernel<double>(double const*, double const*, double*, int) [clone .kd]",2,0,210,1106499,1106499,16777216,1024,8192,0,20,4,32,64,0x0,0x7fe1e47f5340,1572864,737759,82528824,380991423358363,381986085662933,381986108383757,380991442884911
106,"void copy_kernel<double>(double const*, double*) [clone .kd]",2,0,212,1106499,1106499,33554432,1024,0,0,8,0,16,64,0x0,0x7fe1e47f5200,0,0,0,380991442862072,381986108432521,381986542300655,380991516732122
107,"void mul_kernel<double>(double*, double const*) [clone .kd]",2,0,214,1106499,1106499,33554432,1024,0,0,8,0,16,64,0x0,0x7fe1e47f5280,0,0,0,380991516689792,381986542382002,381987054030517,380991585415165
108,"void add_kernel<double>(double const*, double const*, double*) [clone .kd]",2,0,216,1106499,1106499,33554432,1024,0,0,8,0,16,64,0x0,0x7fe1e47f5240,0,0,0,380991585370545,381987054299543,381987418859898,380991634070574
109,"void triad_kernel<double>(double*, double const*, double const*) [clone .kd]",2,0,218,1106499,1106499,33554432,1024,0,0,8,0,16,64,0x0,0x7fe1e47f52c0,0,0,0,380991634033005,381987418932442,381987805665448,380991682704134
110,"void dot_kernel<double>(double const*, double const*, double*, int) [clone .kd]",2,0,220,1106499,1106499,16777216,1024,8192,0,20,4,32,64,0x0,0x7fe1e47f5340,1572864,737153,82536567,380991682658484,381987805916968,381987828338589,380991701944776
111,"void copy_kernel<double>(double const*, double*) [clone .kd]",2,0,222,1106499,1106499,33554432,1024,0,0,8,0,16,64,0x0,0x7fe1e47f5200,0,0,0,380991701926806,381987828459185,381988260573661,380991770505990
112,"void mul_kernel<double>(double*, double const*) [clone .kd]",2,0,224,1106499,1106499,33554432,1024,0,0,8,0,16,64,0x0,0x7fe1e47f5280,0,0,0,380991770456091,381988260805004,381988797525625,380991841372731
113,"void add_kernel<double>(double const*, double const*, double*) [clone .kd]",2,0,226,1106499,1106499,33554432,1024,0,0,8,0,16,64,0x0,0x7fe1e47f5240,0,0,0,380991841322031,381988797681323,381989024823913,380991890661694
114,"void triad_kernel<double>(double*, double const*, double const*) [clone .kd]",2,0,228,1106499,1106499,33554432,1024,0,0,8,0,16,64,0x0,0x7fe1e47f52c0,0,0,0,380991890626624,381989024866636,381989235018968,380991957898802
115,"void dot_kernel<double>(double const*, double const*, double*, int) [clone .kd]",2,0,230,1106499,1106499,16777216,1024,8192,0,20,4,32,64,0x0,0x7fe1e47f5340,1572864,734709,82537507,380991957915472,381989235054808,381989255861705,380991977508400
116,"void copy_kernel<double>(double const*, double*) [clone .kd]",2,0,232,1106499,1106499,33554432,1024,0,0,8,0,16,64,0x0,0x7fe1e47f5200,0,0,0,380991977513180,381989255901581,381989575923115,380992046940146
117,"void mul_kernel<double>(double*, double const*) [clone .kd]",2,0,234,1106499,1106499,33554432,1024,0,0,8,0,16,64,0x0,0x7fe1e47f5280,0,0,0,380992046907626,381989575963904,381989994055594,380992116099304
118,"void add_kernel<double>(double const*, double const*, double*) [clone .kd]",2,0,236,1106499,1106499,33554432,1024,0,0,8,0,16,64,0x0,0x7fe1e47f5240,0,0,0,380992116047135,381989994286087,381990369625252,380992164273618
119,"void triad_kernel<double>(double*, double const*, double const*) [clone .kd]",2,0,238,1106499,1106499,33554432,1024,0,0,8,0,16,64,0x0,0x7fe1e47f52c0,0,0,0,380992164246508,381990369681937,381990645685020,380992212655190
120,"void dot_kernel<double>(double const*, double const*, double*, int) [clone .kd]",2,0,240,1106499,1106499,16777216,1024,8192,0,20,4,32,64,0x0,0x7fe1e47f5340,1572864,737619,82545622,380992212609481,381990645721180,381990675642001,380992231898392
121,"void copy_kernel<double>(double const*, double*) [clone .kd]",2,0,242,1106499,1106499,33554432,1024,0,0,8,0,16,64,0x0,0x7fe1e47f5200,0,0,0,380992231884963,381990675806067,381991111367179,380992302764673
122,"void mul_kernel<double>(double*, double const*) [clone .kd]",2,0,244,1106499,1106499,33554432,1024,0,0,8,0,16,64,0x0,0x7fe1e47f5280,0,0,0,380992302718523,381991111430981,381991463844175,380992395420429
123,"void add_kernel<double>(double const*, double const*, double*) [clone .kd]",2,0,246,1106499,1106499,33554432,1024,0,0,8,0,16,64,0x0,0x7fe1e47f5240,0,0,0,380992395401760,381991463876718,381991655628359,380992443481025
124,"void triad_kernel<double>(double*, double const*, double const*) [clone .kd]",2,0,248,1106499,1106499,33554432,1024,0,0,8,0,16,64,0x0,0x7fe1e47f52c0,0,0,0,380992443481525,381991655655252,381992020500595,380992491818017
125,"void dot_kernel<double>(double const*, double const*, double*, int) [clone .kd]",2,0,250,1106499,1106499,16777216,1024,8192,0,20,4,32,64,0x0,0x7fe1e47f5340,1572864,736747,82556119,380992491763928,381992020751475,381992043696289,380992511489985
126,"void copy_kernel<double>(double const*, double*) [clone .kd]",2,0,252,1106499,1106499,33554432,1024,0,0,8,0,16,64,0x0,0x7fe1e47f5200,0,0,0,380992511486415,381992043749618,381992477159293,380992581681153
127,"void mul_kernel<double>(double*, double const*) [clone .kd]",2,0,254,1106499,1106499,33554432,1024,0,0,8,0,16,64,0x0,0x7fe1e47f5280,0,0,0,380992581648503,381992477234589,381993014998045,380992650365786
128,"void add_kernel<double>(double const*, double const*, double*) [clone .kd]",2,0,256,1106499,1106499,33554432,1024,0,0,8,0,16,64,0x0,0x7fe1e47f5240,0,0,0,380992650300337,381993015194629,381993393222150,380992698519250
129,"void triad_kernel<double>(double*, double const*, double const*) [clone .kd]",2,0,258,1106499,1106499,33554432,1024,0,0,8,0,16,64,0x0,0x7fe1e47f52c0,0,0,0,380992698458801,381993393294390,381993703412751,380992746504947
130,"void dot_kernel<double>(double const*, double const*, double*, int) [clone .kd]",2,0,260,1106499,1106499,16777216,1024,8192,0,20,4,32,64,0x0,0x7fe1e47f5340,1572864,736974,82545354,380992746446137,381993703447631,381993724329559,380992765942217
131,"void copy_kernel<double>(double const*, double*) [clone .kd]",2,0,262,1106499,1106499,33554432,1024,0,0,8,0,16,64,0x0,0x7fe1e47f5200,0,0,0,380992765947047,381993724366964,381994187666324,380992889640214
132,"void mul_kernel<double>(double*, double const*) [clone .kd]",2,0,264,1106499,1106499,33554432,1024,0,0,8,0,16,64,0x0,0x7fe1e47f5280,0,0,0,380992889611194,381994187802654,381994703895286,380992968359654
133,"void add_kernel<double>(double const*, double const*, double*) [clone .kd]",2,0,266,1106499,1106499,33554432,1024,0,0,8,0,16,64,0x0,0x7fe1e47f5240,0,0,0,380992968315694,381994703968407,381995081886263,380993016592757
134,"void triad_kernel<double>(double*, double const*, double const*) [clone .kd]",2,0,268,1106499,1106499,33554432,1024,0,0,8,0,16,64,0x0,0x7fe1e47f52c0,0,0,0,380993016554198,381995082175232,381995454101872,380993208083287
135,"void dot_kernel<double>(double const*, double const*, double*, int) [clone .kd]",2,0,270,1106499,1106499,16777216,1024,8192,0,20,4,32,64,0x0,0x7fe1e47f5340,1572864,737584,82532383,380993208072887,381995454157872,381995476331796,380993227905083
136,"void copy_kernel<double>(double const*, double*) [clone .kd]",2,0,272,1106499,1106499,33554432,1024,0,0,8,0,16,64,0x0,0x7fe1e47f5200,0,0,0,380993227899353,381995476370368,381995911741319,380993296891863
137,"void mul_kernel<double>(double*, double const*) [clone .kd]",2,0,274,1106499,1106499,33554432,1024,0,0,8,0,16,64,0x0,0x7fe1e47f5280,0,0,0,380993296826404,381995911803535,381996448457353,380993391423960
138,"void add_kernel<double>(double const*, double const*, double*) [clone .kd]",2,0,276,1106499,1106499,33554432,1024,0,0,8,0,16,64,0x0,0x7fe1e47f5240,0,0,0,380993391333611,381996448645279,381996823573631,380993511408925
139,"void triad_kernel<double>(double*, double const*, double const*) [clone .kd]",2,0,278,1106499,1106499,33554432,1024,0,0,8,0,16,64,0x0,0x7fe1e47f52c0,0,0,0,380993511435935,381996823671179,381997186241912,380993687909259
140,"void dot_kernel<double>(double const*, double const*, double*, int) [clone .kd]",2,0,280,1106499,1106499,16777216,1024,8192,0,20,4,32,64,0x0,0x7fe1e47f5340,1572864,739634,82545807,380993687874809,381997186306392,381997209039032,380993707387169
141,"void copy_kernel<double>(double const*, double*) [clone .kd]",2,0,282,1106499,1106499,33554432,1024,0,0,8,0,16,64,0x0,0x7fe1e47f5200,0,0,0,380993707384529,381997209080645,381997670625925,380994071900768
142,"void mul_kernel<double>(double*, double const*) [clone .kd]",2,0,284,1106499,1106499,33554432,1024,0,0,8,0,16,64,0x0,0x7fe1e47f5280,0,0,0,380994071906288,381997670754644,381998189808856,380994400695274
143,"void add_kernel<double>(double const*, double const*, double*) [clone .kd]",2,0,286,1106499,1106499,33554432,1024,0,0,8,0,16,64,0x0,0x7fe1e47f5240,0,0,0,380994400680145,381998189864902,381998375940250,380994593630279
144,"void triad_kernel<double>(double*, double const*, double const*) [clone .kd]",2,0,288,1106499,1106499,33554432,1024,0,0,8,0,16,64,0x0,0x7fe1e47f52c0,0,0,0,380994593722818,381998375978170,381998577270312,380994770614763
145,"void dot_kernel<double>(double const*, double const*, double*, int) [clone .kd]",2,0,290,1106499,1106499,16777216,1024,8192,0,20,4,32,64,0x0,0x7fe1e47f5340,1572864,737945,82554873,380994770550493,381998577310312,381998598264229,380994791545099
146,"void copy_kernel<double>(double const*, double*) [clone .kd]",2,0,292,1106499,1106499,33554432,1024,0,0,8,0,16,64,0x0,0x7fe1e47f5200,0,0,0,380994791541819,381998598300899,381999051659881,380995136780811
147,"void mul_kernel<double>(double*, double const*) [clone .kd]",2,0,294,1106499,1106499,33554432,1024,0,0,8,0,16,64,0x0,0x7fe1e47f5280,0,0,0,380995136717572,381999051766412,381999581297840,380995503769096
148,"void add_kernel<double>(double const*, double const*, double*) [clone .kd]",2,0,296,1106499,1106499,33554432,1024,0,0,8,0,16,64,0x0,0x7fe1e47f5240,0,0,0,380995503979032,381999581356133,381999957558936,380995679099219
149,"void triad_kernel<double>(double*, double const*, double const*) [clone .kd]",2,0,298,1106499,1106499,33554432,1024,0,0,8,0,16,64,0x0,0x7fe1e47f52c0,0,0,0,380995679090569,381999957609453,382000232950507,380995842835822
150,"void dot_kernel<double>(double const*, double const*, double*, int) [clone .kd]",2,0,300,1106499,1106499,16777216,1024,8192,0,20,4,32,64,0x0,0x7fe1e47f5340,1574272,738398,82618415,380995842840612,382000233086665,382000253972900,380995891196115
151,"void copy_kernel<double>(double const*, double*) [clone .kd]",2,0,302,1106499,1106499,33554432,1024,0,0,8,0,16,64,0x0,0x7fe1e47f5200,0,0,0,380995891237185,382000254026829,382000537335590,380996428428113
152,"void mul_kernel<double>(double*, double const*) [clone .kd]",2,0,304,1106499,1106499,33554432,1024,0,0,8,0,16,64,0x0,0x7fe1e47f5280,0,0,0,380996428340204,382000537369633,382000865430980,380996802609707
153,"void add_kernel<double>(double const*, double const*, double*) [clone .kd]",2,0,306,1106499,1106499,33554432,1024,0,0,8,0,16,64,0x0,0x7fe1e47f5240,0,0,0,380996802591718,382000865465404,382001077744064,380996982822796
154,"void triad_kernel<double>(double*, double const*, double const*) [clone .kd]",2,0,308,1106499,1106499,33554432,1024,0,0,8,0,16,64,0x0,0x7fe1e47f52c0,0,0,0,380996982769146,382001077784952,382001268147133,380997162900326
155,"void dot_kernel<double>(double const*, double const*, double*, int) [clone .kd]",2,0,310,1106499,1106499,16777216,1024,8192,0,20,4,32,64,0x0,0x7fe1e47f5340,1572864,737784,82565825,380997162863206,382001268179133,382001287676405,380997183438279
156,"void copy_kernel<double>(double const*, double*) [clone .kd]",2,0,312,1106499,1106499,33554432,1024,0,0,8,0,16,64,0x0,0x7fe1e47f5200,0,0,0,380997183423769,382001287713846,382001600204940,380997494339860
157,"void mul_kernel<double>(double*, double const*) [clone .kd]",2,0,314,1106499,1106499,33554432,1024,0,0,8,0,16,64,0x0,0x7fe1e47f5280,0,0,0,380997494331660,382001600379333,382002116380263,380997803013415
158,"void add_kernel<double>(double const*, double const*, double*) [clone .kd]",2,0,316,1106499,1106499,33554432,1024,0,0,8,0,16,64,0x0,0x7fe1e47f5240,0,0,0,380997802962156,382002116436429,382002335895861,380997983245073
159,"void triad_kernel<double>(double*, double const*, double const*) [clone .kd]",2,0,318,1106499,1106499,33554432,1024,0,0,8,0,16,64,0x0,0x7fe1e47f52c0,0,0,0,380997983223803,382002335932903,382002519967707,380998184055014
160,"void dot_kernel<double>(double const*, double const*, double*, int) [clone .kd]",2,0,320,1106499,1106499,16777216,1024,8192,0,20,4,32,64,0x0,0x7fe1e47f5340,1572864,738126,82544329,380998184121873,382002520005627,382002539582417,380998204815483
161,"void copy_kernel<double>(double const*, double*) [clone .kd]",2,0,322,1106499,1106499,33554432,1024,0,0,8,0,16,64,0x0,0x7fe1e47f5200,0,0,0,380998204823743,382002539622015,382003024238277,380998526475978
162,"void mul_kernel<double>(double*, double const*) [clone .kd]",2,0,324,1106499,1106499,33554432,1024,0,0,8,0,16,64,0x0,0x7fe1e47f5280,0,0,0,380998526434299,382003024384753,382003540952024,380998854231329
163,"void add_kernel<double>(double const*, double const*, double*) [clone .kd]",2,0,326,1106499,1106499,33554432,1024,0,0,8,0,16,64,0x0,0x7fe1e47f5240,0,0,0,380998854158710,382003541034749,382003922223356,380999059527110
164,"void triad_kernel<double>(double*, double const*, double const*) [clone .kd]",2,0,328,1106499,1106499,33554432,1024,0,0,8,0,16,64,0x0,0x7fe1e47f52c0,0,0,0,380999059539370,382003922294676,382004292174479,380999236634986
165,"void dot_kernel<double>(double const*, double const*, double*, int) [clone .kd]",2,0,330,1106499,1106499,16777216,1024,8192,0,20,4,32,64,0x0,0x7fe1e47f5340,1572864,737592,82546043,380999236593837,382004292251919,382004314519266,380999257538604
166,"void copy_kernel<double>(double const*, double*) [clone .kd]",2,0,332,1106499,1106499,33554432,1024,0,0,8,0,16,64,0x0,0x7fe1e47f5200,0,0,0,380999257547233,382004314561870,382004798897593,380999579499054
167,"void mul_kernel<double>(double*, double const*) [clone .kd]",2,0,334,1106499,1106499,33554432,1024,0,0,8,0,16,64,0x0,0x7fe1e47f5280,0,0,0,380999579441155,382004799054172,382005306005392,380999917626935
168,"void add_kernel<double>(double const*, double const*, double*) [clone .kd]",2,0,336,1106499,1106499,33554432,1024,0,0,8,0,16,64,0x0,0x7fe1e47f5240,0,0,0,380999917601855,382005306061814,382005490106019,381000099236021
169,"void triad_kernel<double>(double*, double const*, double const*) [clone .kd]",2,0,338,1106499,1106499,33554432,1024,0,0,8,0,16,64,0x0,0x7fe1e47f52c0,0,0,0,381000099169793,382005490133326,382005685728562,381000277845515
170,"void dot_kernel<double>(double const*, double const*, double*, int) [clone .kd]",2,0,340,1106499,1106499,16777216,1024,8192,0,20,4,32,64,0x0,0x7fe1e47f5340,1572864,737914,82539967,381000277790095,382005685756242,382005706379587,381000298366408
171,"void copy_kernel<double>(double const*, double*) [clone .kd]",2,0,342,1106499,1106499,33554432,1024,0,0,8,0,16,64,0x0,0x7fe1e47f5200,0,0,0,381000298347968,382005706417347,382006168253363,381000614174633
172,"void mul_kernel<double>(double*, double const*) [clone .kd]",2,0,344,1106499,1106499,33554432,1024,0,0,8,0,16,64,0x0,0x7fe1e47f5280,0,0,0,381000614111034,382006168429811,382006695081122,381001000033517
173,"void add_kernel<double>(double const*, double const*, double*) [clone .kd]",2,0,346,1106499,1106499,33554432,1024,0,0,8,0,16,64,0x0,0x7fe1e47f5240,0,0,0,381000999993897,382006695162152,382007070032122,381001184982122
174,"void triad_kernel<double>(double*, double const*, double const*) [clone .kd]",2,0,348,1106499,1106499,33554432,1024,0,0,8,0,16,64,0x0,0x7fe1e47f52c0,0,0,0,381001184967032,382007070079931,382007479197067,381001353054988
175,"void dot_kernel<double>(double const*, double const*, double*, int) [clone .kd]",2,0,350,1106499,1106499,16777216,1024,8192,0,20,4,32,64,0x0,0x7fe1e47f5340,1572864,737729,82547189,381001353010088,382007479441225,382007501986329,381001374013274
176,"void copy_kernel<double>(double const*, double*) [clone .kd]",2,0,352,1106499,1106499,33554432,1024,0,0,8,0,16,64,0x0,0x7fe1e47f5200,0,0,0,381001374017464,382007502079847,382007784489230,381001676070542
177,"void mul_kernel<double>(double*, double const*) [clone .kd]",2,0,354,1106499,1106499,33554432,1024,0,0,8,0,16,64,0x0,0x7fe1e47f5280,0,0,0,381001675965563,382007784534533,382008065474312,381002008760337
178,"void add_kernel<double>(double const*, double const*, double*) [clone .kd]",2,0,356,1106499,1106499,33554432,1024,0,0,8,0,16,64,0x0,0x7fe1e47f5240,0,0,0,381002008757277,382008065506575,382008260733939,381002189886601
179,"void triad_kernel<double>(double*, double const*, double const*) [clone .kd]",2,0,358,1106499,1106499,33554432,1024,0,0,8,0,16,64,0x0,0x7fe1e47f52c0,0,0,0,381002189812592,382008260776476,382008453638081,381002366902188
180,"void dot_kernel<double>(double const*, double const*, double*, int) [clone .kd]",2,0,360,1106499,1106499,16777216,1024,8192,0,20,4,32,64,0x0,0x7fe1e47f5340,1572864,739689,82551749,381002366848269,382008453680161,382008474341903,381002387608949
181,"void copy_kernel<double>(double const*, double*) [clone .kd]",2,0,362,1106499,1106499,33554432,1024,0,0,8,0,16,64,0x0,0x7fe1e47f5200,0,0,0,381002387589979,382008474378355,382008755319882,381002770619157
182,"void mul_kernel<double>(double*, double const*) [clone .kd]",2,0,364,1106499,1106499,33554432,1024,0,0,8,0,16,64,0x0,0x7fe1e47f5280,0,0,0,381002770583007,382008755357348,382009087665226,381003154953024
183,"void add_kernel<double>(double const*, double const*, double*) [clone .kd]",2,0,366,1106499,1106499,33554432,1024,0,0,8,0,16,64,0x0,0x7fe1e47f5240,0,0,0,381003154910585,382009087769775,382009289657601,381003336975444
184,"void triad_kernel<double>(double*, double const*, double const*) [clone .kd]",2,0,368,1106499,1106499,33554432,1024,0,0,8,0,16,64,0x0,0x7fe1e47f52c0,0,0,0,381003336897086,382009289691733,382009483521963,381003512768151
185,"void dot_kernel<double>(double const*, double const*, double*, int) [clone .kd]",2,0,370,1106499,1106499,16777216,1024,8192,0,20,4,32,64,0x0,0x7fe1e47f5340,1572864,737449,82547902,381003512748301,382009483554603,382009504162423,381003533514751
186,"void copy_kernel<double>(double const*, double*) [clone .kd]",2,0,372,1106499,1106499,33554432,1024,0,0,8,0,16,64,0x0,0x7fe1e47f5200,0,0,0,381003533504871,382009504204960,382009774519288,381003843296989
187,"void mul_kernel<double>(double*, double const*) [clone .kd]",2,0,374,1106499,1106499,33554432,1024,0,0,8,0,16,64,0x0,0x7fe1e47f5280,0,0,0,381003843292919,382009774553032,382010074283000,381004169718690
188,"void add_kernel<double>(double const*, double const*, double*) [clone .kd]",2,0,376,1106499,1106499,33554432,1024,0,0,8,0,16,64,0x0,0x7fe1e47f5240,0,0,0,381004169709201,382010074329715,382010274864570,381004351837339
189,"void triad_kernel<double>(double*, double const*, double const*) [clone .kd]",2,0,378,1106499,1106499,33554432,1024,0,0,8,0,16,64,0x0,0x7fe1e47f52c0,0,0,0,381004351787530,382010274896900,382010543791210,381004534174665
190,"void dot_kernel<double>(double const*, double const*, double*, int) [clone .kd]",2,0,380,1106499,1106499,16777216,1024,8192,0,20,4,32,64,0x0,0x7fe1e47f5340,1572864,736954,82543955,381004534136065,382010543879210,382010563398550,381004554638619
191,"void copy_kernel<double>(double const*, double*) [clone .kd]",2,0,382,1106499,1106499,33554432,1024,0,0,8,0,16,64,0x0,0x7fe1e47f5200,0,0,0,381004554645969,382010563442205,382010942816242,381004865130836
192,"void mul_kernel<double>(double*, double const*) [clone .kd]",2,0,384,1106499,1106499,33554432,1024,0,0,8,0,16,64,0x0,0x7fe1e47f5280,0,0,0,381004865115167,382010942923829,382011307566512,381005188811160
193,"void add_kernel<double>(double const*, double const*, double*) [clone .kd]",2,0,386,1106499,1106499,33554432,1024,0,0,8,0,16,64,0x0,0x7fe1e47f5240,0,0,0,381005188772501,382011307600731,382011493547748,381005390403368
194,"void triad_kernel<double>(double*, double const*, double const*) [clone .kd]",2,0,388,1106499,1106499,33554432,1024,0,0,8,0,16,64,0x0,0x7fe1e47f52c0,0,0,0,381005390456418,382011493574142,382011721485756,381005567913968
195,"void dot_kernel<double>(double const*, double const*, double*, int) [clone .kd]",2,0,390,1106499,1106499,16777216,1024,8192,0,20,4,32,64,0x0,0x7fe1e47f5340,1572864,737428,82542665,381005567894129,382011721522396,382011742738533,381005588224695
196,"void copy_kernel<double>(double const*, double*) [clone .kd]",2,0,392,1106499,1106499,33554432,1024,0,0,8,0,16,64,0x0,0x7fe1e47f5200,0,0,0,381005588228175,382011742777252,382012058364771,381005938437619
197,"void mul_kernel<double>(double*, double const*) [clone .kd]",2,0,394,1106499,1106499,33554432,1024,0,0,8,0,16,64,0x0,0x7fe1e47f5280,0,0,0,381005938433949,382012058501958,382012457387305,381006281643011
198,"void add_kernel<double>(double const*, double const*, double*) [clone .kd]",2,0,396,1106499,1106499,33554432,1024,0,0,8,0,16,64,0x0,0x7fe1e47f5240,0,0,0,381006281647442,382012457441714,382012681852040,381006467728299
199,"void triad_kernel<double>(double*, double const*, double const*) [clone .kd]",2,0,398,1106499,1106499,33554432,1024,0,0,8,0,16,64,0x0,0x7fe1e47f52c0,0,0,0,381006467808368,382012681889588,382012877405223,381006633169245
200,"void dot_kernel<double>(double const*, double const*, double*, int) [clone .kd]",2,0,400,1106499,1106499,16777216,1024,8192,0,20,4,32,64,0x0,0x7fe1e47f5340,1572864,738002,82566997,381006633146876,382012877458823,382012899437838,381006654666504
201,"void copy_kernel<double>(double const*, double*) [clone .kd]",2,0,402,1106499,1106499,33554432,1024,0,0,8,0,16,64,0x0,0x7fe1e47f5200,0,0,0,381006654676673,382012899477203,382013175031948,381006935017406
202,"void mul_kernel<double>(double*, double const*) [clone .kd]",2,0,404,1106499,1106499,33554432,1024,0,0,8,0,16,64,0x0,0x7fe1e47f5280,0,0,0,381006935192003,382013175065325,382013459018458,381007236049710
203,"void add_kernel<double>(double const*, double const*, double*) [clone .kd]",2,0,406,1106499,1106499,33554432,1024,0,0,8,0,16,64,0x0,0x7fe1e47f5240,0,0,0,381007236058539,382013459061184,382013688015334,381007292166453
204,"void triad_kernel<double>(double*, double const*, double const*) [clone .kd]",2,0,408,1106499,1106499,33554432,1024,0,0,8,0,16,64,0x0,0x7fe1e47f52c0,0,0,0,381007292194103,382013688246728,382013891510824,381007548971179
205,"void dot_kernel<double>(double const*, double const*, double*, int) [clone .kd]",2,0,410,1106499,1106499,16777216,1024,8192,0,20,4,32,64,0x0,0x7fe1e47f5340,1572864,736637,82542081,381007549020328,382013891574024,382013913318799,381007568741914
206,"void copy_kernel<double>(double const*, double*) [clone .kd]",2,0,412,1106499,1106499,33554432,1024,0,0,8,0,16,64,0x0,0x7fe1e47f5200,0,0,0,381007568784414,382013913363558,382014206288995,381007636649566
207,"void mul_kernel<double>(double*, double const*) [clone .kd]",2,0,414,1106499,1106499,33554432,1024,0,0,8,0,16,64,0x0,0x7fe1e47f5280,0,0,0,381007636617267,382014206426481,382014533904030,381007724638468
208,"void add_kernel<double>(double const*, double const*, double*) [clone .kd]",2,0,416,1106499,1106499,33554432,1024,0,0,8,0,16,64,0x0,0x7fe1e47f5240,0,0,0,381007724599228,382014533956716,382014749580949,381007820214453
209,"void triad_kernel<double>(double*, double const*, double const*) [clone .kd]",2,0,418,1106499,1106499,33554432,1024,0,0,8,0,16,64,0x0,0x7fe1e47f52c0,0,0,0,381007820213813,382014749609423,382014970856368,381007869936625
210,"void dot_kernel<double>(double const*, double const*, double*, int) [clone .kd]",2,0,420,1106499,1106499,16777216,1024,8192,0,20,4,32,64,0x0,0x7fe1e47f5340,1572864,738130,82554561,381007869933215,382014970907088,382014991578103,381007889448414
211,"void copy_kernel<double>(double const*, double*) [clone .kd]",2,0,422,1106499,1106499,33554432,1024,0,0,8,0,16,64,0x0,0x7fe1e47f5200,0,0,0,381007889456644,382014991661486,382015304370720,381007961203846
212,"void mul_kernel<double>(double*, double const*) [clone .kd]",2,0,424,1106499,1106499,33554432,1024,0,0,8,0,16,64,0x0,0x7fe1e47f5280,0,0,0,381007961186077,382015304520716,382015605349639,381008031575790
213,"void add_kernel<double>(double const*, double const*, double*) [clone .kd]",2,0,426,1106499,1106499,33554432,1024,0,0,8,0,16,64,0x0,0x7fe1e47f5240,0,0,0,381008031549000,382015605393684,382015849451154,381008080546544
214,"void triad_kernel<double>(double*, double const*, double const*) [clone .kd]",2,0,428,1106499,1106499,33554432,1024,0,0,8,0,16,64,0x0,0x7fe1e47f52c0,0,0,0,381008080546144,382015849490728,382016054081841,381008130345295
215,"void dot_kernel<double>(double const*, double const*, double*, int) [clone .kd]",2,0,430,1106499,1106499,16777216,1024,8192,0,20,4,32,64,0x0,0x7fe1e47f5340,1572864,736718,82529912,381008130332266,382016054131441,382016074762615,381008149831955
216,"void copy_kernel<double>(double const*, double*) [clone .kd]",2,0,432,1106499,1106499,33554432,1024,0,0,8,0,16,64,0x0,0x7fe1e47f5200,0,0,0,381008149810915,382016074837730,382016391296863,381008233557132
217,"void mul_kernel<double>(double*, double const*) [clone .kd]",2,0,434,1106499,1106499,33554432,1024,0,0,8,0,16,64,0x0,0x7fe1e47f5280,0,0,0,381008233518083,382016391327799,382016736254093,381008303825348
218,"void add_kernel<double>(double const*, double const*, double*) [clone .kd]",2,0,436,1106499,1106499,33554432,1024,0,0,8,0,16,64,0x0,0x7fe1e47f5240,0,0,0,381008303793928,382016736304775,382016986340305,381008354024143
219,"void triad_kernel<double>(double*, double const*, double const*) [clone .kd]",2,0,438,1106499,1106499,33554432,1024,0,0,8,0,16,64,0x0,0x7fe1e47f52c0,0,0,0,381008354019923,382016986534519,382017352296460,381008402162610
220,"void dot_kernel<double>(double const*, double const*, double*, int) [clone .kd]",2,0,440,1106499,1106499,16777216,1024,8192,0,20,4,32,64,0x0,0x7fe1e47f5340,1572864,738510,82528373,381008402140420,382017352357580,382017375122830,381008421647129
221,"void copy_kernel<double>(double const*, double*) [clone .kd]",2,0,442,1106499,1106499,33554432,1024,0,0,8,0,16,64,0x0,0x7fe1e47f5200,0,0,0,381008421656489,382017375185033,382017806976009,381008491642998
222,"void mul_kernel<double>(double*, double const*) [clone .kd]",2,0,444,1106499,1106499,33554432,1024,0,0,8,0,16,64,0x0,0x7fe1e47f5280,0,0,0,381008491620259,382017807048075,382018119951670,381008559549670
223,"void add_kernel<double>(double const*, double const*, double*) [clone .kd]",2,0,446,1106499,1106499,33554432,1024,0,0,8,0,16,64,0x0,0x7fe1e47f5240,0,0,0,381008559515981,382018119998417,382018318867598,381008609028926
224,"void triad_kernel<double>(double*, double const*, double const*) [clone .kd]",2,0,448,1106499,1106499,33554432,1024,0,0,8,0,16,64,0x0,0x7fe1e47f52c0,0,0,0,381008608995277,382018318899231,382018511921379,381008658341325
225,"void dot_kernel<double>(double const*, double const*, double*, int) [clone .kd]",2,0,450,1106499,1106499,16777216,1024,8192,0,20,4,32,64,0x0,0x7fe1e47f5340,1572864,738755,82539146,381008658323456,382018511952259,382018532472231,381008677876504
226,"void copy_kernel<double>(double const*, double*) [clone .kd]",2,0,452,1106499,1106499,33554432,1024,0,0,8,0,16,64,0x0,0x7fe1e47f5200,0,0,0,381008677879504,382018532520623,382018987815860,381008746169530
227,"void mul_kernel<double>(double*, double const*) [clone .kd]",2,0,454,1106499,1106499,33554432,1024,0,0,8,0,16,64,0x0,0x7fe1e47f5280,0,0,0,381008746147730,382018988061108,382019518852875,381008835299914
228,"void add_kernel<double>(double const*, double const*, double*) [clone .kd]",2,0,456,1106499,1106499,33554432,1024,0,0,8,0,16,64,0x0,0x7fe1e47f5240,0,0,0,381008835339883,382019519061224,382019747779473,381008884606613
229,"void triad_kernel<double>(double*, double const*, double const*) [clone .kd]",2,0,458,1106499,1106499,33554432,1024,0,0,8,0,16,64,0x0,0x7fe1e47f52c0,0,0,0,381008884604563,382019747837523,382019942425896,381008933820473
230,"void dot_kernel<double>(double const*, double const*, double*, int) [clone .kd]",2,0,460,1106499,1106499,16777216,1024,8192,0,20,4,32,64,0x0,0x7fe1e47f5340,1572864,737351,82522075,381008933807804,382019942481416,382019963238186,381008953343282
231,"void copy_kernel<double>(double const*, double*) [clone .kd]",2,0,462,1106499,1106499,33554432,1024,0,0,8,0,16,64,0x0,0x7fe1e47f5200,0,0,0,381008953347962,382019963299481,382020409541742,381009022976277
232,"void mul_kernel<double>(double*, double const*) [clone .kd]",2,0,464,1106499,1106499,33554432,1024,0,0,8,0,16,64,0x0,0x7fe1e47f5280,0,0,0,381009022939677,382020409754548,382020931328695,381009095961781
233,"void add_kernel<double>(double const*, double const*, double*) [clone .kd]",2,0,466,1106499,1106499,33554432,1024,0,0,8,0,16,64,0x0,0x7fe1e47f5240,0,0,0,381009095926531,382020931414888,382021298600767,381009144848336
234,"void triad_kernel<double>(double*, double const*, double const*) [clone .kd]",2,0,468,1106499,1106499,33554432,1024,0,0,8,0,16,64,0x0,0x7fe1e47f52c0,0,0,0,381009144840056,382021298655259,382021668588649,381009193509775
235,"void dot_kernel<double>(double const*, double const*, double*, int) [clone .kd]",2,0,470,1106499,1106499,16777216,1024,8192,0,20,4,32,64,0x0,0x7fe1e47f5340,1572864,737238,82517935,381009193484155,382021668634889,382021691147975,381009212899056
236,"void copy_kernel<double>(double const*, double*) [clone .kd]",2,0,472,1106499,1106499,33554432,1024,0,0,8,0,16,64,0x0,0x7fe1e47f5200,0,0,0,381009212895085,382021691188630,382021981684529,381009281316709
237,"void mul_kernel<double>(double*, double const*) [clone .kd]",2,0,474,1106499,1106499,33554432,1024,0,0,8,0,16,64,0x0,0x7fe1e47f5280,0,0,0,381009281279620,382021981728565,382022287190359,381009376361762
238,"void add_kernel<double>(double const*, double const*, double*) [clone .kd]",2,0,476,1106499,1106499,33554432,1024,0,0,8,0,16,64,0x0,0x7fe1e47f5240,0,0,0,381009376360622,382022287391920,382022662447696,381009425832019
239,"void triad_kernel<double>(double*, double const*, double const*) [clone .kd]",2,0,478,1106499,1106499,33554432,1024,0,0,8,0,16,64,0x0,0x7fe1e47f52c0,0,0,0,381009425829459,382022662516521,382023006060650,381009474684524
240,"void dot_kernel<double>(double const*, double const*, double*, int) [clone .kd]",2,0,480,1106499,1106499,16777216,1024,8192,0,20,4,32,64,0x0,0x7fe1e47f5340,1572864,736933,82539643,381009474664775,382023006103370,382023026429258,381009494124135
241,"void copy_kernel<double>(double const*, double*) [clone .kd]",2,0,482,1106499,1106499,33554432,1024,0,0,8,0,16,64,0x0,0x7fe1e47f5200,0,0,0,381009494135774,382023026468135,382023355819648,381009564732254
242,"void mul_kernel<double>(double*, double const*) [clone .kd]",2,0,484,1106499,1106499,33554432,1024,0,0,8,0,16,64,0x0,0x7fe1e47f5280,0,0,0,381009564704235,382023355850491,382023640627980,381009636033634
243,"void add_kernel<double>(double const*, double const*, double*) [clone .kd]",2,0,486,1106499,1106499,33554432,1024,0,0,8,0,16,64,0x0,0x7fe1e47f5240,0,0,0,381009635984115,382023640655039,382023887792743,381009686641843
244,"void triad_kernel<double>(double*, double const*, double const*) [clone .kd]",2,0,488,1106499,1106499,33554432,1024,0,0,8,0,16,64,0x0,0x7fe1e47f52c0,0,0,0,381009686632913,382023887819230,382024134283973,381009735807344
245,"void dot_kernel<double>(double const*, double const*, double*, int) [clone .kd]",2,0,490,1106499,1106499,16777216,1024,8192,0,20,4,32,64,0x0,0x7fe1e47f5340,1572864,740387,82546576,381009735792994,382024134395491,382024156898177,381009755261524
246,"void copy_kernel<double>(double const*, double*) [clone .kd]",2,0,492,1106499,1106499,33554432,1024,0,0,8,0,16,64,0x0,0x7fe1e47f5200,0,0,0,381009755305193,382024156941375,382024449119324,381009825316942
247,"void mul_kernel<double>(double*, double const*) [clone .kd]",2,0,494,1106499,1106499,33554432,1024,0,0,8,0,16,64,0x0,0x7fe1e47f5280,0,0,0,381009825309742,382024449171950,382024773143127,381009896869878
248,"void add_kernel<double>(double const*, double const*, double*) [clone .kd]",2,0,496,1106499,1106499,33554432,1024,0,0,8,0,16,64,0x0,0x7fe1e47f5240,0,0,0,381009896837858,382024773189461,382024997700471,381009971573095
249,"void triad_kernel<double>(double*, double const*, double const*) [clone .kd]",2,0,498,1106499,1106499,33554432,1024,0,0,8,0,16,64,0x0,0x7fe1e47f52c0,0,0,0,381009971560065,382024997738099,382025273728226,381010020353352
250,"void dot_kernel<double>(double const*, double const*, double*, int) [clone .kd]",2,0,500,1106499,1106499,16777216,1024,8192,0,20,4,32,64,0x0,0x7fe1e47f5340,1572864,738376,82532896,381010020349082,382025273762146,382025294496672,381010039879420
