Dispatch_ID,Kernel_Name,GPU_ID,queue-id,queue-index,pid,tid,Grid_Size,Workgroup_Size,LDS_Per_Workgroup,Scratch_Per_Workitem,Arch_VGPR,Accum_VGPR,SGPR,wave_size,sig,obj,GRBM_COUNT,GRBM_GUI_ACTIVE,CPC_ME1_BUSY_FOR_PACKET_DECODE,SQ_CYCLES,SQ_WAVES,SQ_WAVE_CYCLES,SQ_BUSY_CYCLES,SQ_LEVEL_WAVES,SQ_ACCUM_PREV_HIRES,DispatchNs,Start_Timestamp,End_Timestamp,CompleteNs
0,"void init_kernel<double>(double*, double*, double*, double, double, double) [clone .kd]",2,0,0,1209264,1209264,33554432,1024,0,0,12,4,32,64,0x0,0x7f651ea55380,356841443,356841443,292122,2854731552,524288,151998091276,2849684087,0,608006287144,381082135263693,381960359710622,381960570254218,381082367807276
1,"void copy_kernel<double>(double const*, double*) [clone .kd]",2,0,2,1209264,1209264,33554432,1024,0,0,8,0,16,64,0x0,0x7f651ea55200,115149033,115149033,77482,921192272,524288,63075183825,920868876,0,252314653976,381082367829695,381960570336288,381960634059429,381082436718029
2,"void mul_kernel<double>(double*, double const*) [clone .kd]",2,0,4,1209264,1209264,33554432,1024,0,0,8,0,16,64,0x0,0x7f651ea55280,122699073,122699073,259383,981592592,524288,70015137123,981288600,0,280074478852,381082436728559,381960634093901,381960698142649,381082510077414
3,"void add_kernel<double>(double const*, double const*, double*) [clone .kd]",2,0,6,1209264,1209264,33554432,1024,0,0,8,0,16,64,0x0,0x7f651ea55240,81112116,81112116,89747,648896936,524288,38538422713,648355464,0,154167619864,381082510076084,381960698174809,381960749863856,381082558663308
4,"void triad_kernel<double>(double*, double const*, double const*) [clone .kd]",2,0,8,1209264,1209264,33554432,1024,0,0,8,0,16,64,0x0,0x7f651ea552c0,81043594,81043594,88447,648348760,524288,40248826980,647152794,0,161009227376,381082558681398,381960749903225,381960801063174,381082607192034
5,"void dot_kernel<double>(double const*, double const*, double*, int) [clone .kd]",2,0,10,1209264,1209264,16777216,1024,8192,0,20,4,32,64,0x0,0x7f651ea55340,32026761,32026761,121432,256214096,262144,17919280138,256038029,0,71684248812,381082607221144,381960801096614,381960820245454,381082626583547
6,"void copy_kernel<double>(double const*, double*) [clone .kd]",2,0,12,1209264,1209264,33554432,1024,0,0,8,0,16,64,0x0,0x7f651ea55200,123349229,123349229,377784,986793840,524288,70128268298,986447275,0,280526997480,381082626604126,381960820294633,381960884162099,381082700261737
7,"void mul_kernel<double>(double*, double const*) [clone .kd]",2,0,14,1209264,1209264,33554432,1024,0,0,8,0,16,64,0x0,0x7f651ea55280,115108182,115108182,273982,920865464,524288,64152849920,920549198,0,256625316952,381082700256527,381960884192942,381960947742641,381082769086021
8,"void add_kernel<double>(double const*, double const*, double*) [clone .kd]",2,0,16,1209264,1209264,33554432,1024,0,0,8,0,16,64,0x0,0x7f651ea55240,81856287,81856287,134304,654850304,524288,39200385878,654344628,0,156815470772,381082769097811,381960947770161,381960998740320,381082818126369
9,"void triad_kernel<double>(double*, double const*, double const*) [clone .kd]",2,0,18,1209264,1209264,33554432,1024,0,0,8,0,16,64,0x0,0x7f651ea552c0,80257199,80257199,117411,642057600,524288,37961269959,641234334,0,151859002468,381082818130269,381960998772992,381961049523304,381082866197761
10,"void dot_kernel<double>(double const*, double const*, double*, int) [clone .kd]",2,0,20,1209264,1209264,16777216,1024,8192,0,20,4,32,64,0x0,0x7f651ea55340,32048753,32048753,85762,256390032,262144,17920617540,256023859,0,71689596804,381082866209001,381961049551944,381961068679011,381082885551754
11,"void copy_kernel<double>(double const*, double*) [clone .kd]",2,0,22,1209264,1209264,33554432,1024,0,0,8,0,16,64,0x0,0x7f651ea55200,121725551,121725551,338873,973804416,524288,67933644244,973322650,0,271748498188,381082885593604,381961068725171,381961134609946,381082958200270
12,"void mul_kernel<double>(double*, double const*) [clone .kd]",2,0,24,1209264,1209264,33554432,1024,0,0,8,0,16,64,0x0,0x7f651ea55280,135397027,111873122,263450,1083176224,524368,63150980777,894236029,0,252617841024,381082958211320,381961134639764,381961199812028,381083039046200
13,"void add_kernel<double>(double const*, double const*, double*) [clone .kd]",2,0,26,1209264,1209264,33554432,1024,0,0,8,0,16,64,0x0,0x7f651ea55240,80467333,80467333,64206,643738672,524288,37815951378,642834402,0,151277730032,381083039082310,381961199844175,381961262841313,381083087278831
14,"void triad_kernel<double>(double*, double const*, double const*) [clone .kd]",2,0,28,1209264,1209264,33554432,1024,0,0,8,0,16,64,0x0,0x7f651ea552c0,79947699,79947699,117739,639581600,524288,36428193363,638755077,0,145726693396,381083087303550,381961263631234,381961315123379,381083135158986
15,"void dot_kernel<double>(double const*, double const*, double*, int) [clone .kd]",2,0,30,1209264,1209264,16777216,1024,8192,0,20,4,32,64,0x0,0x7f651ea55340,32070689,32070689,108576,256565520,262144,17787404519,256303331,0,71156754856,381083135185646,381961315333449,381961334482114,381083154551879
16,"void copy_kernel<double>(double const*, double*) [clone .kd]",2,0,32,1209264,1209264,33554432,1024,0,0,8,0,16,64,0x0,0x7f651ea55200,113897935,113897935,277294,911183488,524288,63069417885,910920708,0,252291589992,381083154592898,381961334623823,381961398845192,381083222557716
17,"void mul_kernel<double>(double*, double const*) [clone .kd]",2,0,34,1209264,1209264,33554432,1024,0,0,8,0,16,64,0x0,0x7f651ea55280,157043147,115395165,247918,1256345184,524432,64038444194,922024286,0,256167710660,381083222568935,381961398908742,381961462513304,381083316215589
18,"void add_kernel<double>(double const*, double const*, double*) [clone .kd]",2,0,36,1209264,1209264,33554432,1024,0,0,8,0,16,64,0x0,0x7f651ea55240,81774902,81774902,132590,654199224,524288,37909457105,653474533,0,151651756668,381083316244479,381961462583100,381961642037137,381083365172398
19,"void triad_kernel<double>(double*, double const*, double const*) [clone .kd]",2,0,38,1209264,1209264,33554432,1024,0,0,8,0,16,64,0x0,0x7f651ea552c0,80798108,80798108,115640,646384872,524288,37852227879,645219296,0,151422830300,381083365189028,381961642179377,381961692810335,381083413518496
20,"void dot_kernel<double>(double const*, double const*, double*, int) [clone .kd]",2,0,40,1209264,1209264,16777216,1024,8192,0,20,4,32,64,0x0,0x7f651ea55340,32012216,32012216,92581,256097736,262144,17706953199,255656288,0,70834947664,381083413528586,381961692846496,381961711972758,381083432883670
21,"void copy_kernel<double>(double const*, double*) [clone .kd]",2,0,42,1209264,1209264,33554432,1024,0,0,8,0,16,64,0x0,0x7f651ea55200,118747125,118747125,241397,949977008,524288,66592849452,949353518,0,266385322180,381083432908039,381961712034895,381961942855193,381083503800052
22,"void mul_kernel<double>(double*, double const*) [clone .kd]",2,0,44,1209264,1209264,33554432,1024,0,0,8,0,16,64,0x0,0x7f651ea55280,152197425,112994099,148487,1217579408,524525,62294456299,903089281,0,249191757668,381083503795582,381961942954015,381962282497003,381083594574430
23,"void add_kernel<double>(double const*, double const*, double*) [clone .kd]",2,0,46,1209264,1209264,33554432,1024,0,0,8,0,16,64,0x0,0x7f651ea55240,81173194,81173194,105922,649385560,524288,38519650381,648372852,0,154092527600,381083594593679,381962282831677,381962400322542,381083643190514
24,"void triad_kernel<double>(double*, double const*, double const*) [clone .kd]",2,0,48,1209264,1209264,33554432,1024,0,0,8,0,16,64,0x0,0x7f651ea552c0,80471272,80471272,99322,643770184,524288,36570033643,643114571,0,146294057288,381083643205264,381962400379733,381962591636616,381083691356115
25,"void dot_kernel<double>(double const*, double const*, double*, int) [clone .kd]",2,0,50,1209264,1209264,16777216,1024,8192,0,20,4,32,64,0x0,0x7f651ea55340,32068469,32068469,97219,256547760,262144,17805154940,256167776,0,71227753384,381083691370405,381962591682536,381962611183040,381083710715118
26,"void copy_kernel<double>(double const*, double*) [clone .kd]",2,0,52,1209264,1209264,33554432,1024,0,0,8,0,16,64,0x0,0x7f651ea55200,116539586,116539586,280743,932316696,524288,63446685553,931878395,0,253800664248,381083710753317,381962611236691,381962791818703,381083780261141
27,"void mul_kernel<double>(double*, double const*) [clone .kd]",2,0,54,1209264,1209264,33554432,1024,0,0,8,0,16,64,0x0,0x7f651ea55280,147468396,116078403,174036,1179747176,524757,64358130982,927812459,0,257446464344,381083780265511,381962791863039,381963117779924,381083868274151
28,"void add_kernel<double>(double const*, double const*, double*) [clone .kd]",2,0,56,1209264,1209264,33554432,1024,0,0,8,0,16,64,0x0,0x7f651ea55240,80365405,80365405,73429,642923248,524288,38221793525,642258379,0,152901105388,381083868292191,381963117812496,381963234591998,381083916399423
29,"void triad_kernel<double>(double*, double const*, double const*) [clone .kd]",2,0,58,1209264,1209264,33554432,1024,0,0,8,0,16,64,0x0,0x7f651ea552c0,82253746,82253746,80659,658029976,524288,38267451935,657169280,0,153083731096,381083916420533,381963234636270,381963424866579,381083965545760
30,"void dot_kernel<double>(double const*, double const*, double*, int) [clone .kd]",2,0,60,1209264,1209264,16777216,1024,8192,0,20,4,32,64,0x0,0x7f651ea55340,32000748,32000748,119721,256005992,262144,17945956549,255833145,0,71790955540,381083965558999,381963424897459,381963445365003,381083984838524
31,"void copy_kernel<double>(double const*, double*) [clone .kd]",2,0,62,1209264,1209264,33554432,1024,0,0,8,0,16,64,0x0,0x7f651ea55200,116508634,116508634,262344,932069080,524288,64621383742,931755300,0,258499457248,381083984880933,381963445424435,381963625222415,381084054367797
32,"void mul_kernel<double>(double*, double const*) [clone .kd]",2,0,64,1209264,1209264,33554432,1024,0,0,8,0,16,64,0x0,0x7f651ea55280,119828436,119828436,235164,958627496,524288,67395659038,958307635,0,269596562416,381084054380237,381963625268613,381963982465031,381084125950069
33,"void add_kernel<double>(double const*, double const*, double*) [clone .kd]",2,0,66,1209264,1209264,33554432,1024,0,0,8,0,16,64,0x0,0x7f651ea55240,113275581,80641623,133731,906204656,524516,38684511324,644202827,0,154751988004,381084125952309,381963982546375,381964103338208,381084193519503
34,"void triad_kernel<double>(double*, double const*, double const*) [clone .kd]",2,0,68,1209264,1209264,33554432,1024,0,0,8,0,16,64,0x0,0x7f651ea552c0,81238182,81238182,85814,649905464,524288,37509345057,649112762,0,150051307848,381084193539942,381964103387547,381964285464413,381084242210686
35,"void dot_kernel<double>(double const*, double const*, double*, int) [clone .kd]",2,0,70,1209264,1209264,16777216,1024,8192,0,20,4,32,64,0x0,0x7f651ea55340,32004823,32004823,51031,256038592,262144,17402085029,255452543,0,69615469516,381084242227736,381964285501853,381964305448277,381084261611718
36,"void copy_kernel<double>(double const*, double*) [clone .kd]",2,0,72,1209264,1209264,33554432,1024,0,0,8,0,16,64,0x0,0x7f651ea55200,115731371,115731371,66105,925850976,524288,63791185347,925577742,0,255178661576,381084261644838,381964305492514,381964536319996,381084330721788
37,"void mul_kernel<double>(double*, double const*) [clone .kd]",2,0,74,1209264,1209264,33554432,1024,0,0,8,0,16,64,0x0,0x7f651ea55280,120402189,120402189,86997,963217520,524288,68311648038,962850501,0,273260511648,381084330728168,381964536595809,381964908129208,381084402696464
38,"void add_kernel<double>(double const*, double const*, double*) [clone .kd]",2,0,76,1209264,1209264,33554432,1024,0,0,8,0,16,64,0x0,0x7f651ea55240,81160647,81160647,82362,649285184,524288,39179110570,648286833,0,156730372104,381084402700404,381964908274651,381965128970439,381084451292599
39,"void triad_kernel<double>(double*, double const*, double const*) [clone .kd]",2,0,78,1209264,1209264,33554432,1024,0,0,8,0,16,64,0x0,0x7f651ea552c0,122327284,80580752,99846,978618280,525057,37961127144,643258605,0,151858449500,381084451312249,381965129125974,381965366225302,381084524263979
40,"void dot_kernel<double>(double const*, double const*, double*, int) [clone .kd]",2,0,80,1209264,1209264,16777216,1024,8192,0,20,4,32,64,0x0,0x7f651ea55340,32079509,32079509,144041,256636080,262144,18141341896,256385342,0,72572500664,381084524285379,381965366277302,381965385789805,381084543689912
41,"void copy_kernel<double>(double const*, double*) [clone .kd]",2,0,82,1209264,1209264,33554432,1024,0,0,8,0,16,64,0x0,0x7f651ea55200,116404592,116404592,211680,931236744,524288,65052405669,930859543,0,260223544660,381084543725361,381965385832361,381965803369214,381084613153146
42,"void mul_kernel<double>(double*, double const*) [clone .kd]",2,0,84,1209264,1209264,33554432,1024,0,0,8,0,16,64,0x0,0x7f651ea55280,114709426,114709426,149588,917675416,524288,62993873239,917347833,0,251989413252,381084613159866,381965803507375,381966231146487,381084681731154
43,"void add_kernel<double>(double const*, double const*, double*) [clone .kd]",2,0,86,1209264,1209264,33554432,1024,0,0,8,0,16,64,0x0,0x7f651ea55240,81074195,81074195,218606,648593568,524288,38501168099,647652941,0,154018595440,381084681741804,381966231417852,381966620303114,381084730272520
44,"void triad_kernel<double>(double*, double const*, double const*) [clone .kd]",2,0,88,1209264,1209264,33554432,1024,0,0,8,0,16,64,0x0,0x7f651ea552c0,81049707,81049707,79607,648397664,524288,37968985144,647645573,0,151889861688,381084730292670,381966620451694,381966803274474,381084778825425
45,"void dot_kernel<double>(double const*, double const*, double*, int) [clone .kd]",2,0,90,1209264,1209264,16777216,1024,8192,0,20,4,32,64,0x0,0x7f651ea55340,32080571,32080571,89293,256644576,262144,18083760621,256332208,0,72342174456,381084778820355,381966803343594,381966846562366,381084798239927
46,"void copy_kernel<double>(double const*, double*) [clone .kd]",2,0,92,1209264,1209264,33554432,1024,0,0,8,0,16,64,0x0,0x7f651ea55200,152291906,111254425,290093,1218335256,524304,61224385936,889121845,0,244911464320,381084798286487,381966846681168,381967285311461,381084889066084
47,"void mul_kernel<double>(double*, double const*) [clone .kd]",2,0,94,1209264,1209264,33554432,1024,0,0,8,0,16,64,0x0,0x7f651ea55280,112466798,112466798,115926,899734392,524288,61294808691,899449875,0,245193159256,381084889075324,381967285455092,381967816508385,381084956386722
48,"void add_kernel<double>(double const*, double const*, double*) [clone .kd]",2,0,96,1209264,1209264,33554432,1024,0,0,8,0,16,64,0x0,0x7f651ea55240,82432981,82432981,131631,659463856,524288,40625088003,658830989,0,162514283136,381084956387052,381967816794380,381968188716273,381085005754054
49,"void triad_kernel<double>(double*, double const*, double const*) [clone .kd]",2,0,98,1209264,1209264,33554432,1024,0,0,8,0,16,64,0x0,0x7f651ea552c0,81188985,81188985,135057,649511888,524288,39001348107,648739250,0,156019305016,381085005755504,381968188785183,381968583609182,381085054369270
50,"void dot_kernel<double>(double const*, double const*, double*, int) [clone .kd]",2,0,100,1209264,1209264,16777216,1024,8192,0,20,4,32,64,0x0,0x7f651ea55340,31997627,31997627,64885,255981024,262144,18072614089,255624059,0,72297588528,381085054381930,381968583822942,381968606267129,381085073710667
51,"void copy_kernel<double>(double const*, double*) [clone .kd]",2,0,102,1209264,1209264,33554432,1024,0,0,8,0,16,64,0x0,0x7f651ea55200,112999794,112999794,56487,903998360,524288,60622425037,903679886,0,242503620996,381085073758007,381968606310214,381969071380052,381085141134195
52,"void mul_kernel<double>(double*, double const*) [clone .kd]",2,0,104,1209264,1209264,33554432,1024,0,0,8,0,16,64,0x0,0x7f651ea55280,126517460,117274527,251341,1012139688,524305,64990667971,937309842,0,259976597588,381085141154285,381969071586432,381969594628028,381085216718196
53,"void add_kernel<double>(double const*, double const*, double*) [clone .kd]",2,0,106,1209264,1209264,33554432,1024,0,0,8,0,16,64,0x0,0x7f651ea55240,81242991,81242991,87350,649943936,524288,38367718600,648973799,0,153484809404,381085216733567,381969594813106,381969805727914,381085265458720
54,"void triad_kernel<double>(double*, double const*, double const*) [clone .kd]",2,0,108,1209264,1209264,33554432,1024,0,0,8,0,16,64,0x0,0x7f651ea552c0,82853891,82853891,65256,662831136,524288,39293577468,661769819,0,157188231996,381085265468530,381969805916173,381970140841856,381085315063675
55,"void dot_kernel<double>(double const*, double const*, double*, int) [clone .kd]",2,0,110,1209264,1209264,16777216,1024,8192,0,20,4,32,64,0x0,0x7f651ea55340,31997160,31997160,99290,255977288,262144,17865174571,255691485,0,71467827676,381085315068965,381970140919296,381970163461083,381085334437222
56,"void copy_kernel<double>(double const*, double*) [clone .kd]",2,0,112,1209264,1209264,33554432,1024,0,0,8,0,16,64,0x0,0x7f651ea55200,112552422,112552422,107061,900419384,524288,59596847782,900053620,0,238401305048,381085334458092,381970163505248,381970552729403,381085401664069
57,"void mul_kernel<double>(double*, double const*) [clone .kd]",2,0,114,1209264,1209264,33554432,1024,0,0,8,0,16,64,0x0,0x7f651ea55280,112197855,112197855,90962,897582848,524288,60338616532,897285449,0,241368389368,381085401658189,381970552873579,381971077333091,381085468700046
58,"void add_kernel<double>(double const*, double const*, double*) [clone .kd]",2,0,116,1209264,1209264,33554432,1024,0,0,8,0,16,64,0x0,0x7f651ea55240,81799638,81799638,141739,654397112,524288,39380342616,653675119,0,157535300820,381085468690196,381971077465207,381971284853610,381085517624810
59,"void triad_kernel<double>(double*, double const*, double const*) [clone .kd]",2,0,118,1209264,1209264,33554432,1024,0,0,8,0,16,64,0x0,0x7f651ea552c0,82463681,82463681,82287,659709456,524288,39425050452,658987122,0,157714126284,381085517627820,381971284885933,381971506385556,381085567009775
60,"void dot_kernel<double>(double const*, double const*, double*, int) [clone .kd]",2,0,120,1209264,1209264,16777216,1024,8192,0,20,4,32,64,0x0,0x7f651ea55340,63825027,32208972,85317,510600224,263328,17805430574,256815673,0,71228887308,381085567016605,381971506579156,381971527228460,381085605294167
61,"void copy_kernel<double>(double const*, double*) [clone .kd]",2,0,122,1209264,1209264,33554432,1024,0,0,8,0,16,64,0x0,0x7f651ea55200,115486296,115486296,185542,923890376,524288,62002801397,923560664,0,248025123836,381085605350207,381971527274443,381971894287531,381085674374490
62,"void mul_kernel<double>(double*, double const*) [clone .kd]",2,0,124,1209264,1209264,33554432,1024,0,0,8,0,16,64,0x0,0x7f651ea55280,117621338,117621338,180432,940970712,524288,64897940298,940488020,0,259605683764,381085674373710,381971894355710,381972272180332,381085744720686
63,"void add_kernel<double>(double const*, double const*, double*) [clone .kd]",2,0,126,1209264,1209264,33554432,1024,0,0,8,0,16,64,0x0,0x7f651ea55240,81989513,81989513,141034,655916112,524288,39563859254,655064728,0,158269367636,381085744712286,381972272355219,381972592130473,381085793795230
64,"void triad_kernel<double>(double*, double const*, double const*) [clone .kd]",2,0,128,1209264,1209264,33554432,1024,0,0,8,0,16,64,0x0,0x7f651ea552c0,80875214,80875214,100366,647001720,524288,38069711070,646211645,0,152292761824,381085793815030,381972592181293,381972964197261,381085842362733
65,"void dot_kernel<double>(double const*, double const*, double*, int) [clone .kd]",2,0,130,1209264,1209264,16777216,1024,8192,0,20,4,32,64,0x0,0x7f651ea55340,32093014,32093014,97681,256744120,262144,17571126554,256510271,0,70291642180,381085842374663,381972964327341,381972987141608,381085861783480
66,"void copy_kernel<double>(double const*, double*) [clone .kd]",2,0,132,1209264,1209264,33554432,1024,0,0,8,0,16,64,0x0,0x7f651ea55200,116053120,116053120,168843,928424968,524288,62846247962,928046504,0,251398913884,381085861823770,381972987226639,381973441342691,381085931078273
67,"void mul_kernel<double>(double*, double const*) [clone .kd]",2,0,134,1209264,1209264,33554432,1024,0,0,8,0,16,64,0x0,0x7f651ea55280,117558273,117558273,158992,940466192,524288,66655089528,940043181,0,266634279712,381085931061903,381973441472947,381973848473900,381086001314099
68,"void add_kernel<double>(double const*, double const*, double*) [clone .kd]",2,0,136,1209264,1209264,33554432,1024,0,0,8,0,16,64,0x0,0x7f651ea55240,123276861,81782252,160892,986214896,524410,40919732142,652454916,0,163692870284,381086001305759,381973848517087,381974080686156,381086074859785
69,"void triad_kernel<double>(double*, double const*, double const*) [clone .kd]",2,0,138,1209264,1209264,33554432,1024,0,0,8,0,16,64,0x0,0x7f651ea552c0,81157150,81157150,84618,649257208,524288,38125842640,648050275,0,152517294416,381086074863745,381974080884689,381974274551155,381086123539388
70,"void dot_kernel<double>(double const*, double const*, double*, int) [clone .kd]",2,0,140,1209264,1209264,16777216,1024,8192,0,20,4,32,64,0x0,0x7f651ea55340,32836613,32836613,122899,262692912,262144,18651550139,262448528,0,74613329740,381086123549658,381974274587635,381974294842858,381086143535227
71,"void copy_kernel<double>(double const*, double*) [clone .kd]",2,0,142,1209264,1209264,33554432,1024,0,0,8,0,16,64,0x0,0x7f651ea55200,122190442,122190442,108942,977523544,524288,67516195321,977175989,0,270078704172,381086143548327,381974294882308,381974739147146,381086216507341
72,"void mul_kernel<double>(double*, double const*) [clone .kd]",2,0,144,1209264,1209264,33554432,1024,0,0,8,0,16,64,0x0,0x7f651ea55280,120050592,120050592,250823,960404744,524288,67403373963,960053281,0,269627421320,381086216493361,381974739426904,381975243857894,381086288260352
73,"void add_kernel<double>(double const*, double const*, double*) [clone .kd]",2,0,146,1209264,1209264,33554432,1024,0,0,8,0,16,64,0x0,0x7f651ea55240,81554380,81554380,140625,652435048,524288,38617306462,651408401,0,154483150100,381086288246412,381975243988662,381975530776352,381086337121865
74,"void triad_kernel<double>(double*, double const*, double const*) [clone .kd]",2,0,148,1209264,1209264,33554432,1024,0,0,8,0,16,64,0x0,0x7f651ea552c0,82329014,82329014,82797,658632120,524288,37411017302,657591678,0,149657996588,381086337121605,381975530947417,381975748303665,381086386584130
75,"void dot_kernel<double>(double const*, double const*, double*, int) [clone .kd]",2,0,150,1209264,1209264,16777216,1024,8192,0,20,4,32,64,0x0,0x7f651ea55340,32007851,32007851,164579,256062816,262144,17796325371,255903260,0,71192425832,381086386576300,381975748460305,381975769210408,381086405994327
76,"void copy_kernel<double>(double const*, double*) [clone .kd]",2,0,152,1209264,1209264,33554432,1024,0,0,8,0,16,64,0x0,0x7f651ea55200,161744127,120986874,210827,1293953024,524439,67602886792,966787870,0,270425473976,381086406032407,381975769324613,381976240601325,381086502483690
77,"void mul_kernel<double>(double*, double const*) [clone .kd]",2,0,154,1209264,1209264,33554432,1024,0,0,8,0,16,64,0x0,0x7f651ea55280,119005214,119005214,169944,952041720,524288,66166266919,951774784,0,264678986944,381086502485780,381976240732358,381976771142574,381086573913900
78,"void add_kernel<double>(double const*, double const*, double*) [clone .kd]",2,0,156,1209264,1209264,33554432,1024,0,0,8,0,16,64,0x0,0x7f651ea55240,82133830,82133830,209879,657070648,524288,41175776920,655707344,0,164717045164,381086573875000,381976771306557,381977145953715,381086623151644
79,"void triad_kernel<double>(double*, double const*, double const*) [clone .kd]",2,0,158,1209264,1209264,33554432,1024,0,0,8,0,16,64,0x0,0x7f651ea552c0,80381674,80381674,113367,643053400,524288,38896479120,642142474,0,155599837688,381086623151135,381977146016636,381977531246197,381086671450666
80,"void dot_kernel<double>(double const*, double const*, double*, int) [clone .kd]",2,0,160,1209264,1209264,16777216,1024,8192,0,20,4,32,64,0x0,0x7f651ea55340,32075896,32075896,102359,256607176,262144,17521687746,256252136,0,70093883476,381086671448856,381977531473237,381977553891502,381086691029244
81,"void copy_kernel<double>(double const*, double*) [clone .kd]",2,0,162,1209264,1209264,33554432,1024,0,0,8,0,16,64,0x0,0x7f651ea55200,112728557,112728557,91793,901828464,524288,59456679817,901520060,0,237840638096,381086691066174,381977553989682,381977992607470,381086758462932
82,"void mul_kernel<double>(double*, double const*) [clone .kd]",2,0,164,1209264,1209264,33554432,1024,0,0,8,0,16,64,0x0,0x7f651ea55280,114371579,114371579,236379,914972640,524288,62891661020,914638576,0,251580565564,381086758482142,381977992708344,381978529970884,381086826963543
83,"void add_kernel<double>(double const*, double const*, double*) [clone .kd]",2,0,166,1209264,1209264,33554432,1024,0,0,8,0,16,64,0x0,0x7f651ea55240,80842959,80842959,100341,646743680,524288,37363172270,646096608,0,149466618604,381086826956483,381978530098853,381978834234878,381086875398075
84,"void triad_kernel<double>(double*, double const*, double const*) [clone .kd]",2,0,168,1209264,1209264,33554432,1024,0,0,8,0,16,64,0x0,0x7f651ea552c0,92247428,83808240,253399,737979432,524813,38169205900,669348361,0,152690768080,381086875428305,381978834286654,381979024621109,381086930685867
85,"void dot_kernel<double>(double const*, double const*, double*, int) [clone .kd]",2,0,170,1209264,1209264,16777216,1024,8192,0,20,4,32,64,0x0,0x7f651ea55340,31999575,31999575,90404,255996608,262144,18081372528,255759739,0,72332625432,381086930700887,381979024650549,381979067288677,381086950164854
86,"void copy_kernel<double>(double const*, double*) [clone .kd]",2,0,172,1209264,1209264,33554432,1024,0,0,8,0,16,64,0x0,0x7f651ea55200,120662654,120662654,91299,965301240,524288,68552597642,964957026,0,274224317944,381086950187435,381979067374684,381979536305941,381087022293266
87,"void mul_kernel<double>(double*, double const*) [clone .kd]",2,0,174,1209264,1209264,33554432,1024,0,0,8,0,16,64,0x0,0x7f651ea55280,116595603,116595603,123702,932764832,524288,64795657999,932451750,0,259196558616,381087022282596,381979536375549,381980062043662,381087092059661
88,"void add_kernel<double>(double const*, double const*, double*) [clone .kd]",2,0,176,1209264,1209264,33554432,1024,0,0,8,0,16,64,0x0,0x7f651ea55240,81397612,81397612,157319,651180904,524288,40276642766,650224383,0,161120502752,381087092049681,381980062209469,381980432146684,381087140829404
89,"void triad_kernel<double>(double*, double const*, double const*) [clone .kd]",2,0,178,1209264,1209264,33554432,1024,0,0,8,0,16,64,0x0,0x7f651ea552c0,81595013,81595013,106775,652760112,524288,39750511349,652167410,0,159015973432,381087140833954,381980432203352,381980824475790,381087189765087
90,"void dot_kernel<double>(double const*, double const*, double*, int) [clone .kd]",2,0,180,1209264,1209264,16777216,1024,8192,0,20,4,32,64,0x0,0x7f651ea55340,32004070,32004070,152032,256032568,262144,17967199220,255878312,0,71875926844,381087189788528,381980824760590,381980846990375,381087209214275
91,"void copy_kernel<double>(double const*, double*) [clone .kd]",2,0,182,1209264,1209264,33554432,1024,0,0,8,0,16,64,0x0,0x7f651ea55200,113707232,113707232,116531,909657864,524288,62139978545,909371239,0,248573835960,381087209274655,381980847093246,381981288901913,381087277109004
92,"void mul_kernel<double>(double*, double const*) [clone .kd]",2,0,184,1209264,1209264,33554432,1024,0,0,8,0,16,64,0x0,0x7f651ea55280,117370933,117370933,72055,938967472,524288,65812323012,938545043,0,263263211556,381087277146054,381981288973398,381981840110817,381087347267440
93,"void add_kernel<double>(double const*, double const*, double*) [clone .kd]",2,0,186,1209264,1209264,33554432,1024,0,0,8,0,16,64,0x0,0x7f651ea55240,81279077,81279077,266659,650232624,524288,38147606212,649495835,0,152604352704,381087347308650,381981840258842,381982208366770,381087395942333
94,"void triad_kernel<double>(double*, double const*, double const*) [clone .kd]",2,0,188,1209264,1209264,33554432,1024,0,0,8,0,16,64,0x0,0x7f651ea552c0,80278523,80278523,161762,642228192,524288,37924575604,641657639,0,151712226292,381087395961363,381982208435365,381982596443474,381087444120454
95,"void dot_kernel<double>(double const*, double const*, double*, int) [clone .kd]",2,0,190,1209264,1209264,16777216,1024,8192,0,20,4,32,64,0x0,0x7f651ea55340,32007699,32007699,101309,256061600,262144,17495913583,255746715,0,69990784312,381087444129524,381982596553234,381982619202699,381087463532841
96,"void copy_kernel<double>(double const*, double*) [clone .kd]",2,0,192,1209264,1209264,33554432,1024,0,0,8,0,16,64,0x0,0x7f651ea55200,147624916,114144369,379820,1180999336,524717,60815741359,912379468,0,243276902324,381087463568791,381982619249227,381983059736754,381087551640770
97,"void mul_kernel<double>(double*, double const*) [clone .kd]",2,0,194,1209264,1209264,33554432,1024,0,0,8,0,16,64,0x0,0x7f651ea55280,113383152,113383152,61472,907065224,524288,60778235369,906601125,0,243126865912,381087551662990,381983059828681,381983569554519,381087619662100
98,"void add_kernel<double>(double const*, double const*, double*) [clone .kd]",2,0,196,1209264,1209264,33554432,1024,0,0,8,0,16,64,0x0,0x7f651ea55240,81990679,81990679,85725,655925440,524288,38794478383,655338340,0,155191851644,381087619664129,381983569729778,381983932091141,381087668810884
99,"void triad_kernel<double>(double*, double const*, double const*) [clone .kd]",2,0,198,1209264,1209264,33554432,1024,0,0,8,0,16,64,0x0,0x7f651ea552c0,80766706,80766706,117902,646133656,524288,37006456302,645010239,0,148039741724,381087668831954,381983932132336,381984319075322,381087717267876
100,"void dot_kernel<double>(double const*, double const*, double*, int) [clone .kd]",2,0,200,1209264,1209264,16777216,1024,8192,0,20,4,32,64,0x0,0x7f651ea55340,31995782,31995782,83858,255966264,262144,17863720006,255509156,0,71462012600,381087717267376,381984319347482,381984342200787,381087736642763
101,"void copy_kernel<double>(double const*, double*) [clone .kd]",2,0,202,1209264,1209264,33554432,1024,0,0,8,0,16,64,0x0,0x7f651ea55200,110733899,110733899,224773,885871200,524288,60025390780,885398754,0,240115487108,381087736664593,381984342246107,381984774936661,381087802766207
102,"void mul_kernel<double>(double*, double const*) [clone .kd]",2,0,204,1209264,1209264,33554432,1024,0,0,8,0,16,64,0x0,0x7f651ea55280,112498223,112498223,209031,899985792,524288,61305154400,899562181,0,245234536604,381087802774657,381984775007939,381985319630767,381087870032184
103,"void add_kernel<double>(double const*, double const*, double*) [clone .kd]",2,0,206,1209264,1209264,33554432,1024,0,0,8,0,16,64,0x0,0x7f651ea55240,82661916,82661916,164272,661295336,524288,40878920303,660649558,0,163529615500,381087870038784,381985319774207,381985692821489,381087919562980
104,"void triad_kernel<double>(double*, double const*, double const*) [clone .kd]",2,0,208,1209264,1209264,33554432,1024,0,0,8,0,16,64,0x0,0x7f651ea552c0,84950836,84950836,91675,679606696,524288,39442342362,678749135,0,157783292716,381087919572930,381985692885072,381986085449173,381087970508259
105,"void dot_kernel<double>(double const*, double const*, double*, int) [clone .kd]",2,0,210,1209264,1209264,16777216,1024,8192,0,20,4,32,64,0x0,0x7f651ea55340,32095785,32095785,91272,256766288,262144,17841013465,256382529,0,71371186340,381087970510459,381986085662933,381986108383757,381087990059257
106,"void copy_kernel<double>(double const*, double*) [clone .kd]",2,0,212,1209264,1209264,33554432,1024,0,0,8,0,16,64,0x0,0x7f651ea55200,158436031,116572658,102488,1267488256,524444,63514266769,931556333,0,254070990172,381087990112677,381986108432521,381986542300655,381088084670044
107,"void mul_kernel<double>(double*, double const*) [clone .kd]",2,0,214,1209264,1209264,33554432,1024,0,0,8,0,16,64,0x0,0x7f651ea55280,121885033,121885033,62630,975080272,524288,67485888816,974682436,0,269957479052,381088084685854,381986542382002,381987054030517,381088157772719
108,"void add_kernel<double>(double const*, double const*, double*) [clone .kd]",2,0,216,1209264,1209264,33554432,1024,0,0,8,0,16,64,0x0,0x7f651ea55240,82660007,82660007,98785,661280064,524288,41678654837,660331222,0,166728564016,381088157769199,381987054299543,381987418859898,381088207443765
109,"void triad_kernel<double>(double*, double const*, double const*) [clone .kd]",2,0,218,1209264,1209264,33554432,1024,0,0,8,0,16,64,0x0,0x7f651ea552c0,81664114,81664114,80881,653312920,524288,37748191950,652444776,0,151006694968,381088207468185,381987418932442,381987805665448,381088256409178
110,"void dot_kernel<double>(double const*, double const*, double*, int) [clone .kd]",2,0,220,1209264,1209264,16777216,1024,8192,0,20,4,32,64,0x0,0x7f651ea55340,32033121,32033121,89145,256264976,262144,17933071010,255966409,0,71739422428,381088256418408,381987805916968,381987828338589,381088275888626
111,"void copy_kernel<double>(double const*, double*) [clone .kd]",2,0,222,1209264,1209264,33554432,1024,0,0,8,0,16,64,0x0,0x7f651ea55200,120940468,120940468,194806,967523752,524288,66302955877,967100658,0,265225743976,381088275933866,381987828459185,381988260573661,381088348182378
112,"void mul_kernel<double>(double*, double const*) [clone .kd]",2,0,224,1209264,1209264,33554432,1024,0,0,8,0,16,64,0x0,0x7f651ea55280,118382150,118382150,69912,947057208,524288,66200661229,946784901,0,264816562392,381088348184318,381988260805004,381988797525625,381088418970826
113,"void add_kernel<double>(double const*, double const*, double*) [clone .kd]",2,0,226,1209264,1209264,33554432,1024,0,0,8,0,16,64,0x0,0x7f651ea55240,82331334,82331334,94295,658650680,524288,39683422531,657813887,0,158747629356,381088418974066,381988797681323,381989024823913,381088468263670
114,"void triad_kernel<double>(double*, double const*, double const*) [clone .kd]",2,0,228,1209264,1209264,33554432,1024,0,0,8,0,16,64,0x0,0x7f651ea552c0,80760842,80760842,65031,646086744,524288,36397271095,645331049,0,145603012368,381088468282280,381989024866636,381989235018968,381088516604222
115,"void dot_kernel<double>(double const*, double const*, double*, int) [clone .kd]",2,0,230,1209264,1209264,16777216,1024,8192,0,20,4,32,64,0x0,0x7f651ea55340,32004093,32004093,112142,256032752,262144,18386666058,255882007,0,73553794520,381088516614192,381989235054808,381989255861705,381088535971829
116,"void copy_kernel<double>(double const*, double*) [clone .kd]",2,0,232,1209264,1209264,33554432,1024,0,0,8,0,16,64,0x0,0x7f651ea55200,116898958,116898958,226893,935191672,524288,64764119509,934948441,0,259070403132,381088536011879,381989255901581,381989575923115,381088605801424
117,"void mul_kernel<double>(double*, double const*) [clone .kd]",2,0,234,1209264,1209264,33554432,1024,0,0,8,0,16,64,0x0,0x7f651ea55280,167740705,119145228,442724,1341925648,524288,67599933049,952393119,0,270413655600,381088605799154,381989575963904,381989994055594,381088705939858
118,"void add_kernel<double>(double const*, double const*, double*) [clone .kd]",2,0,236,1209264,1209264,33554432,1024,0,0,8,0,16,64,0x0,0x7f651ea55240,81941382,81941382,150619,655531064,524288,39902941926,655184852,0,159625690804,381088705951188,381989994286087,381990369625252,381088755052452
119,"void triad_kernel<double>(double*, double const*, double const*) [clone .kd]",2,0,238,1209264,1209264,33554432,1024,0,0,8,0,16,64,0x0,0x7f651ea552c0,81238728,81238728,93734,649909832,524288,38052021370,648994521,0,152222015984,381088755051862,381990369681937,381990645685020,381088803699915
120,"void dot_kernel<double>(double const*, double const*, double*, int) [clone .kd]",2,0,240,1209264,1209264,16777216,1024,8192,0,20,4,32,64,0x0,0x7f651ea55340,32031676,32031676,57709,256253416,262144,17587569391,255923500,0,70357405460,381088803700765,381990645721180,381990675642001,381088823082472
121,"void copy_kernel<double>(double const*, double*) [clone .kd]",2,0,242,1209264,1209264,33554432,1024,0,0,8,0,16,64,0x0,0x7f651ea55200,121082921,121082921,233273,968663376,524288,65807290861,968352839,0,263243078868,381088823117792,381990675806067,381991111367179,381088895364124
122,"void mul_kernel<double>(double*, double const*) [clone .kd]",2,0,244,1209264,1209264,33554432,1024,0,0,8,0,16,64,0x0,0x7f651ea55280,116734096,116734096,174671,933872776,524288,64557966664,933266718,0,258245791612,381088895362464,381991111430981,381991463844175,381088965153159
123,"void add_kernel<double>(double const*, double const*, double*) [clone .kd]",2,0,246,1209264,1209264,33554432,1024,0,0,8,0,16,64,0x0,0x7f651ea55240,82693997,82693997,95473,661551984,524288,38725600080,660972192,0,154916334716,381088965135718,381991463876718,381991655628359,381089014617074
124,"void triad_kernel<double>(double*, double const*, double const*) [clone .kd]",2,0,248,1209264,1209264,33554432,1024,0,0,8,0,16,64,0x0,0x7f651ea552c0,82345464,82345464,93458,658763720,524288,41103678320,657950263,0,164428642368,381089014615194,381991655655252,381992020500595,381089064051369
125,"void dot_kernel<double>(double const*, double const*, double*, int) [clone .kd]",2,0,250,1209264,1209264,16777216,1024,8192,0,20,4,32,64,0x0,0x7f651ea55340,32064497,32064497,115326,256515984,262144,17265936726,256327093,0,69070878316,381089064052559,381992020751475,381992043696289,381089083527976
126,"void copy_kernel<double>(double const*, double*) [clone .kd]",2,0,252,1209264,1209264,33554432,1024,0,0,8,0,16,64,0x0,0x7f651ea55200,118276667,118276667,295413,946213344,524288,64610160038,945747125,0,258454567324,381089083560196,381992043749618,381992477159293,381089154203744
127,"void mul_kernel<double>(double*, double const*) [clone .kd]",2,0,254,1209264,1209264,33554432,1024,0,0,8,0,16,64,0x0,0x7f651ea55280,125142062,116537818,224101,1001136504,524364,65858426974,931456451,0,263447632040,381089154192684,381992477234589,381993014998045,381089228974093
128,"void add_kernel<double>(double const*, double const*, double*) [clone .kd]",2,0,256,1209264,1209264,33554432,1024,0,0,8,0,16,64,0x0,0x7f651ea55240,81579246,81579246,69742,652633976,524288,38798349402,651954442,0,155207328344,381089228970283,381993015194629,381993393222150,381089277822376
129,"void triad_kernel<double>(double*, double const*, double const*) [clone .kd]",2,0,258,1209264,1209264,33554432,1024,0,0,8,0,16,64,0x0,0x7f651ea552c0,80412555,80412555,135954,643300448,524288,37799968470,642589350,0,151213796928,381089277848476,381993393294390,381993703412751,381089326101358
130,"void dot_kernel<double>(double const*, double const*, double*, int) [clone .kd]",2,0,260,1209264,1209264,16777216,1024,8192,0,20,4,32,64,0x0,0x7f651ea55340,32103025,32103025,81421,256824208,262144,17790213870,256343102,0,71167990860,381089326123898,381993703447631,381993724329559,381089345610285
131,"void copy_kernel<double>(double const*, double*) [clone .kd]",2,0,262,1209264,1209264,33554432,1024,0,0,8,0,16,64,0x0,0x7f651ea55200,117928670,117928670,95849,943429368,524288,64813367404,942989897,0,259267384828,381089345626055,381993724366964,381994187666324,381089416150942
132,"void mul_kernel<double>(double*, double const*) [clone .kd]",2,0,264,1209264,1209264,33554432,1024,0,0,8,0,16,64,0x0,0x7f651ea55280,120837526,120837526,384327,966700216,524288,66877623296,966403413,0,267524407328,381089416141042,381994187802654,381994703895286,381089488463965
133,"void add_kernel<double>(double const*, double const*, double*) [clone .kd]",2,0,266,1209264,1209264,33554432,1024,0,0,8,0,16,64,0x0,0x7f651ea55240,81679575,81679575,101481,653436608,524288,40138153159,652421820,0,160566537428,381089488458485,381994703968407,381995081886263,381089537387358
134,"void triad_kernel<double>(double*, double const*, double const*) [clone .kd]",2,0,268,1209264,1209264,33554432,1024,0,0,8,0,16,64,0x0,0x7f651ea552c0,81260272,81260272,74147,650082184,524288,36765731592,649446593,0,147076854976,381089537402118,381995082175232,381995454101872,381089586181511
135,"void dot_kernel<double>(double const*, double const*, double*, int) [clone .kd]",2,0,270,1209264,1209264,16777216,1024,8192,0,20,4,32,64,0x0,0x7f651ea55340,32005954,32005954,64886,256047640,262144,17513864866,255631013,0,70062591932,381089586185511,381995454157872,381995476331796,381089605705809
136,"void copy_kernel<double>(double const*, double*) [clone .kd]",2,0,272,1209264,1209264,33554432,1024,0,0,8,0,16,64,0x0,0x7f651ea55200,120090594,120090594,87036,960724760,524288,67019391509,960223920,0,268091492144,381089605738079,381995476370368,381995911741319,381089677486229
137,"void mul_kernel<double>(double*, double const*) [clone .kd]",2,0,274,1209264,1209264,33554432,1024,0,0,8,0,16,64,0x0,0x7f651ea55280,120633169,120633169,326115,965065360,524288,66427366845,964909046,0,265723383776,381089677499189,381995911803535,381996448457353,381089749704671
138,"void add_kernel<double>(double const*, double const*, double*) [clone .kd]",2,0,276,1209264,1209264,33554432,1024,0,0,8,0,16,64,0x0,0x7f651ea55240,82176726,82176726,303661,657413816,524288,40224411170,656316123,0,160911581712,381089749683401,381996448645279,381996823573631,381089798898616
139,"void triad_kernel<double>(double*, double const*, double const*) [clone .kd]",2,0,278,1209264,1209264,33554432,1024,0,0,8,0,16,64,0x0,0x7f651ea552c0,83159453,83159453,183294,665275632,524288,38641605037,664653696,0,154580344140,381089798897976,381996823671179,381997186241912,381089848904943
140,"void dot_kernel<double>(double const*, double const*, double*, int) [clone .kd]",2,0,280,1209264,1209264,16777216,1024,8192,0,20,4,32,64,0x0,0x7f651ea55340,32092184,32092184,157456,256737480,262144,17250297837,256586195,0,69008325992,381089848915183,381997186306392,381997209039032,381089868448680
141,"void copy_kernel<double>(double const*, double*) [clone .kd]",2,0,282,1209264,1209264,33554432,1024,0,0,8,0,16,64,0x0,0x7f651ea55200,148924331,115273604,202112,1191394656,524384,63780147570,921029136,0,255134517736,381089868499340,381997209080645,381997670625925,381089957372331
142,"void mul_kernel<double>(double*, double const*) [clone .kd]",2,0,284,1209264,1209264,33554432,1024,0,0,8,0,16,64,0x0,0x7f651ea55280,120277602,120277602,258354,962220824,524288,67075577862,962073137,0,268316229696,381089957407311,381997670754644,381998189808856,381090029547643
143,"void add_kernel<double>(double const*, double const*, double*) [clone .kd]",2,0,286,1209264,1209264,33554432,1024,0,0,8,0,16,64,0x0,0x7f651ea55240,83582043,83582043,99644,668656352,524288,40379733953,667530024,0,161532871580,381090029506193,381998189864902,381998375940250,381090079606330
144,"void triad_kernel<double>(double*, double const*, double const*) [clone .kd]",2,0,288,1209264,1209264,33554432,1024,0,0,8,0,16,64,0x0,0x7f651ea552c0,83916305,83916305,90528,671330448,524288,39842623110,670302610,0,159384418712,381090079618680,381998375978170,381998577270312,381090129992148
145,"void dot_kernel<double>(double const*, double const*, double*, int) [clone .kd]",2,0,290,1209264,1209264,16777216,1024,8192,0,20,4,32,64,0x0,0x7f651ea55340,32343041,32343041,68780,258744336,262144,17778785216,258310755,0,71122267908,381090129993068,381998577310312,381998598264229,381090149661855
146,"void copy_kernel<double>(double const*, double*) [clone .kd]",2,0,292,1209264,1209264,33554432,1024,0,0,8,0,16,64,0x0,0x7f651ea55200,115695669,115695669,95367,925565360,524288,63124499570,925131475,0,252511914656,381090149679055,381998598300899,381999051659881,381090218789108
147,"void mul_kernel<double>(double*, double const*) [clone .kd]",2,0,294,1209264,1209264,33554432,1024,0,0,8,0,16,64,0x0,0x7f651ea55280,116436777,116436777,269926,931494224,524288,64407549143,931030656,0,257644124680,381090218790958,381999051766412,381999581297840,381090288379582
148,"void add_kernel<double>(double const*, double const*, double*) [clone .kd]",2,0,296,1209264,1209264,33554432,1024,0,0,8,0,16,64,0x0,0x7f651ea55240,81546720,81546720,122400,652373768,524288,40236036464,651102189,0,160958079184,381090288392033,381999581356133,381999957558936,381090337179645
149,"void triad_kernel<double>(double*, double const*, double const*) [clone .kd]",2,0,298,1209264,1209264,33554432,1024,0,0,8,0,16,64,0x0,0x7f651ea552c0,81925644,81925644,103371,655405160,524288,38362869026,654532117,0,153465399236,381090337193556,381999957609453,382000232950507,381090386222609
150,"void dot_kernel<double>(double const*, double const*, double*, int) [clone .kd]",2,0,300,1209264,1209264,16777216,1024,8192,0,20,4,32,64,0x0,0x7f651ea55340,32076921,32076921,94799,256615376,262144,17739147498,256361848,0,70963721968,381090386236200,382000233086665,382000253972900,381090405653597
151,"void copy_kernel<double>(double const*, double*) [clone .kd]",2,0,302,1209264,1209264,33554432,1024,0,0,8,0,16,64,0x0,0x7f651ea55200,122524582,122524582,220072,980196664,524288,68633749908,979860365,0,274548924836,381090405681947,382000254026829,382000537335590,381090478870612
152,"void mul_kernel<double>(double*, double const*) [clone .kd]",2,0,304,1209264,1209264,33554432,1024,0,0,8,0,16,64,0x0,0x7f651ea55280,115484543,115484543,156578,923876352,524288,62684491790,923480824,0,250751882320,381090478883401,382000537369633,382000865430980,381090547917684
153,"void add_kernel<double>(double const*, double const*, double*) [clone .kd]",2,0,306,1209264,1209264,33554432,1024,0,0,8,0,16,64,0x0,0x7f651ea55240,83753400,83753400,77521,670027208,524288,40600905856,669374987,0,162417547236,381090547929854,382000865465404,382001077744064,381090598179682
154,"void triad_kernel<double>(double*, double const*, double const*) [clone .kd]",2,0,308,1209264,1209264,33554432,1024,0,0,8,0,16,64,0x0,0x7f651ea552c0,81448302,81448302,173832,651586424,524288,38773528889,650240778,0,155108034692,381090598206562,382001077784952,382001268147133,381090646941225
155,"void dot_kernel<double>(double const*, double const*, double*, int) [clone .kd]",2,0,310,1209264,1209264,16777216,1024,8192,0,20,4,32,64,0x0,0x7f651ea55340,79523036,32180299,141046,636184296,264048,17765233927,256860243,0,71068122932,381090646941325,382001268179133,382001287676405,381090694510144
156,"void copy_kernel<double>(double const*, double*) [clone .kd]",2,0,312,1209264,1209264,33554432,1024,0,0,8,0,16,64,0x0,0x7f651ea55200,118726913,118726913,257172,949815312,524288,67239574096,949567850,0,268972217812,381090694568145,382001287713846,382001600204940,381090765699423
157,"void mul_kernel<double>(double*, double const*) [clone .kd]",2,0,314,1209264,1209264,33554432,1024,0,0,8,0,16,64,0x0,0x7f651ea55280,113611507,113611507,222354,908892064,524288,62407564159,908657833,0,249644178220,381090765716043,382001600379333,382002116380263,381090833707503
158,"void add_kernel<double>(double const*, double const*, double*) [clone .kd]",2,0,316,1209264,1209264,33554432,1024,0,0,8,0,16,64,0x0,0x7f651ea55240,86027793,86027793,169783,688222352,524288,39978979105,687567360,0,159929837512,381090833720513,382002116436429,382002335895861,381090885263924
159,"void triad_kernel<double>(double*, double const*, double const*) [clone .kd]",2,0,318,1209264,1209264,33554432,1024,0,0,8,0,16,64,0x0,0x7f651ea552c0,88594409,88594409,70513,708755280,524288,42396387870,708043538,0,169599471768,381090885280444,382002335932903,382002519967707,381090938364410
160,"void dot_kernel<double>(double const*, double const*, double*, int) [clone .kd]",2,0,320,1209264,1209264,16777216,1024,8192,0,20,4,32,64,0x0,0x7f651ea55340,32074938,32074938,62908,256599512,262144,18287170864,256275093,0,73155817432,381090938374070,382002520005627,382002539582417,381090957770667
161,"void copy_kernel<double>(double const*, double*) [clone .kd]",2,0,322,1209264,1209264,33554432,1024,0,0,8,0,16,64,0x0,0x7f651ea55200,120551035,120551035,88217,964408288,524288,65121151660,964011662,0,260498524832,381090957804197,382002539622015,382003024238277,381091029796918
162,"void mul_kernel<double>(double*, double const*) [clone .kd]",2,0,324,1209264,1209264,33554432,1024,0,0,8,0,16,64,0x0,0x7f651ea55280,118691972,118691972,133963,949535784,524288,64938213345,949230036,0,259766775976,381091029794969,382003024384753,382003540952024,381091100854687
163,"void add_kernel<double>(double const*, double const*, double*) [clone .kd]",2,0,326,1209264,1209264,33554432,1024,0,0,8,0,16,64,0x0,0x7f651ea55240,80062079,80062079,185729,640496640,524288,37018345095,639900954,0,148087307116,381091100856837,382003541034749,382003922223356,381091148823238
164,"void triad_kernel<double>(double*, double const*, double const*) [clone .kd]",2,0,328,1209264,1209264,33554432,1024,0,0,8,0,16,64,0x0,0x7f651ea552c0,80845728,80845728,94536,646765832,524288,37797944430,645705201,0,151205696720,381091148833298,382003922294676,382004292174479,381091197251770
165,"void dot_kernel<double>(double const*, double const*, double*, int) [clone .kd]",2,0,330,1209264,1209264,16777216,1024,8192,0,20,4,32,64,0x0,0x7f651ea55340,32064930,32064930,73358,256519448,262144,17813036711,256026485,0,71259275456,381091197256500,382004292251919,382004314519266,381091216748447
166,"void copy_kernel<double>(double const*, double*) [clone .kd]",2,0,332,1209264,1209264,33554432,1024,0,0,8,0,16,64,0x0,0x7f651ea55200,115248470,115248470,231084,921987768,524288,62265350152,921544339,0,249075321728,381091216789607,382004314561870,382004798897593,381091285591929
167,"void mul_kernel<double>(double*, double const*) [clone .kd]",2,0,334,1209264,1209264,33554432,1024,0,0,8,0,16,64,0x0,0x7f651ea55280,119675866,119675866,133002,957406936,524288,67069324078,957158871,0,268291214528,381091285585999,382004799054172,382005306005392,381091357103529
168,"void add_kernel<double>(double const*, double const*, double*) [clone .kd]",2,0,336,1209264,1209264,33554432,1024,0,0,8,0,16,64,0x0,0x7f651ea55240,121386856,80243163,83699,971094856,524399,39757753510,640512587,0,159044945576,381091357104849,382005306061814,382005490106019,381091429588572
169,"void triad_kernel<double>(double*, double const*, double const*) [clone .kd]",2,0,338,1209264,1209264,33554432,1024,0,0,8,0,16,64,0x0,0x7f651ea552c0,81437818,81437818,110903,651502552,524288,39182399627,650205678,0,156743524500,381091429596252,382005490133326,382005685728562,381091478395845
170,"void dot_kernel<double>(double const*, double const*, double*, int) [clone .kd]",2,0,340,1209264,1209264,16777216,1024,8192,0,20,4,32,64,0x0,0x7f651ea55340,32072290,32072290,95225,256578328,262144,17216926691,256274291,0,68874834116,381091478393895,382005685756242,382005706379587,381091497827762
171,"void copy_kernel<double>(double const*, double*) [clone .kd]",2,0,342,1209264,1209264,33554432,1024,0,0,8,0,16,64,0x0,0x7f651ea55200,115153507,115153507,236189,921228064,524288,63269788710,920877516,0,253093077824,381091497842492,382005706417347,382006168253363,381091566617794
172,"void mul_kernel<double>(double*, double const*) [clone .kd]",2,0,344,1209264,1209264,33554432,1024,0,0,8,0,16,64,0x0,0x7f651ea55280,116040202,116040202,123728,928321624,524288,64354862411,927984596,0,257433369932,381091566611964,382006168429811,382006695081122,381091635959748
173,"void add_kernel<double>(double const*, double const*, double*) [clone .kd]",2,0,346,1209264,1209264,33554432,1024,0,0,8,0,16,64,0x0,0x7f651ea55240,80610324,80610324,75734,644882600,524288,39828069059,644096260,0,159326209208,381091635960908,382006695162152,382007070032122,381091684271299
174,"void triad_kernel<double>(double*, double const*, double const*) [clone .kd]",2,0,348,1209264,1209264,33554432,1024,0,0,8,0,16,64,0x0,0x7f651ea552c0,79616488,79616488,89308,636931912,524288,36985355911,635530947,0,147955342952,381091684283219,382007070079931,382007479197067,381091731978250
175,"void dot_kernel<double>(double const*, double const*, double*, int) [clone .kd]",2,0,350,1209264,1209264,16777216,1024,8192,0,20,4,32,64,0x0,0x7f651ea55340,32067138,32067138,142306,256537112,262144,17596106481,256358278,0,70391558364,381091731979890,382007479441225,382007501986329,381091751402967
176,"void copy_kernel<double>(double const*, double*) [clone .kd]",2,0,352,1209264,1209264,33554432,1024,0,0,8,0,16,64,0x0,0x7f651ea55200,115159334,115159334,162663,921274680,524288,61225141739,920875257,0,244914493700,381091751438716,382007502079847,382007784489230,381091820155138
177,"void mul_kernel<double>(double*, double const*) [clone .kd]",2,0,354,1209264,1209264,33554432,1024,0,0,8,0,16,64,0x0,0x7f651ea55280,118897151,118897151,111838,951177216,524288,65900935590,950926719,0,263617662056,381091820166108,382007784534533,382008065474312,381091891191747
178,"void add_kernel<double>(double const*, double const*, double*) [clone .kd]",2,0,356,1209264,1209264,33554432,1024,0,0,8,0,16,64,0x0,0x7f651ea55240,81634344,81634344,116942,653074760,524288,39033184996,651856785,0,156146669040,381091891194197,382008065506575,382008260733939,381091940065440
179,"void triad_kernel<double>(double*, double const*, double const*) [clone .kd]",2,0,358,1209264,1209264,33554432,1024,0,0,8,0,16,64,0x0,0x7f651ea552c0,80701699,80701699,94150,645613600,524288,37681682623,644587840,0,150740651600,381091940077120,382008260776476,382008453638081,381091988373362
180,"void dot_kernel<double>(double const*, double const*, double*, int) [clone .kd]",2,0,360,1209264,1209264,16777216,1024,8192,0,20,4,32,64,0x0,0x7f651ea55340,32008478,32008478,98560,256067832,262144,17718375091,255681653,0,70880625896,381091988391702,382008453680161,382008474341903,381092007722639
181,"void copy_kernel<double>(double const*, double*) [clone .kd]",2,0,362,1209264,1209264,33554432,1024,0,0,8,0,16,64,0x0,0x7f651ea55200,113714526,113714526,67216,909716216,524288,61362093084,909369961,0,245462292804,381092007762049,382008474378355,382008755319882,381092075583008
182,"void mul_kernel<double>(double*, double const*) [clone .kd]",2,0,364,1209264,1209264,33554432,1024,0,0,8,0,16,64,0x0,0x7f651ea55280,120842120,112294540,192422,966736968,524315,61210604898,897321675,0,244856343724,381092075589008,382008755357348,382009087665226,381092147824200
183,"void add_kernel<double>(double const*, double const*, double*) [clone .kd]",2,0,366,1209264,1209264,33554432,1024,0,0,8,0,16,64,0x0,0x7f651ea55240,81353142,81353142,147337,650825144,524288,38866649595,649748476,0,155480530276,381092147834140,382009087769775,382009289657601,381092196624333
184,"void triad_kernel<double>(double*, double const*, double const*) [clone .kd]",2,0,368,1209264,1209264,33554432,1024,0,0,8,0,16,64,0x0,0x7f651ea552c0,81054455,81054455,88594,648435648,524288,39571855755,646980240,0,158301344548,381092196624063,382009289691733,382009483521963,381092245181406
185,"void dot_kernel<double>(double const*, double const*, double*, int) [clone .kd]",2,0,370,1209264,1209264,16777216,1024,8192,0,20,4,32,64,0x0,0x7f651ea55340,32048353,32048353,49525,256386832,262144,17661837913,256099677,0,70654483036,381092245185986,382009483554603,382009504162423,381092264619253
186,"void copy_kernel<double>(double const*, double*) [clone .kd]",2,0,372,1209264,1209264,33554432,1024,0,0,8,0,16,64,0x0,0x7f651ea55200,110380412,110380412,101065,883043304,524288,60243719434,882593273,0,240988802076,381092264644343,382009504204960,382009774519288,381092330563966
187,"void mul_kernel<double>(double*, double const*) [clone .kd]",2,0,374,1209264,1209264,33554432,1024,0,0,8,0,16,64,0x0,0x7f651ea55280,115499915,115499915,133225,923999328,524288,63662642779,923667830,0,254664484820,381092330569466,382009774553032,382010074283000,381092399617969
188,"void add_kernel<double>(double const*, double const*, double*) [clone .kd]",2,0,376,1209264,1209264,33554432,1024,0,0,8,0,16,64,0x0,0x7f651ea55240,82038384,82038384,71446,656307080,524288,40222373110,655461088,0,160903418720,381092399631059,382010074329715,382010274864570,381092448683163
189,"void triad_kernel<double>(double*, double const*, double const*) [clone .kd]",2,0,378,1209264,1209264,33554432,1024,0,0,8,0,16,64,0x0,0x7f651ea552c0,80769038,80769038,101818,646152312,524288,37559262993,645584288,0,150250973880,381092448698273,382010274896900,382010543791210,381092497011875
190,"void dot_kernel<double>(double const*, double const*, double*, int) [clone .kd]",2,0,380,1209264,1209264,16777216,1024,8192,0,20,4,32,64,0x0,0x7f651ea55340,32058994,32058994,94327,256471960,262144,17677791037,256210724,0,70718293368,381092497022165,382010543879210,382010563398550,381092516368332
191,"void copy_kernel<double>(double const*, double*) [clone .kd]",2,0,382,1209264,1209264,33554432,1024,0,0,8,0,16,64,0x0,0x7f651ea55200,120186185,120186185,204090,961489488,524288,66551790824,961177220,0,266221084568,381092516408612,382010563442205,382010942816242,381092588124232
192,"void mul_kernel<double>(double*, double const*) [clone .kd]",2,0,384,1209264,1209264,33554432,1024,0,0,8,0,16,64,0x0,0x7f651ea55280,112832047,112832047,257636,902656384,524288,61554190297,902299275,0,246230675764,381092588132602,382010942923829,382011307566512,381092655577430
193,"void add_kernel<double>(double const*, double const*, double*) [clone .kd]",2,0,386,1209264,1209264,33554432,1024,0,0,8,0,16,64,0x0,0x7f651ea55240,81599894,81599894,300740,652799160,524288,39500439252,652218169,0,158015681128,381092655582960,382011307600731,382011493547748,381092704416254
194,"void triad_kernel<double>(double*, double const*, double const*) [clone .kd]",2,0,388,1209264,1209264,33554432,1024,0,0,8,0,16,64,0x0,0x7f651ea552c0,80456011,80456011,61683,643648096,524288,37911543334,642898641,0,151660089096,381092704430884,382011493574142,382011721485756,381092752587415
195,"void dot_kernel<double>(double const*, double const*, double*, int) [clone .kd]",2,0,390,1209264,1209264,16777216,1024,8192,0,20,4,32,64,0x0,0x7f651ea55340,32014662,32014662,75945,256117304,262144,17992741362,255659266,0,71978095596,381092752599305,382011721522396,382011742738533,381092771954202
196,"void copy_kernel<double>(double const*, double*) [clone .kd]",2,0,392,1209264,1209264,33554432,1024,0,0,8,0,16,64,0x0,0x7f651ea55200,112782660,112782660,154069,902261288,524288,62686985860,901848885,0,250761864304,381092771991082,382011742777252,382012058364771,381092839309270
197,"void mul_kernel<double>(double*, double const*) [clone .kd]",2,0,394,1209264,1209264,33554432,1024,0,0,8,0,16,64,0x0,0x7f651ea55280,114834560,114834560,160715,918676488,524288,64062240808,918385720,0,256262886296,381092839326500,382012058501958,382012457387305,381092907982791
198,"void add_kernel<double>(double const*, double const*, double*) [clone .kd]",2,0,396,1209264,1209264,33554432,1024,0,0,8,0,16,64,0x0,0x7f651ea55240,82907941,82907941,58029,663263536,524288,40110255749,662208382,0,160454954364,381092907971531,382012457441714,382012681852040,381092957554127
199,"void triad_kernel<double>(double*, double const*, double const*) [clone .kd]",2,0,398,1209264,1209264,33554432,1024,0,0,8,0,16,64,0x0,0x7f651ea552c0,79083868,79083868,65095,632670952,524288,36188725986,631697574,0,144768825072,381092957571547,382012681889588,382012877405223,381093004959606
200,"void dot_kernel<double>(double const*, double const*, double*, int) [clone .kd]",2,0,400,1209264,1209264,16777216,1024,8192,0,20,4,32,64,0x0,0x7f651ea55340,32003139,32003139,93694,256025120,262144,17761808213,255829297,0,71054359512,381093004965046,382012877458823,382012899437838,381093024365183
201,"void copy_kernel<double>(double const*, double*) [clone .kd]",2,0,402,1209264,1209264,33554432,1024,0,0,8,0,16,64,0x0,0x7f651ea55200,150076643,117585032,94078,1200613152,524576,65391652089,939871137,0,261580533976,381093024390553,382012899477203,382013175031948,381093113865226
202,"void mul_kernel<double>(double*, double const*) [clone .kd]",2,0,404,1209264,1209264,33554432,1024,0,0,8,0,16,64,0x0,0x7f651ea55280,117503758,117503758,303977,940030072,524288,63922202335,939534190,0,255702730724,381093113885406,382013175065325,382013459018458,381093184229462
203,"void add_kernel<double>(double const*, double const*, double*) [clone .kd]",2,0,406,1209264,1209264,33554432,1024,0,0,8,0,16,64,0x0,0x7f651ea55240,82538840,82538840,313888,660310728,524288,40047923242,659503914,0,160205628920,381093184226012,382013459061184,382013688015334,381093233678217
204,"void triad_kernel<double>(double*, double const*, double const*) [clone .kd]",2,0,408,1209264,1209264,33554432,1024,0,0,8,0,16,64,0x0,0x7f651ea552c0,81436670,81436670,151826,651493368,524288,38432209052,650616259,0,153742761812,381093233716907,382013688246728,382013891510824,381093282415240
205,"void dot_kernel<double>(double const*, double const*, double*, int) [clone .kd]",2,0,410,1209264,1209264,16777216,1024,8192,0,20,4,32,64,0x0,0x7f651ea55340,32005720,32005720,85111,256045768,262144,17596318261,255632085,0,70392407688,381093282440690,382013891574024,382013913318799,381093301751827
206,"void copy_kernel<double>(double const*, double*) [clone .kd]",2,0,412,1209264,1209264,33554432,1024,0,0,8,0,16,64,0x0,0x7f651ea55200,112201786,112201786,308307,897614296,524288,63361092189,897357706,0,253458286260,381093301775697,382013913363558,382014206288995,381093368760354
207,"void mul_kernel<double>(double*, double const*) [clone .kd]",2,0,414,1209264,1209264,33554432,1024,0,0,8,0,16,64,0x0,0x7f651ea55280,114158922,114158922,232507,913271384,524288,64694880076,912768743,0,258793447116,381093368745114,382014206426481,382014533904030,381093436956684
208,"void add_kernel<double>(double const*, double const*, double*) [clone .kd]",2,0,416,1209264,1209264,33554432,1024,0,0,8,0,16,64,0x0,0x7f651ea55240,81224760,81224760,181336,649798088,524288,39489351497,649300165,0,157971339976,381093436939664,382014533956716,382014749580949,381093485526096
209,"void triad_kernel<double>(double*, double const*, double const*) [clone .kd]",2,0,418,1209264,1209264,33554432,1024,0,0,8,0,16,64,0x0,0x7f651ea552c0,80458592,80458592,116601,643668744,524288,38805193176,643010715,0,155234692732,381093485557706,382014749609423,382014970856368,381093533737658
210,"void dot_kernel<double>(double const*, double const*, double*, int) [clone .kd]",2,0,420,1209264,1209264,16777216,1024,8192,0,20,4,32,64,0x0,0x7f651ea55340,32078915,32078915,64580,256631328,262144,17273246680,256260945,0,69100120244,381093533739958,382014970907088,382014991578103,381093553167505
211,"void copy_kernel<double>(double const*, double*) [clone .kd]",2,0,422,1209264,1209264,33554432,1024,0,0,8,0,16,64,0x0,0x7f651ea55200,114643744,114643744,133296,917149960,524288,63995716969,916832013,0,255996785676,381093553201575,382014991661486,382015304370720,381093621657816
212,"void mul_kernel<double>(double*, double const*) [clone .kd]",2,0,424,1209264,1209264,33554432,1024,0,0,8,0,16,64,0x0,0x7f651ea55280,113305498,113305498,231800,906443992,524288,62111931263,906158722,0,248461652156,381093621651696,382015304520716,382015605349639,381093689375845
213,"void add_kernel<double>(double const*, double const*, double*) [clone .kd]",2,0,426,1209264,1209264,33554432,1024,0,0,8,0,16,64,0x0,0x7f651ea55240,81003141,81003141,91089,648025136,524288,40380242067,646745532,0,161534905056,381093689384805,382015605393684,382015849451154,381093737927617
214,"void triad_kernel<double>(double*, double const*, double const*) [clone .kd]",2,0,428,1209264,1209264,33554432,1024,0,0,8,0,16,64,0x0,0x7f651ea552c0,80744556,80744556,83557,645956456,524288,39104452825,645188905,0,156431735612,381093737936897,382015849490728,382016054081841,381093786265489
215,"void dot_kernel<double>(double const*, double const*, double*, int) [clone .kd]",2,0,430,1209264,1209264,16777216,1024,8192,0,20,4,32,64,0x0,0x7f651ea55340,31999788,31999788,118127,255998312,262144,18206965552,255822813,0,72834996204,381093786267649,382016054131441,382016074762615,381093805626106
216,"void copy_kernel<double>(double const*, double*) [clone .kd]",2,0,432,1209264,1209264,33554432,1024,0,0,8,0,16,64,0x0,0x7f651ea55200,118445673,118445673,252959,947565392,524288,66218048550,947234784,0,264886114992,381093805657296,382016074837730,382016391296863,381093876345824
217,"void mul_kernel<double>(double*, double const*) [clone .kd]",2,0,434,1209264,1209264,33554432,1024,0,0,8,0,16,64,0x0,0x7f651ea55280,114427324,114427324,178005,915418600,524288,64381093474,914971829,0,257538291004,381093876346304,382016391327799,382016736254093,381093944788114
218,"void add_kernel<double>(double const*, double const*, double*) [clone .kd]",2,0,436,1209264,1209264,33554432,1024,0,0,8,0,16,64,0x0,0x7f651ea55240,82140250,82140250,83461,657122008,524288,40738081029,656294254,0,162966256656,381093944781684,382016736304775,382016986340305,381093993926578
219,"void triad_kernel<double>(double*, double const*, double const*) [clone .kd]",2,0,438,1209264,1209264,33554432,1024,0,0,8,0,16,64,0x0,0x7f651ea552c0,122010817,80782620,69198,976086544,524984,38929866925,644660714,0,155733421988,381093993937238,382016986534519,382017352296460,381094066757492
220,"void dot_kernel<double>(double const*, double const*, double*, int) [clone .kd]",2,0,440,1209264,1209264,16777216,1024,8192,0,20,4,32,64,0x0,0x7f651ea55340,32065717,32065717,86461,256525744,262144,17128619349,256153261,0,68521608888,381094066776412,382017352357580,382017375122830,381094086195399
221,"void copy_kernel<double>(double const*, double*) [clone .kd]",2,0,442,1209264,1209264,33554432,1024,0,0,8,0,16,64,0x0,0x7f651ea55200,117950678,117950678,139245,943605432,524288,65457475297,943323580,0,261843820004,381094086240800,382017375185033,382017806976009,381094156580186
222,"void mul_kernel<double>(double*, double const*) [clone .kd]",2,0,444,1209264,1209264,33554432,1024,0,0,8,0,16,64,0x0,0x7f651ea55280,113208650,113208650,196394,905669208,524288,61185665428,905162198,0,244756578340,381094156602126,382017807048075,382018119951670,381094224189634
223,"void add_kernel<double>(double const*, double const*, double*) [clone .kd]",2,0,446,1209264,1209264,33554432,1024,0,0,8,0,16,64,0x0,0x7f651ea55240,81376566,81376566,74431,651012536,524288,37932306865,650229597,0,151743163696,381094224210765,382018119998417,382018318867598,381094272775397
224,"void triad_kernel<double>(double*, double const*, double const*) [clone .kd]",2,0,448,1209264,1209264,33554432,1024,0,0,8,0,16,64,0x0,0x7f651ea552c0,81643325,81643325,104650,653146608,524288,39059019028,651925010,0,156249992664,381094272800727,382018318899231,382018511921379,381094321589230
225,"void dot_kernel<double>(double const*, double const*, double*, int) [clone .kd]",2,0,450,1209264,1209264,16777216,1024,8192,0,20,4,32,64,0x0,0x7f651ea55340,32064786,32064786,78529,256518296,262144,17760128520,256076229,0,71047647440,381094321600520,382018511952259,382018532472231,381094340994387
226,"void copy_kernel<double>(double const*, double*) [clone .kd]",2,0,452,1209264,1209264,33554432,1024,0,0,8,0,16,64,0x0,0x7f651ea55200,116698572,116698572,105415,933588584,524288,63767646205,933166398,0,255084506500,381094341018707,382018532520623,382018987815860,381094410691642
227,"void mul_kernel<double>(double*, double const*) [clone .kd]",2,0,454,1209264,1209264,33554432,1024,0,0,8,0,16,64,0x0,0x7f651ea55280,114215561,114215561,77020,913724496,524288,63760236386,913330389,0,255054860532,381094410680492,382018988061108,382019518852875,381094478980522
228,"void add_kernel<double>(double const*, double const*, double*) [clone .kd]",2,0,456,1209264,1209264,33554432,1024,0,0,8,0,16,64,0x0,0x7f651ea55240,82187994,82187994,195994,657503960,524288,38973181908,657038338,0,155906659024,381094478983592,382019519061224,382019747779473,381094528204637
229,"void triad_kernel<double>(double*, double const*, double const*) [clone .kd]",2,0,458,1209264,1209264,33554432,1024,0,0,8,0,16,64,0x0,0x7f651ea552c0,80894205,80894205,83616,647153648,524288,39782316057,645998577,0,159143189768,381094528228897,382019747837523,382019942425896,381094576548428
230,"void dot_kernel<double>(double const*, double const*, double*, int) [clone .kd]",2,0,460,1209264,1209264,16777216,1024,8192,0,20,4,32,64,0x0,0x7f651ea55340,32074701,32074701,54474,256597616,262144,18342700125,256098630,0,73377930896,381094576573029,382019942481416,382019963238186,381094595871915
231,"void copy_kernel<double>(double const*, double*) [clone .kd]",2,0,462,1209264,1209264,33554432,1024,0,0,8,0,16,64,0x0,0x7f651ea55200,112355844,112355844,103172,898846760,524288,61155797470,898355545,0,244637109252,381094595915876,382019963299481,382020409541742,381094662887132
232,"void mul_kernel<double>(double*, double const*) [clone .kd]",2,0,464,1209264,1209264,33554432,1024,0,0,8,0,16,64,0x0,0x7f651ea55280,113689049,113689049,106633,909512400,524288,61665551432,909171189,0,246676126948,381094662912912,382020409754548,382020931328695,381094730799611
233,"void add_kernel<double>(double const*, double const*, double*) [clone .kd]",2,0,466,1209264,1209264,33554432,1024,0,0,8,0,16,64,0x0,0x7f651ea55240,81824161,81824161,77975,654593296,524288,39564591518,653849884,0,158272291564,381094730791811,382020931414888,382021298600767,381094779709925
234,"void triad_kernel<double>(double*, double const*, double const*) [clone .kd]",2,0,468,1209264,1209264,33554432,1024,0,0,8,0,16,64,0x0,0x7f651ea552c0,80605298,80605298,77166,644842392,524288,36411536037,643737110,0,145660065060,381094779730085,382021298655259,382021668588649,381094827917806
235,"void dot_kernel<double>(double const*, double const*, double*, int) [clone .kd]",2,0,470,1209264,1209264,16777216,1024,8192,0,20,4,32,64,0x0,0x7f651ea55340,32059349,32059349,69430,256474800,262144,17612668714,256153063,0,70457804848,381094827939696,382021668634889,382021691147975,381094847285983
236,"void copy_kernel<double>(double const*, double*) [clone .kd]",2,0,472,1209264,1209264,33554432,1024,0,0,8,0,16,64,0x0,0x7f651ea55200,116498762,116498762,198048,931990104,524288,66672823628,931530815,0,266705221044,381094847309333,382021691188630,382021981684529,381094916850058
237,"void mul_kernel<double>(double*, double const*) [clone .kd]",2,0,474,1209264,1209264,33554432,1024,0,0,8,0,16,64,0x0,0x7f651ea55280,157116894,117331406,405396,1256935160,524613,65967308628,937877995,0,263883175240,381094916843947,382021981728565,382022287190359,381095010594793
238,"void add_kernel<double>(double const*, double const*, double*) [clone .kd]",2,0,476,1209264,1209264,33554432,1024,0,0,8,0,16,64,0x0,0x7f651ea55240,82217051,82217051,124127,657736416,524288,41048577158,656934994,0,164208239796,381095010594353,382022287391920,382022662447696,381095059938827
239,"void triad_kernel<double>(double*, double const*, double const*) [clone .kd]",2,0,478,1209264,1209264,33554432,1024,0,0,8,0,16,64,0x0,0x7f651ea552c0,82003052,82003052,94401,656024424,524288,39572383994,654947145,0,158303459768,381095059973458,382022662516521,382023006060650,381095109062711
240,"void dot_kernel<double>(double const*, double const*, double*, int) [clone .kd]",2,0,480,1209264,1209264,16777216,1024,8192,0,20,4,32,64,0x0,0x7f651ea55340,32034829,32034829,54835,256278640,262144,17775530409,255892866,0,71109260340,381095109091112,382023006103370,382023026429258,381095128470639
241,"void copy_kernel<double>(double const*, double*) [clone .kd]",2,0,482,1209264,1209264,33554432,1024,0,0,8,0,16,64,0x0,0x7f651ea55200,119957436,119957436,97115,959659496,524288,66285119173,959263313,0,265154403608,381095128517419,382023026468135,382023355819648,381095200094439
242,"void mul_kernel<double>(double*, double const*) [clone .kd]",2,0,484,1209264,1209264,33554432,1024,0,0,8,0,16,64,0x0,0x7f651ea55280,116219886,116219886,341817,929759096,524288,63223807259,929395134,0,252909156296,381095200080739,382023355850491,382023640627980,381095269509673
243,"void add_kernel<double>(double const*, double const*, double*) [clone .kd]",2,0,486,1209264,1209264,33554432,1024,0,0,8,0,16,64,0x0,0x7f651ea55240,81839015,81839015,170260,654712128,524288,40148203175,653837046,0,160606746124,381095269517082,382023640655039,382023887792743,381095318497586
244,"void triad_kernel<double>(double*, double const*, double const*) [clone .kd]",2,0,488,1209264,1209264,33554432,1024,0,0,8,0,16,64,0x0,0x7f651ea552c0,81908174,81908174,91454,655265400,524288,41116776113,654395124,0,164481033976,381095318524676,382023887819230,382024134283973,381095367484390
245,"void dot_kernel<double>(double const*, double const*, double*, int) [clone .kd]",2,0,490,1209264,1209264,16777216,1024,8192,0,20,4,32,64,0x0,0x7f651ea55340,32047633,32047633,79159,256381072,262144,17393891857,256015738,0,69582694308,381095367494390,382024134395491,382024156898177,381095386831117
246,"void copy_kernel<double>(double const*, double*) [clone .kd]",2,0,492,1209264,1209264,33554432,1024,0,0,8,0,16,64,0x0,0x7f651ea55200,115341477,115341477,60164,922731824,524288,62356603749,922403453,0,249440337192,381095386870767,382024156941375,382024449119324,381095455700289
247,"void mul_kernel<double>(double*, double const*) [clone .kd]",2,0,494,1209264,1209264,33554432,1024,0,0,8,0,16,64,0x0,0x7f651ea55280,123650264,123650264,338786,989202120,524288,68184233397,989008152,0,272750856564,381095455690769,382024449171950,382024773143127,381095529634846
248,"void add_kernel<double>(double const*, double const*, double*) [clone .kd]",2,0,496,1209264,1209264,33554432,1024,0,0,8,0,16,64,0x0,0x7f651ea55240,81197630,81197630,83702,649581048,524288,39799323613,648898595,0,159211227288,381095529636266,382024773189461,382024997700471,381095578282109
249,"void triad_kernel<double>(double*, double const*, double const*) [clone .kd]",2,0,498,1209264,1209264,33554432,1024,0,0,8,0,16,64,0x0,0x7f651ea552c0,82339897,82339897,96733,658719184,524288,38042358129,657921477,0,152183350624,381095578300979,382024997738099,382025273728226,381095627573764
250,"void dot_kernel<double>(double const*, double const*, double*, int) [clone .kd]",2,0,500,1209264,1209264,16777216,1024,8192,0,20,4,32,64,0x0,0x7f651ea55340,32258367,32258367,99844,258066944,262144,17579545750,257707428,0,70325320708,381095627597824,382025273762146,382025294496672,381095647190461
