Dispatch_ID,Kernel_Name,GPU_ID,queue-id,queue-index,pid,tid,Grid_Size,Workgroup_Size,LDS_Per_Workgroup,Scratch_Per_Workitem,Arch_VGPR,Accum_VGPR,SGPR,wave_size,sig,obj,DispatchNs,Start_Timestamp,End_Timestamp,CompleteNs
0,"void init_kernel<double>(double*, double*, double*, double, double, double) [clone .kd]",2,0,0,1741687,1741687,33554432,1024,0,0,12,4,32,64,0x0,0x7f9ab14ed380,381960359673280,381960359710622,381960570254218,381960570361348
1,"void copy_kernel<double>(double const*, double*) [clone .kd]",2,0,2,1741687,1741687,33554432,1024,0,0,8,0,16,64,0x0,0x7f9ab14ed200,381960570304749,381960570336288,381960634059429,381960634165570
2,"void mul_kernel<double>(double*, double const*) [clone .kd]",2,0,4,1741687,1741687,33554432,1024,0,0,8,0,16,64,0x0,0x7f9ab14ed280,381960634072910,381960634093901,381960698142649,381960698249969
3,"void add_kernel<double>(double const*, double const*, double*) [clone .kd]",2,0,6,1741687,1741687,33554432,1024,0,0,8,0,16,64,0x0,0x7f9ab14ed240,381960698156460,381960698174809,381960749863856,381960749950450
4,"void triad_kernel<double>(double*, double const*, double const*) [clone .kd]",2,0,8,1741687,1741687,33554432,1024,0,0,8,0,16,64,0x0,0x7f9ab14ed2c0,381960749884260,381960749903225,381960801063174,381960801168144
5,"void dot_kernel<double>(double const*, double const*, double*, int) [clone .kd]",2,0,10,1741687,1741687,16777216,1024,8192,0,20,4,32,64,0x0,0x7f9ab14ed340,381960801079715,381960801096614,381960820245454,381960820320378
6,"void copy_kernel<double>(double const*, double*) [clone .kd]",2,0,12,1741687,1741687,33554432,1024,0,0,8,0,16,64,0x0,0x7f9ab14ed200,381960820273718,381960820294633,381960884162099,381960884267069
7,"void mul_kernel<double>(double*, double const*) [clone .kd]",2,0,14,1741687,1741687,33554432,1024,0,0,8,0,16,64,0x0,0x7f9ab14ed280,381960884176879,381960884192942,381960947742641,381960947843881
8,"void add_kernel<double>(double const*, double const*, double*) [clone .kd]",2,0,16,1741687,1741687,33554432,1024,0,0,8,0,16,64,0x0,0x7f9ab14ed240,381960947753702,381960947770161,381960998740320,381960998835227
9,"void triad_kernel<double>(double*, double const*, double const*) [clone .kd]",2,0,18,1741687,1741687,33554432,1024,0,0,8,0,16,64,0x0,0x7f9ab14ed2c0,381960998754807,381960998772992,381961049523304,381961049620044
10,"void dot_kernel<double>(double const*, double const*, double*, int) [clone .kd]",2,0,20,1741687,1741687,16777216,1024,8192,0,20,4,32,64,0x0,0x7f9ab14ed340,381961049535554,381961049551944,381961068679011,381961068767388
11,"void copy_kernel<double>(double const*, double*) [clone .kd]",2,0,22,1741687,1741687,33554432,1024,0,0,8,0,16,64,0x0,0x7f9ab14ed200,381961068704848,381961068725171,381961134609946,381961134707386
12,"void mul_kernel<double>(double*, double const*) [clone .kd]",2,0,24,1741687,1741687,33554432,1024,0,0,8,0,16,64,0x0,0x7f9ab14ed280,381961134621546,381961134639764,381961199812028,381961199912248
13,"void add_kernel<double>(double const*, double const*, double*) [clone .kd]",2,0,26,1741687,1741687,33554432,1024,0,0,8,0,16,64,0x0,0x7f9ab14ed240,381961199824298,381961199844175,381961262841313,381961263177623
14,"void triad_kernel<double>(double*, double const*, double const*) [clone .kd]",2,0,28,1741687,1741687,33554432,1024,0,0,8,0,16,64,0x0,0x7f9ab14ed2c0,381961263532010,381961263631234,381961315123379,381961315192001
15,"void dot_kernel<double>(double const*, double const*, double*, int) [clone .kd]",2,0,30,1741687,1741687,16777216,1024,8192,0,20,4,32,64,0x0,0x7f9ab14ed340,381961315288261,381961315333449,381961334482114,381961334552254
16,"void copy_kernel<double>(double const*, double*) [clone .kd]",2,0,32,1741687,1741687,33554432,1024,0,0,8,0,16,64,0x0,0x7f9ab14ed200,381961334561254,381961334623823,381961398845192,381961398922312
17,"void mul_kernel<double>(double*, double const*) [clone .kd]",2,0,34,1741687,1741687,33554432,1024,0,0,8,0,16,64,0x0,0x7f9ab14ed280,381961398889142,381961398908742,381961462513304,381961462595444
18,"void add_kernel<double>(double const*, double const*, double*) [clone .kd]",2,0,36,1741687,1741687,33554432,1024,0,0,8,0,16,64,0x0,0x7f9ab14ed240,381961462551715,381961462583100,381961642037137,381961642119806
19,"void triad_kernel<double>(double*, double const*, double const*) [clone .kd]",2,0,38,1741687,1741687,33554432,1024,0,0,8,0,16,64,0x0,0x7f9ab14ed2c0,381961642105026,381961642179377,381961692810335,381961692871793
20,"void dot_kernel<double>(double const*, double const*, double*, int) [clone .kd]",2,0,40,1741687,1741687,16777216,1024,8192,0,20,4,32,64,0x0,0x7f9ab14ed340,381961692825144,381961692846496,381961711972758,381961712041507
21,"void copy_kernel<double>(double const*, double*) [clone .kd]",2,0,42,1741687,1741687,33554432,1024,0,0,8,0,16,64,0x0,0x7f9ab14ed200,381961712007388,381961712034895,381961942855193,381961942936703
22,"void mul_kernel<double>(double*, double const*) [clone .kd]",2,0,44,1741687,1741687,33554432,1024,0,0,8,0,16,64,0x0,0x7f9ab14ed280,381961942922123,381961942954015,381962282497003,381962282699834
23,"void add_kernel<double>(double const*, double const*, double*) [clone .kd]",2,0,46,1741687,1741687,33554432,1024,0,0,8,0,16,64,0x0,0x7f9ab14ed240,381962282728673,381962282831677,381962400322542,381962400391671
24,"void triad_kernel<double>(double*, double const*, double const*) [clone .kd]",2,0,48,1741687,1741687,33554432,1024,0,0,8,0,16,64,0x0,0x7f9ab14ed2c0,381962400355822,381962400379733,381962591636616,381962591716686
25,"void dot_kernel<double>(double const*, double const*, double*, int) [clone .kd]",2,0,50,1741687,1741687,16777216,1024,8192,0,20,4,32,64,0x0,0x7f9ab14ed340,381962591663066,381962591682536,381962611183040,381962611232798
26,"void copy_kernel<double>(double const*, double*) [clone .kd]",2,0,52,1741687,1741687,33554432,1024,0,0,8,0,16,64,0x0,0x7f9ab14ed200,381962611216388,381962611236691,381962791818703,381962791913733
27,"void mul_kernel<double>(double*, double const*) [clone .kd]",2,0,54,1741687,1741687,33554432,1024,0,0,8,0,16,64,0x0,0x7f9ab14ed280,381962791848393,381962791863039,381963117779924,381963117858184
28,"void add_kernel<double>(double const*, double const*, double*) [clone .kd]",2,0,56,1741687,1741687,33554432,1024,0,0,8,0,16,64,0x0,0x7f9ab14ed240,381963117797735,381963117812496,381963234591998,381963234650148
29,"void triad_kernel<double>(double*, double const*, double const*) [clone .kd]",2,0,58,1741687,1741687,33554432,1024,0,0,8,0,16,64,0x0,0x7f9ab14ed2c0,381963234619328,381963234636270,381963424866579,381963424930589
30,"void dot_kernel<double>(double const*, double const*, double*, int) [clone .kd]",2,0,60,1741687,1741687,16777216,1024,8192,0,20,4,32,64,0x0,0x7f9ab14ed340,381963424883950,381963424897459,381963445365003,381963445383415
31,"void copy_kernel<double>(double const*, double*) [clone .kd]",2,0,62,1741687,1741687,33554432,1024,0,0,8,0,16,64,0x0,0x7f9ab14ed200,381963445397485,381963445424435,381963625222415,381963625301705
32,"void mul_kernel<double>(double*, double const*) [clone .kd]",2,0,64,1741687,1741687,33554432,1024,0,0,8,0,16,64,0x0,0x7f9ab14ed280,381963625245945,381963625268613,381963982465031,381963982543791
33,"void add_kernel<double>(double const*, double const*, double*) [clone .kd]",2,0,66,1741687,1741687,33554432,1024,0,0,8,0,16,64,0x0,0x7f9ab14ed240,381963982512431,381963982546375,381964103338208,381964103423348
34,"void triad_kernel<double>(double*, double const*, double const*) [clone .kd]",2,0,68,1741687,1741687,33554432,1024,0,0,8,0,16,64,0x0,0x7f9ab14ed2c0,381964103366688,381964103387547,381964285464413,381964285546423
35,"void dot_kernel<double>(double const*, double const*, double*, int) [clone .kd]",2,0,70,1741687,1741687,16777216,1024,8192,0,20,4,32,64,0x0,0x7f9ab14ed340,381964285485293,381964285501853,381964305448277,381964305511122
36,"void copy_kernel<double>(double const*, double*) [clone .kd]",2,0,72,1741687,1741687,33554432,1024,0,0,8,0,16,64,0x0,0x7f9ab14ed200,381964305478412,381964305492514,381964536319996,381964536469116
37,"void mul_kernel<double>(double*, double const*) [clone .kd]",2,0,74,1741687,1741687,33554432,1024,0,0,8,0,16,64,0x0,0x7f9ab14ed280,381964536462487,381964536595809,381964908129208,381964908191458
38,"void add_kernel<double>(double const*, double const*, double*) [clone .kd]",2,0,76,1741687,1741687,33554432,1024,0,0,8,0,16,64,0x0,0x7f9ab14ed240,381964908196018,381964908274651,381965128970439,381965129045469
39,"void triad_kernel<double>(double*, double const*, double const*) [clone .kd]",2,0,78,1741687,1741687,33554432,1024,0,0,8,0,16,64,0x0,0x7f9ab14ed2c0,381965129039029,381965129125974,381965366225302,381965366303332
40,"void dot_kernel<double>(double const*, double const*, double*, int) [clone .kd]",2,0,80,1741687,1741687,16777216,1024,8192,0,20,4,32,64,0x0,0x7f9ab14ed340,381965366256572,381965366277302,381965385789805,381965385845974
41,"void copy_kernel<double>(double const*, double*) [clone .kd]",2,0,82,1741687,1741687,33554432,1024,0,0,8,0,16,64,0x0,0x7f9ab14ed200,381965385819304,381965385832361,381965803369214,381965803483684
42,"void mul_kernel<double>(double*, double const*) [clone .kd]",2,0,84,1741687,1741687,33554432,1024,0,0,8,0,16,64,0x0,0x7f9ab14ed280,381965803469864,381965803507375,381966231146487,381966231300137
43,"void add_kernel<double>(double const*, double const*, double*) [clone .kd]",2,0,86,1741687,1741687,33554432,1024,0,0,8,0,16,64,0x0,0x7f9ab14ed240,381966231309327,381966231417852,381966620303114,381966620368804
44,"void triad_kernel<double>(double*, double const*, double const*) [clone .kd]",2,0,88,1741687,1741687,33554432,1024,0,0,8,0,16,64,0x0,0x7f9ab14ed2c0,381966620390924,381966620451694,381966803274474,381966803350024
45,"void dot_kernel<double>(double const*, double const*, double*, int) [clone .kd]",2,0,90,1741687,1741687,16777216,1024,8192,0,20,4,32,64,0x0,0x7f9ab14ed340,381966803319734,381966803343594,381966846562366,381966846605730
46,"void copy_kernel<double>(double const*, double*) [clone .kd]",2,0,92,1741687,1741687,33554432,1024,0,0,8,0,16,64,0x0,0x7f9ab14ed200,381966846625950,381966846681168,381967285311461,381967285432851
47,"void mul_kernel<double>(double*, double const*) [clone .kd]",2,0,94,1741687,1741687,33554432,1024,0,0,8,0,16,64,0x0,0x7f9ab14ed280,381967285417211,381967285455092,381967816508385,381967816676405
48,"void add_kernel<double>(double const*, double const*, double*) [clone .kd]",2,0,96,1741687,1741687,33554432,1024,0,0,8,0,16,64,0x0,0x7f9ab14ed240,381967816668335,381967816794380,381968188716273,381968188812043
49,"void triad_kernel<double>(double*, double const*, double const*) [clone .kd]",2,0,98,1741687,1741687,33554432,1024,0,0,8,0,16,64,0x0,0x7f9ab14ed2c0,381968188760404,381968188785183,381968583609182,381968583711742
50,"void dot_kernel<double>(double const*, double const*, double*, int) [clone .kd]",2,0,100,1741687,1741687,16777216,1024,8192,0,20,4,32,64,0x0,0x7f9ab14ed340,381968583702902,381968583822942,381968606267129,381968606302104
51,"void copy_kernel<double>(double const*, double*) [clone .kd]",2,0,102,1741687,1741687,33554432,1024,0,0,8,0,16,64,0x0,0x7f9ab14ed200,381968606298854,381968606310214,381969071380052,381969071484172
52,"void mul_kernel<double>(double*, double const*) [clone .kd]",2,0,104,1741687,1741687,33554432,1024,0,0,8,0,16,64,0x0,0x7f9ab14ed280,381969071473472,381969071586432,381969594628028,381969594915928
53,"void add_kernel<double>(double const*, double const*, double*) [clone .kd]",2,0,106,1741687,1741687,33554432,1024,0,0,8,0,16,64,0x0,0x7f9ab14ed240,381969594766959,381969594813106,381969805727914,381969805818634
54,"void triad_kernel<double>(double*, double const*, double const*) [clone .kd]",2,0,108,1741687,1741687,33554432,1024,0,0,8,0,16,64,0x0,0x7f9ab14ed2c0,381969805833504,381969805916173,381970140841856,381970140950815
55,"void dot_kernel<double>(double const*, double const*, double*, int) [clone .kd]",2,0,110,1741687,1741687,16777216,1024,8192,0,20,4,32,64,0x0,0x7f9ab14ed340,381970140889906,381970140919296,381970163461083,381970163494797
56,"void copy_kernel<double>(double const*, double*) [clone .kd]",2,0,112,1741687,1741687,33554432,1024,0,0,8,0,16,64,0x0,0x7f9ab14ed200,381970163493048,381970163505248,381970552729403,381970552863903
57,"void mul_kernel<double>(double*, double const*) [clone .kd]",2,0,114,1741687,1741687,33554432,1024,0,0,8,0,16,64,0x0,0x7f9ab14ed280,381970552821223,381970552873579,381971077333091,381971077448721
58,"void add_kernel<double>(double const*, double const*, double*) [clone .kd]",2,0,116,1741687,1741687,33554432,1024,0,0,8,0,16,64,0x0,0x7f9ab14ed240,381971077422431,381971077465207,381971284853610,381971284917120
59,"void triad_kernel<double>(double*, double const*, double const*) [clone .kd]",2,0,118,1741687,1741687,33554432,1024,0,0,8,0,16,64,0x0,0x7f9ab14ed2c0,381971284870430,381971284885933,381971506385556,381971506478696
60,"void dot_kernel<double>(double const*, double const*, double*, int) [clone .kd]",2,0,120,1741687,1741687,16777216,1024,8192,0,20,4,32,64,0x0,0x7f9ab14ed340,381971506468496,381971506579156,381971527228460,381971527277280
61,"void copy_kernel<double>(double const*, double*) [clone .kd]",2,0,122,1741687,1741687,33554432,1024,0,0,8,0,16,64,0x0,0x7f9ab14ed200,381971527255050,381971527274443,381971894287531,381971894427561
62,"void mul_kernel<double>(double*, double const*) [clone .kd]",2,0,124,1741687,1741687,33554432,1024,0,0,8,0,16,64,0x0,0x7f9ab14ed280,381971894336321,381971894355710,381972272180332,381972272320401
63,"void add_kernel<double>(double const*, double const*, double*) [clone .kd]",2,0,126,1741687,1741687,33554432,1024,0,0,8,0,16,64,0x0,0x7f9ab14ed240,381972272300112,381972272355219,381972592130473,381972592203353
64,"void triad_kernel<double>(double*, double const*, double const*) [clone .kd]",2,0,128,1741687,1741687,33554432,1024,0,0,8,0,16,64,0x0,0x7f9ab14ed2c0,381972592158463,381972592181293,381972964197261,381972964300751
65,"void dot_kernel<double>(double const*, double const*, double*, int) [clone .kd]",2,0,130,1741687,1741687,16777216,1024,8192,0,20,4,32,64,0x0,0x7f9ab14ed340,381972964285912,381972964327341,381972987141608,381972987169681
66,"void copy_kernel<double>(double const*, double*) [clone .kd]",2,0,132,1741687,1741687,33554432,1024,0,0,8,0,16,64,0x0,0x7f9ab14ed200,381972987172611,381972987226639,381973441342691,381973441452241
67,"void mul_kernel<double>(double*, double const*) [clone .kd]",2,0,134,1741687,1741687,33554432,1024,0,0,8,0,16,64,0x0,0x7f9ab14ed280,381973441438451,381973441472947,381973848473900,381973848560310
68,"void add_kernel<double>(double const*, double const*, double*) [clone .kd]",2,0,136,1741687,1741687,33554432,1024,0,0,8,0,16,64,0x0,0x7f9ab14ed240,381973848495110,381973848517087,381974080686156,381974080782176
69,"void triad_kernel<double>(double*, double const*, double const*) [clone .kd]",2,0,138,1741687,1741687,33554432,1024,0,0,8,0,16,64,0x0,0x7f9ab14ed2c0,381974080775716,381974080884689,381974274551155,381974274609164
70,"void dot_kernel<double>(double const*, double const*, double*, int) [clone .kd]",2,0,140,1741687,1741687,16777216,1024,8192,0,20,4,32,64,0x0,0x7f9ab14ed340,381974274567605,381974274587635,381974294842858,381974294883222
71,"void copy_kernel<double>(double const*, double*) [clone .kd]",2,0,142,1741687,1741687,33554432,1024,0,0,8,0,16,64,0x0,0x7f9ab14ed200,381974294869531,381974294882308,381974739147146,381974739306126
72,"void mul_kernel<double>(double*, double const*) [clone .kd]",2,0,144,1741687,1741687,33554432,1024,0,0,8,0,16,64,0x0,0x7f9ab14ed280,381974739289836,381974739426904,381975243857894,381975243990344
73,"void add_kernel<double>(double const*, double const*, double*) [clone .kd]",2,0,146,1741687,1741687,33554432,1024,0,0,8,0,16,64,0x0,0x7f9ab14ed240,381975243943205,381975243988662,381975530776352,381975530848442
74,"void triad_kernel<double>(double*, double const*, double const*) [clone .kd]",2,0,148,1741687,1741687,33554432,1024,0,0,8,0,16,64,0x0,0x7f9ab14ed2c0,381975530866612,381975530947417,381975748303665,381975748368975
75,"void dot_kernel<double>(double const*, double const*, double*, int) [clone .kd]",2,0,150,1741687,1741687,16777216,1024,8192,0,20,4,32,64,0x0,0x7f9ab14ed340,381975748368995,381975748460305,381975769210408,381975769250748
76,"void copy_kernel<double>(double const*, double*) [clone .kd]",2,0,152,1741687,1741687,33554432,1024,0,0,8,0,16,64,0x0,0x7f9ab14ed200,381975769263018,381975769324613,381976240601325,381976240707145
77,"void mul_kernel<double>(double*, double const*) [clone .kd]",2,0,154,1741687,1741687,33554432,1024,0,0,8,0,16,64,0x0,0x7f9ab14ed280,381976240689095,381976240732358,381976771142574,381976771302834
78,"void add_kernel<double>(double const*, double const*, double*) [clone .kd]",2,0,156,1741687,1741687,33554432,1024,0,0,8,0,16,64,0x0,0x7f9ab14ed240,381976771249854,381976771306557,381977145953715,381977146056855
79,"void triad_kernel<double>(double*, double const*, double const*) [clone .kd]",2,0,158,1741687,1741687,33554432,1024,0,0,8,0,16,64,0x0,0x7f9ab14ed2c0,381977145986825,381977146016636,381977531246197,381977531352637
80,"void dot_kernel<double>(double const*, double const*, double*, int) [clone .kd]",2,0,160,1741687,1741687,16777216,1024,8192,0,20,4,32,64,0x0,0x7f9ab14ed340,381977531376987,381977531473237,381977553891502,381977553923929
81,"void copy_kernel<double>(double const*, double*) [clone .kd]",2,0,162,1741687,1741687,33554432,1024,0,0,8,0,16,64,0x0,0x7f9ab14ed200,381977553926169,381977553989682,381977992607470,381977992755560
82,"void mul_kernel<double>(double*, double const*) [clone .kd]",2,0,164,1741687,1741687,33554432,1024,0,0,8,0,16,64,0x0,0x7f9ab14ed280,381977992679190,381977992708344,381978529970884,381978530084554
83,"void add_kernel<double>(double const*, double const*, double*) [clone .kd]",2,0,166,1741687,1741687,33554432,1024,0,0,8,0,16,64,0x0,0x7f9ab14ed240,381978530063944,381978530098853,381978834234878,381978834301518
84,"void triad_kernel<double>(double*, double const*, double const*) [clone .kd]",2,0,168,1741687,1741687,33554432,1024,0,0,8,0,16,64,0x0,0x7f9ab14ed2c0,381978834268009,381978834286654,381979024621109,381979024691999
85,"void dot_kernel<double>(double const*, double const*, double*, int) [clone .kd]",2,0,170,1741687,1741687,16777216,1024,8192,0,20,4,32,64,0x0,0x7f9ab14ed340,381979024637130,381979024650549,381979067288677,381979067356769
86,"void copy_kernel<double>(double const*, double*) [clone .kd]",2,0,172,1741687,1741687,33554432,1024,0,0,8,0,16,64,0x0,0x7f9ab14ed200,381979067348869,381979067374684,381979536305941,381979536462541
87,"void mul_kernel<double>(double*, double const*) [clone .kd]",2,0,174,1741687,1741687,33554432,1024,0,0,8,0,16,64,0x0,0x7f9ab14ed280,381979536352422,381979536375549,381980062043662,381980062195112
88,"void add_kernel<double>(double const*, double const*, double*) [clone .kd]",2,0,176,1741687,1741687,33554432,1024,0,0,8,0,16,64,0x0,0x7f9ab14ed240,381980062167762,381980062209469,381980432146684,381980432273554
89,"void triad_kernel<double>(double*, double const*, double const*) [clone .kd]",2,0,178,1741687,1741687,33554432,1024,0,0,8,0,16,64,0x0,0x7f9ab14ed2c0,381980432179855,381980432203352,381980824475790,381980824611260
90,"void dot_kernel<double>(double const*, double const*, double*, int) [clone .kd]",2,0,180,1741687,1741687,16777216,1024,8192,0,20,4,32,64,0x0,0x7f9ab14ed340,381980824607930,381980824760590,381980846990375,381980847027573
91,"void copy_kernel<double>(double const*, double*) [clone .kd]",2,0,182,1741687,1741687,33554432,1024,0,0,8,0,16,64,0x0,0x7f9ab14ed200,381980847027843,381980847093246,381981288901913,381981289085522
92,"void mul_kernel<double>(double*, double const*) [clone .kd]",2,0,184,1741687,1741687,33554432,1024,0,0,8,0,16,64,0x0,0x7f9ab14ed280,381981288948173,381981288973398,381981840110817,381981840235576
93,"void add_kernel<double>(double const*, double const*, double*) [clone .kd]",2,0,186,1741687,1741687,33554432,1024,0,0,8,0,16,64,0x0,0x7f9ab14ed240,381981840218626,381981840258842,381982208366770,381982208461661
94,"void triad_kernel<double>(double*, double const*, double const*) [clone .kd]",2,0,188,1741687,1741687,33554432,1024,0,0,8,0,16,64,0x0,0x7f9ab14ed2c0,381982208407651,381982208435365,381982596443474,381982596534774
95,"void dot_kernel<double>(double const*, double const*, double*, int) [clone .kd]",2,0,190,1741687,1741687,16777216,1024,8192,0,20,4,32,64,0x0,0x7f9ab14ed340,381982596514975,381982596553234,381982619202699,381982619251295
96,"void copy_kernel<double>(double const*, double*) [clone .kd]",2,0,192,1741687,1741687,33554432,1024,0,0,8,0,16,64,0x0,0x7f9ab14ed200,381982619231926,381982619249227,381983059736754,381983059881834
97,"void mul_kernel<double>(double*, double const*) [clone .kd]",2,0,194,1741687,1741687,33554432,1024,0,0,8,0,16,64,0x0,0x7f9ab14ed280,381983059795485,381983059828681,381983569554519,381983569706029
98,"void add_kernel<double>(double const*, double const*, double*) [clone .kd]",2,0,196,1741687,1741687,33554432,1024,0,0,8,0,16,64,0x0,0x7f9ab14ed240,381983569685150,381983569729778,381983932091141,381983932201191
99,"void triad_kernel<double>(double*, double const*, double const*) [clone .kd]",2,0,198,1741687,1741687,33554432,1024,0,0,8,0,16,64,0x0,0x7f9ab14ed2c0,381983932108252,381983932132336,381984319075322,381984319216932
100,"void dot_kernel<double>(double const*, double const*, double*, int) [clone .kd]",2,0,200,1741687,1741687,16777216,1024,8192,0,20,4,32,64,0x0,0x7f9ab14ed340,381984319225682,381984319347482,381984342200787,381984342238341
101,"void copy_kernel<double>(double const*, double*) [clone .kd]",2,0,202,1741687,1741687,33554432,1024,0,0,8,0,16,64,0x0,0x7f9ab14ed200,381984342233491,381984342246107,381984774936661,381984775039121
102,"void mul_kernel<double>(double*, double const*) [clone .kd]",2,0,204,1741687,1741687,33554432,1024,0,0,8,0,16,64,0x0,0x7f9ab14ed280,381984774970962,381984775007939,381985319630767,381985319766547
103,"void add_kernel<double>(double const*, double const*, double*) [clone .kd]",2,0,206,1741687,1741687,33554432,1024,0,0,8,0,16,64,0x0,0x7f9ab14ed240,381985319723497,381985319774207,381985692821489,381985692925069
104,"void triad_kernel<double>(double*, double const*, double const*) [clone .kd]",2,0,208,1741687,1741687,33554432,1024,0,0,8,0,16,64,0x0,0x7f9ab14ed2c0,381985692863519,381985692885072,381986085449173,381986085549643
105,"void dot_kernel<double>(double const*, double const*, double*, int) [clone .kd]",2,0,210,1741687,1741687,16777216,1024,8192,0,20,4,32,64,0x0,0x7f9ab14ed340,381986085537123,381986085662933,381986108383757,381986108430913
106,"void copy_kernel<double>(double const*, double*) [clone .kd]",2,0,212,1741687,1741687,33554432,1024,0,0,8,0,16,64,0x0,0x7f9ab14ed200,381986108414083,381986108432521,381986542300655,381986542418525
107,"void mul_kernel<double>(double*, double const*) [clone .kd]",2,0,214,1741687,1741687,33554432,1024,0,0,8,0,16,64,0x0,0x7f9ab14ed280,381986542355395,381986542382002,381987054030517,381987054179017
108,"void add_kernel<double>(double const*, double const*, double*) [clone .kd]",2,0,216,1741687,1741687,33554432,1024,0,0,8,0,16,64,0x0,0x7f9ab14ed240,381987054161437,381987054299543,381987418859898,381987418941498
109,"void triad_kernel<double>(double*, double const*, double const*) [clone .kd]",2,0,218,1741687,1741687,33554432,1024,0,0,8,0,16,64,0x0,0x7f9ab14ed2c0,381987418898198,381987418932442,381987805665448,381987805789588
110,"void dot_kernel<double>(double const*, double const*, double*, int) [clone .kd]",2,0,220,1741687,1741687,16777216,1024,8192,0,20,4,32,64,0x0,0x7f9ab14ed340,381987805796858,381987805916968,381987828338589,381987828382243
111,"void copy_kernel<double>(double const*, double*) [clone .kd]",2,0,222,1741687,1741687,33554432,1024,0,0,8,0,16,64,0x0,0x7f9ab14ed200,381987828379333,381987828459185,381988260573661,381988260679471
112,"void mul_kernel<double>(double*, double const*) [clone .kd]",2,0,224,1741687,1741687,33554432,1024,0,0,8,0,16,64,0x0,0x7f9ab14ed280,381988260676441,381988260805004,381988797525625,381988797671325
113,"void add_kernel<double>(double const*, double const*, double*) [clone .kd]",2,0,226,1741687,1741687,33554432,1024,0,0,8,0,16,64,0x0,0x7f9ab14ed240,381988797629225,381988797681323,381989024823913,381989024895253
114,"void triad_kernel<double>(double*, double const*, double const*) [clone .kd]",2,0,228,1741687,1741687,33554432,1024,0,0,8,0,16,64,0x0,0x7f9ab14ed2c0,381989024851534,381989024866636,381989235018968,381989235096628
115,"void dot_kernel<double>(double const*, double const*, double*, int) [clone .kd]",2,0,230,1741687,1741687,16777216,1024,8192,0,20,4,32,64,0x0,0x7f9ab14ed340,381989235041419,381989235054808,381989255861705,381989255896529
116,"void copy_kernel<double>(double const*, double*) [clone .kd]",2,0,232,1741687,1741687,33554432,1024,0,0,8,0,16,64,0x0,0x7f9ab14ed200,381989255891869,381989255901581,381989575923115,381989575998625
117,"void mul_kernel<double>(double*, double const*) [clone .kd]",2,0,234,1741687,1741687,33554432,1024,0,0,8,0,16,64,0x0,0x7f9ab14ed280,381989575947326,381989575963904,381989994055594,381989994298594
118,"void add_kernel<double>(double const*, double const*, double*) [clone .kd]",2,0,236,1741687,1741687,33554432,1024,0,0,8,0,16,64,0x0,0x7f9ab14ed240,381989994136175,381989994286087,381990369625252,381990369761863
119,"void triad_kernel<double>(double*, double const*, double const*) [clone .kd]",2,0,238,1741687,1741687,33554432,1024,0,0,8,0,16,64,0x0,0x7f9ab14ed2c0,381990369660463,381990369681937,381990645685020,381990645787000
120,"void dot_kernel<double>(double const*, double const*, double*, int) [clone .kd]",2,0,240,1741687,1741687,16777216,1024,8192,0,20,4,32,64,0x0,0x7f9ab14ed340,381990645705450,381990645721180,381990675642001,381990675712371
121,"void copy_kernel<double>(double const*, double*) [clone .kd]",2,0,242,1741687,1741687,33554432,1024,0,0,8,0,16,64,0x0,0x7f9ab14ed200,381990675714211,381990675806067,381991111367179,381991111511509
122,"void mul_kernel<double>(double*, double const*) [clone .kd]",2,0,244,1741687,1741687,33554432,1024,0,0,8,0,16,64,0x0,0x7f9ab14ed280,381991111400770,381991111430981,381991463844175,381991463929635
123,"void add_kernel<double>(double const*, double const*, double*) [clone .kd]",2,0,246,1741687,1741687,33554432,1024,0,0,8,0,16,64,0x0,0x7f9ab14ed240,381991463863206,381991463876718,381991655628359,381991655689829
124,"void triad_kernel<double>(double*, double const*, double const*) [clone .kd]",2,0,248,1741687,1741687,33554432,1024,0,0,8,0,16,64,0x0,0x7f9ab14ed2c0,381991655642489,381991655655252,381992020500595,381992020622575
125,"void dot_kernel<double>(double const*, double const*, double*, int) [clone .kd]",2,0,250,1741687,1741687,16777216,1024,8192,0,20,4,32,64,0x0,0x7f9ab14ed340,381992020629446,381992020751475,381992043696289,381992043759249
126,"void copy_kernel<double>(double const*, double*) [clone .kd]",2,0,252,1741687,1741687,33554432,1024,0,0,8,0,16,64,0x0,0x7f9ab14ed200,381992043731489,381992043749618,381992477159293,381992477302413
127,"void mul_kernel<double>(double*, double const*) [clone .kd]",2,0,254,1741687,1741687,33554432,1024,0,0,8,0,16,64,0x0,0x7f9ab14ed280,381992477213234,381992477234589,381993014998045,381993015085996
128,"void add_kernel<double>(double const*, double const*, double*) [clone .kd]",2,0,256,1741687,1741687,33554432,1024,0,0,8,0,16,64,0x0,0x7f9ab14ed240,381993015086925,381993015194629,381993393222150,381993393322140
129,"void triad_kernel<double>(double*, double const*, double const*) [clone .kd]",2,0,258,1741687,1741687,33554432,1024,0,0,8,0,16,64,0x0,0x7f9ab14ed2c0,381993393270501,381993393294390,381993703412751,381993703492761
130,"void dot_kernel<double>(double const*, double const*, double*, int) [clone .kd]",2,0,260,1741687,1741687,16777216,1024,8192,0,20,4,32,64,0x0,0x7f9ab14ed340,381993703434472,381993703447631,381993724329559,381993724384648
131,"void copy_kernel<double>(double const*, double*) [clone .kd]",2,0,262,1741687,1741687,33554432,1024,0,0,8,0,16,64,0x0,0x7f9ab14ed200,381993724356178,381993724366964,381994187666324,381994187809754
132,"void mul_kernel<double>(double*, double const*) [clone .kd]",2,0,264,1741687,1741687,33554432,1024,0,0,8,0,16,64,0x0,0x7f9ab14ed280,381994187755914,381994187802654,381994703895286,381994704077916
133,"void add_kernel<double>(double const*, double const*, double*) [clone .kd]",2,0,266,1741687,1741687,33554432,1024,0,0,8,0,16,64,0x0,0x7f9ab14ed240,381994703946687,381994703968407,381995081886263,381995082038173
134,"void triad_kernel<double>(double*, double const*, double const*) [clone .kd]",2,0,268,1741687,1741687,33554432,1024,0,0,8,0,16,64,0x0,0x7f9ab14ed2c0,381995082020933,381995082175232,381995454101872,381995454231682
135,"void dot_kernel<double>(double const*, double const*, double*, int) [clone .kd]",2,0,270,1741687,1741687,16777216,1024,8192,0,20,4,32,64,0x0,0x7f9ab14ed340,381995454131963,381995454157872,381995476331796,381995476395736
136,"void copy_kernel<double>(double const*, double*) [clone .kd]",2,0,272,1741687,1741687,33554432,1024,0,0,8,0,16,64,0x0,0x7f9ab14ed200,381995476358446,381995476370368,381995911741319,381995911888909
137,"void mul_kernel<double>(double*, double const*) [clone .kd]",2,0,274,1741687,1741687,33554432,1024,0,0,8,0,16,64,0x0,0x7f9ab14ed280,381995911784280,381995911803535,381996448457353,381996448622713
138,"void add_kernel<double>(double const*, double const*, double*) [clone .kd]",2,0,276,1741687,1741687,33554432,1024,0,0,8,0,16,64,0x0,0x7f9ab14ed240,381996448594013,381996448645279,381996823573631,381996823714621
139,"void triad_kernel<double>(double*, double const*, double const*) [clone .kd]",2,0,278,1741687,1741687,33554432,1024,0,0,8,0,16,64,0x0,0x7f9ab14ed2c0,381996823641592,381996823671179,381997186241912,381997186371492
140,"void dot_kernel<double>(double const*, double const*, double*, int) [clone .kd]",2,0,280,1741687,1741687,16777216,1024,8192,0,20,4,32,64,0x0,0x7f9ab14ed340,381997186289173,381997186306392,381997209039032,381997209093089
141,"void copy_kernel<double>(double const*, double*) [clone .kd]",2,0,282,1741687,1741687,33554432,1024,0,0,8,0,16,64,0x0,0x7f9ab14ed200,381997209068770,381997209080645,381997670625925,381997670763454
142,"void mul_kernel<double>(double*, double const*) [clone .kd]",2,0,284,1741687,1741687,33554432,1024,0,0,8,0,16,64,0x0,0x7f9ab14ed280,381997670709054,381997670754644,381998189808856,381998189920855
143,"void add_kernel<double>(double const*, double const*, double*) [clone .kd]",2,0,286,1741687,1741687,33554432,1024,0,0,8,0,16,64,0x0,0x7f9ab14ed240,381998189842846,381998189864902,381998375940250,381998376052029
144,"void triad_kernel<double>(double*, double const*, double const*) [clone .kd]",2,0,288,1741687,1741687,33554432,1024,0,0,8,0,16,64,0x0,0x7f9ab14ed2c0,381998375965030,381998375978170,381998577270312,381998577360391
145,"void dot_kernel<double>(double const*, double const*, double*, int) [clone .kd]",2,0,290,1741687,1741687,16777216,1024,8192,0,20,4,32,64,0x0,0x7f9ab14ed340,381998577295212,381998577310312,381998598264229,381998598328728
146,"void copy_kernel<double>(double const*, double*) [clone .kd]",2,0,292,1741687,1741687,33554432,1024,0,0,8,0,16,64,0x0,0x7f9ab14ed200,381998598289758,381998598300899,381999051659881,381999051777900
147,"void mul_kernel<double>(double*, double const*) [clone .kd]",2,0,294,1741687,1741687,33554432,1024,0,0,8,0,16,64,0x0,0x7f9ab14ed280,381999051723500,381999051766412,381999581297840,381999581435509
148,"void add_kernel<double>(double const*, double const*, double*) [clone .kd]",2,0,296,1741687,1741687,33554432,1024,0,0,8,0,16,64,0x0,0x7f9ab14ed240,381999581337960,381999581356133,381999957558936,381999957662615
149,"void triad_kernel<double>(double*, double const*, double const*) [clone .kd]",2,0,298,1741687,1741687,33554432,1024,0,0,8,0,16,64,0x0,0x7f9ab14ed2c0,381999957590015,381999957609453,382000232950507,382000233076706
150,"void dot_kernel<double>(double const*, double const*, double*, int) [clone .kd]",2,0,300,1741687,1741687,16777216,1024,8192,0,20,4,32,64,0x0,0x7f9ab14ed340,382000233054287,382000233086665,382000253972900,382000254023183
151,"void copy_kernel<double>(double const*, double*) [clone .kd]",2,0,302,1741687,1741687,33554432,1024,0,0,8,0,16,64,0x0,0x7f9ab14ed200,382000254005423,382000254026829,382000537335590,382000537427809
152,"void mul_kernel<double>(double*, double const*) [clone .kd]",2,0,304,1741687,1741687,33554432,1024,0,0,8,0,16,64,0x0,0x7f9ab14ed280,382000537353840,382000537369633,382000865430980,382000865521369
153,"void add_kernel<double>(double const*, double const*, double*) [clone .kd]",2,0,306,1741687,1741687,33554432,1024,0,0,8,0,16,64,0x0,0x7f9ab14ed240,382000865450629,382000865465404,382001077744064,382001077853893
154,"void triad_kernel<double>(double*, double const*, double const*) [clone .kd]",2,0,308,1741687,1741687,33554432,1024,0,0,8,0,16,64,0x0,0x7f9ab14ed2c0,382001077768604,382001077784952,382001268147133,382001268213602
155,"void dot_kernel<double>(double const*, double const*, double*, int) [clone .kd]",2,0,310,1741687,1741687,16777216,1024,8192,0,20,4,32,64,0x0,0x7f9ab14ed340,382001268164163,382001268179133,382001287676405,382001287725664
156,"void copy_kernel<double>(double const*, double*) [clone .kd]",2,0,312,1741687,1741687,33554432,1024,0,0,8,0,16,64,0x0,0x7f9ab14ed200,382001287702234,382001287713846,382001600204940,382001600350349
157,"void mul_kernel<double>(double*, double const*) [clone .kd]",2,0,314,1741687,1741687,33554432,1024,0,0,8,0,16,64,0x0,0x7f9ab14ed280,382001600331669,382001600379333,382002116380263,382002116501932
158,"void add_kernel<double>(double const*, double const*, double*) [clone .kd]",2,0,316,1741687,1741687,33554432,1024,0,0,8,0,16,64,0x0,0x7f9ab14ed240,382002116414403,382002116436429,382002335895861,382002335979240
159,"void triad_kernel<double>(double*, double const*, double const*) [clone .kd]",2,0,318,1741687,1741687,33554432,1024,0,0,8,0,16,64,0x0,0x7f9ab14ed2c0,382002335920301,382002335932903,382002519967707,382002520054676
160,"void dot_kernel<double>(double const*, double const*, double*, int) [clone .kd]",2,0,320,1741687,1741687,16777216,1024,8192,0,20,4,32,64,0x0,0x7f9ab14ed340,382002519992097,382002520005627,382002539582417,382002539644167
161,"void copy_kernel<double>(double const*, double*) [clone .kd]",2,0,322,1741687,1741687,33554432,1024,0,0,8,0,16,64,0x0,0x7f9ab14ed200,382002539610778,382002539622015,382003024238277,382003024369206
162,"void mul_kernel<double>(double*, double const*) [clone .kd]",2,0,324,1741687,1741687,33554432,1024,0,0,8,0,16,64,0x0,0x7f9ab14ed280,382003024348146,382003024384753,382003540952024,382003541086033
163,"void add_kernel<double>(double const*, double const*, double*) [clone .kd]",2,0,326,1741687,1741687,33554432,1024,0,0,8,0,16,64,0x0,0x7f9ab14ed240,382003541013164,382003541034749,382003922223356,382003922349515
164,"void triad_kernel<double>(double*, double const*, double const*) [clone .kd]",2,0,328,1741687,1741687,33554432,1024,0,0,8,0,16,64,0x0,0x7f9ab14ed2c0,382003922273426,382003922294676,382004292174479,382004292317068
165,"void dot_kernel<double>(double const*, double const*, double*, int) [clone .kd]",2,0,330,1741687,1741687,16777216,1024,8192,0,20,4,32,64,0x0,0x7f9ab14ed340,382004292232869,382004292251919,382004314519266,382004314584250
166,"void copy_kernel<double>(double const*, double*) [clone .kd]",2,0,332,1741687,1741687,33554432,1024,0,0,8,0,16,64,0x0,0x7f9ab14ed200,382004314547601,382004314561870,382004798897593,382004799058281
167,"void mul_kernel<double>(double*, double const*) [clone .kd]",2,0,334,1741687,1741687,33554432,1024,0,0,8,0,16,64,0x0,0x7f9ab14ed280,382004798997382,382004799054172,382005306005392,382005306146421
168,"void add_kernel<double>(double const*, double const*, double*) [clone .kd]",2,0,336,1741687,1741687,33554432,1024,0,0,8,0,16,64,0x0,0x7f9ab14ed240,382005306043312,382005306061814,382005490106019,382005490164938
169,"void triad_kernel<double>(double*, double const*, double const*) [clone .kd]",2,0,338,1741687,1741687,33554432,1024,0,0,8,0,16,64,0x0,0x7f9ab14ed2c0,382005490119888,382005490133326,382005685728562,382005685791141
170,"void dot_kernel<double>(double const*, double const*, double*, int) [clone .kd]",2,0,340,1741687,1741687,16777216,1024,8192,0,20,4,32,64,0x0,0x7f9ab14ed340,382005685742541,382005685756242,382005706379587,382005706410721
171,"void copy_kernel<double>(double const*, double*) [clone .kd]",2,0,342,1741687,1741687,33554432,1024,0,0,8,0,16,64,0x0,0x7f9ab14ed200,382005706405311,382005706417347,382006168253363,382006168421982
172,"void mul_kernel<double>(double*, double const*) [clone .kd]",2,0,344,1741687,1741687,33554432,1024,0,0,8,0,16,64,0x0,0x7f9ab14ed280,382006168394252,382006168429811,382006695081122,382006695243401
173,"void add_kernel<double>(double const*, double const*, double*) [clone .kd]",2,0,346,1741687,1741687,33554432,1024,0,0,8,0,16,64,0x0,0x7f9ab14ed240,382006695138002,382006695162152,382007070032122,382007070141001
174,"void triad_kernel<double>(double*, double const*, double const*) [clone .kd]",2,0,348,1741687,1741687,33554432,1024,0,0,8,0,16,64,0x0,0x7f9ab14ed2c0,382007070061972,382007070079931,382007479197067,382007479310176
175,"void dot_kernel<double>(double const*, double const*, double*, int) [clone .kd]",2,0,350,1741687,1741687,16777216,1024,8192,0,20,4,32,64,0x0,0x7f9ab14ed340,382007479328745,382007479441225,382007501986329,382007502022313
176,"void copy_kernel<double>(double const*, double*) [clone .kd]",2,0,352,1741687,1741687,33554432,1024,0,0,8,0,16,64,0x0,0x7f9ab14ed200,382007502023813,382007502079847,382007784489230,382007784574209
177,"void mul_kernel<double>(double*, double const*) [clone .kd]",2,0,354,1741687,1741687,33554432,1024,0,0,8,0,16,64,0x0,0x7f9ab14ed280,382007784514880,382007784534533,382008065474312,382008065565611
178,"void add_kernel<double>(double const*, double const*, double*) [clone .kd]",2,0,356,1741687,1741687,33554432,1024,0,0,8,0,16,64,0x0,0x7f9ab14ed240,382008065492462,382008065506575,382008260733939,382008260822168
179,"void triad_kernel<double>(double*, double const*, double const*) [clone .kd]",2,0,358,1741687,1741687,33554432,1024,0,0,8,0,16,64,0x0,0x7f9ab14ed2c0,382008260761428,382008260776476,382008453638081,382008453733240
180,"void dot_kernel<double>(double const*, double const*, double*, int) [clone .kd]",2,0,360,1741687,1741687,16777216,1024,8192,0,20,4,32,64,0x0,0x7f9ab14ed340,382008453665600,382008453680161,382008474341903,382008474402979
181,"void copy_kernel<double>(double const*, double*) [clone .kd]",2,0,362,1741687,1741687,33554432,1024,0,0,8,0,16,64,0x0,0x7f9ab14ed200,382008474366939,382008474378355,382008755319882,382008755410831
182,"void mul_kernel<double>(double*, double const*) [clone .kd]",2,0,364,1741687,1741687,33554432,1024,0,0,8,0,16,64,0x0,0x7f9ab14ed280,382008755341131,382008755357348,382009087665226,382009087769255
183,"void add_kernel<double>(double const*, double const*, double*) [clone .kd]",2,0,366,1741687,1741687,33554432,1024,0,0,8,0,16,64,0x0,0x7f9ab14ed240,382009087733245,382009087769775,382009289657601,382009289745120
184,"void triad_kernel<double>(double*, double const*, double const*) [clone .kd]",2,0,368,1741687,1741687,33554432,1024,0,0,8,0,16,64,0x0,0x7f9ab14ed2c0,382009289676821,382009289691733,382009483521963,382009483612752
185,"void dot_kernel<double>(double const*, double const*, double*, int) [clone .kd]",2,0,370,1741687,1741687,16777216,1024,8192,0,20,4,32,64,0x0,0x7f9ab14ed340,382009483539182,382009483554603,382009504162423,382009504200692
186,"void copy_kernel<double>(double const*, double*) [clone .kd]",2,0,372,1741687,1741687,33554432,1024,0,0,8,0,16,64,0x0,0x7f9ab14ed200,382009504189922,382009504204960,382009774519288,382009774613537
187,"void mul_kernel<double>(double*, double const*) [clone .kd]",2,0,374,1741687,1741687,33554432,1024,0,0,8,0,16,64,0x0,0x7f9ab14ed280,382009774537298,382009774553032,382010074283000,382010074386229
188,"void add_kernel<double>(double const*, double const*, double*) [clone .kd]",2,0,376,1741687,1741687,33554432,1024,0,0,8,0,16,64,0x0,0x7f9ab14ed240,382010074312549,382010074329715,382010274864570,382010274949819
189,"void triad_kernel<double>(double*, double const*, double const*) [clone .kd]",2,0,378,1741687,1741687,33554432,1024,0,0,8,0,16,64,0x0,0x7f9ab14ed2c0,382010274882670,382010274896900,382010543791210,382010543888280
190,"void dot_kernel<double>(double const*, double const*, double*, int) [clone .kd]",2,0,380,1741687,1741687,16777216,1024,8192,0,20,4,32,64,0x0,0x7f9ab14ed340,382010543843520,382010543879210,382010563398550,382010563443071
191,"void copy_kernel<double>(double const*, double*) [clone .kd]",2,0,382,1741687,1741687,33554432,1024,0,0,8,0,16,64,0x0,0x7f9ab14ed200,382010563427251,382010563442205,382010942816242,382010943085481
192,"void mul_kernel<double>(double*, double const*) [clone .kd]",2,0,384,1741687,1741687,33554432,1024,0,0,8,0,16,64,0x0,0x7f9ab14ed280,382010942893112,382010942923829,382011307566512,382011307651121
193,"void add_kernel<double>(double const*, double const*, double*) [clone .kd]",2,0,386,1741687,1741687,33554432,1024,0,0,8,0,16,64,0x0,0x7f9ab14ed240,382011307584701,382011307600731,382011493547748,382011493624917
194,"void triad_kernel<double>(double*, double const*, double const*) [clone .kd]",2,0,388,1741687,1741687,33554432,1024,0,0,8,0,16,64,0x0,0x7f9ab14ed2c0,382011493560547,382011493574142,382011721485756,382011721547045
195,"void dot_kernel<double>(double const*, double const*, double*, int) [clone .kd]",2,0,390,1741687,1741687,16777216,1024,8192,0,20,4,32,64,0x0,0x7f9ab14ed340,382011721506145,382011721522396,382011742738533,382011742773478
196,"void copy_kernel<double>(double const*, double*) [clone .kd]",2,0,392,1741687,1741687,33554432,1024,0,0,8,0,16,64,0x0,0x7f9ab14ed200,382011742764659,382011742777252,382012058364771,382012058498470
197,"void mul_kernel<double>(double*, double const*) [clone .kd]",2,0,394,1741687,1741687,33554432,1024,0,0,8,0,16,64,0x0,0x7f9ab14ed280,382012058471520,382012058501958,382012457387305,382012457462644
198,"void add_kernel<double>(double const*, double const*, double*) [clone .kd]",2,0,396,1741687,1741687,33554432,1024,0,0,8,0,16,64,0x0,0x7f9ab14ed240,382012457420044,382012457441714,382012681852040,382012681914119
199,"void triad_kernel<double>(double*, double const*, double const*) [clone .kd]",2,0,398,1741687,1741687,33554432,1024,0,0,8,0,16,64,0x0,0x7f9ab14ed2c0,382012681874109,382012681889588,382012877405223,382012877505102
200,"void dot_kernel<double>(double const*, double const*, double*, int) [clone .kd]",2,0,400,1741687,1741687,16777216,1024,8192,0,20,4,32,64,0x0,0x7f9ab14ed340,382012877440183,382012877458823,382012899437838,382012899471408
201,"void copy_kernel<double>(double const*, double*) [clone .kd]",2,0,402,1741687,1741687,33554432,1024,0,0,8,0,16,64,0x0,0x7f9ab14ed200,382012899464818,382012899477203,382013175031948,382013175095887
202,"void mul_kernel<double>(double*, double const*) [clone .kd]",2,0,404,1741687,1741687,33554432,1024,0,0,8,0,16,64,0x0,0x7f9ab14ed280,382013175050317,382013175065325,382013459018458,382013459101317
203,"void add_kernel<double>(double const*, double const*, double*) [clone .kd]",2,0,406,1741687,1741687,33554432,1024,0,0,8,0,16,64,0x0,0x7f9ab14ed240,382013459046407,382013459061184,382013688015334,382013688127223
204,"void triad_kernel<double>(double*, double const*, double const*) [clone .kd]",2,0,408,1741687,1741687,33554432,1024,0,0,8,0,16,64,0x0,0x7f9ab14ed2c0,382013688140163,382013688246728,382013891510824,382013891588193
205,"void dot_kernel<double>(double const*, double const*, double*, int) [clone .kd]",2,0,410,1741687,1741687,16777216,1024,8192,0,20,4,32,64,0x0,0x7f9ab14ed340,382013891555243,382013891574024,382013913318799,382013913356540
206,"void copy_kernel<double>(double const*, double*) [clone .kd]",2,0,412,1741687,1741687,33554432,1024,0,0,8,0,16,64,0x0,0x7f9ab14ed200,382013913349900,382013913363558,382014206288995,382014206406884
207,"void mul_kernel<double>(double*, double const*) [clone .kd]",2,0,414,1741687,1741687,33554432,1024,0,0,8,0,16,64,0x0,0x7f9ab14ed280,382014206377564,382014206426481,382014533904030,382014533991149
208,"void add_kernel<double>(double const*, double const*, double*) [clone .kd]",2,0,416,1741687,1741687,33554432,1024,0,0,8,0,16,64,0x0,0x7f9ab14ed240,382014533936869,382014533956716,382014749580949,382014749658978
209,"void triad_kernel<double>(double*, double const*, double const*) [clone .kd]",2,0,418,1741687,1741687,33554432,1024,0,0,8,0,16,64,0x0,0x7f9ab14ed2c0,382014749594818,382014749609423,382014970856368,382014970912377
210,"void dot_kernel<double>(double const*, double const*, double*, int) [clone .kd]",2,0,420,1741687,1741687,16777216,1024,8192,0,20,4,32,64,0x0,0x7f9ab14ed340,382014970884108,382014970907088,382014991578103,382014991606656
211,"void copy_kernel<double>(double const*, double*) [clone .kd]",2,0,422,1741687,1741687,33554432,1024,0,0,8,0,16,64,0x0,0x7f9ab14ed200,382014991607316,382014991661486,382015304370720,382015304430289
212,"void mul_kernel<double>(double*, double const*) [clone .kd]",2,0,424,1741687,1741687,33554432,1024,0,0,8,0,16,64,0x0,0x7f9ab14ed280,382015304430729,382015304520716,382015605349639,382015605438787
213,"void add_kernel<double>(double const*, double const*, double*) [clone .kd]",2,0,426,1741687,1741687,33554432,1024,0,0,8,0,16,64,0x0,0x7f9ab14ed240,382015605373298,382015605393684,382015849451154,382015849559103
214,"void triad_kernel<double>(double*, double const*, double const*) [clone .kd]",2,0,428,1741687,1741687,33554432,1024,0,0,8,0,16,64,0x0,0x7f9ab14ed2c0,382015849475614,382015849490728,382016054081841,382016054169700
215,"void dot_kernel<double>(double const*, double const*, double*, int) [clone .kd]",2,0,430,1741687,1741687,16777216,1024,8192,0,20,4,32,64,0x0,0x7f9ab14ed340,382016054121920,382016054131441,382016074762615,382016074786450
216,"void copy_kernel<double>(double const*, double*) [clone .kd]",2,0,432,1741687,1741687,33554432,1024,0,0,8,0,16,64,0x0,0x7f9ab14ed200,382016074788750,382016074837730,382016391296863,382016391359313
217,"void mul_kernel<double>(double*, double const*) [clone .kd]",2,0,434,1741687,1741687,33554432,1024,0,0,8,0,16,64,0x0,0x7f9ab14ed280,382016391312373,382016391327799,382016736254093,382016736326982
218,"void add_kernel<double>(double const*, double const*, double*) [clone .kd]",2,0,436,1741687,1741687,33554432,1024,0,0,8,0,16,64,0x0,0x7f9ab14ed240,382016736286632,382016736304775,382016986340305,382016986415224
219,"void triad_kernel<double>(double*, double const*, double const*) [clone .kd]",2,0,438,1741687,1741687,33554432,1024,0,0,8,0,16,64,0x0,0x7f9ab14ed2c0,382016986411844,382016986534519,382017352296460,382017352400559
220,"void dot_kernel<double>(double const*, double const*, double*, int) [clone .kd]",2,0,440,1741687,1741687,16777216,1024,8192,0,20,4,32,64,0x0,0x7f9ab14ed340,382017352331790,382017352357580,382017375122830,382017375143697
221,"void copy_kernel<double>(double const*, double*) [clone .kd]",2,0,442,1741687,1741687,33554432,1024,0,0,8,0,16,64,0x0,0x7f9ab14ed200,382017375148896,382017375185033,382017806976009,382017807111408
222,"void mul_kernel<double>(double*, double const*) [clone .kd]",2,0,444,1741687,1741687,33554432,1024,0,0,8,0,16,64,0x0,0x7f9ab14ed280,382017807025829,382017807048075,382018119951670,382018120013629
223,"void add_kernel<double>(double const*, double const*, double*) [clone .kd]",2,0,446,1741687,1741687,33554432,1024,0,0,8,0,16,64,0x0,0x7f9ab14ed240,382018119982940,382018119998417,382018318867598,382018318901947
224,"void triad_kernel<double>(double*, double const*, double const*) [clone .kd]",2,0,448,1741687,1741687,33554432,1024,0,0,8,0,16,64,0x0,0x7f9ab14ed2c0,382018318884097,382018318899231,382018511921379,382018511956248
225,"void dot_kernel<double>(double const*, double const*, double*, int) [clone .kd]",2,0,450,1741687,1741687,16777216,1024,8192,0,20,4,32,64,0x0,0x7f9ab14ed340,382018511938568,382018511952259,382018532472231,382018532489198
226,"void copy_kernel<double>(double const*, double*) [clone .kd]",2,0,452,1741687,1741687,33554432,1024,0,0,8,0,16,64,0x0,0x7f9ab14ed200,382018532497469,382018532520623,382018987815860,382018987924270
227,"void mul_kernel<double>(double*, double const*) [clone .kd]",2,0,454,1741687,1741687,33554432,1024,0,0,8,0,16,64,0x0,0x7f9ab14ed280,382018987940049,382018988061108,382019518852875,382019518940224
228,"void add_kernel<double>(double const*, double const*, double*) [clone .kd]",2,0,456,1741687,1741687,33554432,1024,0,0,8,0,16,64,0x0,0x7f9ab14ed240,382019518931034,382019519061224,382019747779473,382019747855402
229,"void triad_kernel<double>(double*, double const*, double const*) [clone .kd]",2,0,458,1741687,1741687,33554432,1024,0,0,8,0,16,64,0x0,0x7f9ab14ed2c0,382019747810372,382019747837523,382019942425896,382019942490915
230,"void dot_kernel<double>(double const*, double const*, double*, int) [clone .kd]",2,0,460,1741687,1741687,16777216,1024,8192,0,20,4,32,64,0x0,0x7f9ab14ed340,382019942459926,382019942481416,382019963238186,382019963257694
231,"void copy_kernel<double>(double const*, double*) [clone .kd]",2,0,462,1741687,1741687,33554432,1024,0,0,8,0,16,64,0x0,0x7f9ab14ed200,382019963266464,382019963299481,382020409541742,382020409645351
232,"void mul_kernel<double>(double*, double const*) [clone .kd]",2,0,464,1741687,1741687,33554432,1024,0,0,8,0,16,64,0x0,0x7f9ab14ed280,382020409676051,382020409754548,382020931328695,382020931448444
233,"void add_kernel<double>(double const*, double const*, double*) [clone .kd]",2,0,466,1741687,1741687,33554432,1024,0,0,8,0,16,64,0x0,0x7f9ab14ed240,382020931376765,382020931414888,382021298600767,382021298704526
234,"void triad_kernel<double>(double*, double const*, double const*) [clone .kd]",2,0,468,1741687,1741687,33554432,1024,0,0,8,0,16,64,0x0,0x7f9ab14ed2c0,382021298639906,382021298655259,382021668588649,382021668681088
235,"void dot_kernel<double>(double const*, double const*, double*, int) [clone .kd]",2,0,470,1741687,1741687,16777216,1024,8192,0,20,4,32,64,0x0,0x7f9ab14ed340,382021668620399,382021668634889,382021691147975,382021691190618
236,"void copy_kernel<double>(double const*, double*) [clone .kd]",2,0,472,1741687,1741687,33554432,1024,0,0,8,0,16,64,0x0,0x7f9ab14ed200,382021691177248,382021691188630,382021981684529,382021981754658
237,"void mul_kernel<double>(double*, double const*) [clone .kd]",2,0,474,1741687,1741687,33554432,1024,0,0,8,0,16,64,0x0,0x7f9ab14ed280,382021981714449,382021981728565,382022287190359,382022287282809
238,"void add_kernel<double>(double const*, double const*, double*) [clone .kd]",2,0,476,1741687,1741687,33554432,1024,0,0,8,0,16,64,0x0,0x7f9ab14ed240,382022287271449,382022287391920,382022662447696,382022662553025
239,"void triad_kernel<double>(double*, double const*, double const*) [clone .kd]",2,0,478,1741687,1741687,33554432,1024,0,0,8,0,16,64,0x0,0x7f9ab14ed2c0,382022662492615,382022662516521,382023006060650,382023006117179
240,"void dot_kernel<double>(double const*, double const*, double*, int) [clone .kd]",2,0,480,1741687,1741687,16777216,1024,8192,0,20,4,32,64,0x0,0x7f9ab14ed340,382023006087609,382023006103370,382023026429258,382023026457942
241,"void copy_kernel<double>(double const*, double*) [clone .kd]",2,0,482,1741687,1741687,33554432,1024,0,0,8,0,16,64,0x0,0x7f9ab14ed200,382023026455572,382023026468135,382023355819648,382023355903597
242,"void mul_kernel<double>(double*, double const*) [clone .kd]",2,0,484,1741687,1741687,33554432,1024,0,0,8,0,16,64,0x0,0x7f9ab14ed280,382023355835868,382023355850491,382023640627980,382023640686839
243,"void add_kernel<double>(double const*, double const*, double*) [clone .kd]",2,0,486,1741687,1741687,33554432,1024,0,0,8,0,16,64,0x0,0x7f9ab14ed240,382023640641549,382023640655039,382023887792743,382023887846612
244,"void triad_kernel<double>(double*, double const*, double const*) [clone .kd]",2,0,488,1741687,1741687,33554432,1024,0,0,8,0,16,64,0x0,0x7f9ab14ed2c0,382023887806832,382023887819230,382024134283973,382024134382912
245,"void dot_kernel<double>(double const*, double const*, double*, int) [clone .kd]",2,0,490,1741687,1741687,16777216,1024,8192,0,20,4,32,64,0x0,0x7f9ab14ed340,382024134358552,382024134395491,382024156898177,382024156943451
246,"void copy_kernel<double>(double const*, double*) [clone .kd]",2,0,492,1741687,1741687,33554432,1024,0,0,8,0,16,64,0x0,0x7f9ab14ed200,382024156925581,382024156941375,382024449119324,382024449201993
247,"void mul_kernel<double>(double*, double const*) [clone .kd]",2,0,494,1741687,1741687,33554432,1024,0,0,8,0,16,64,0x0,0x7f9ab14ed280,382024449151353,382024449171950,382024773143127,382024773206346
248,"void add_kernel<double>(double const*, double const*, double*) [clone .kd]",2,0,496,1741687,1741687,33554432,1024,0,0,8,0,16,64,0x0,0x7f9ab14ed240,382024773172896,382024773189461,382024997700471,382024997749450
249,"void triad_kernel<double>(double*, double const*, double const*) [clone .kd]",2,0,498,1741687,1741687,33554432,1024,0,0,8,0,16,64,0x0,0x7f9ab14ed2c0,382024997725180,382024997738099,382025273728226,382025273771375
250,"void dot_kernel<double>(double const*, double const*, double*, int) [clone .kd]",2,0,500,1741687,1741687,16777216,1024,8192,0,20,4,32,64,0x0,0x7f9ab14ed340,382025273748046,382025273762146,382025294496672,382025294515994
